owner,type,type_icao,flight_number,dep_airport,dep_airport_iata,dep_airport_city,dep_airport_country,arr_airport,arr_airport_iata,arr_airport_city,arr_airport_country,distance,rough_flight_time,date,time
United Airlines,Boeing 787-9 Dreamliner,B789,UA29,San Francisco International Airport,SFO,San Francisco,United States,Singapore Changi International Airport,SIN,Singapore,Singapore,7333,15.76,2026-11-03,11:24 AM
American Airlines,Boeing 777-223(ER),B772,AA997,Dallas-Fort Worth International Airport,DFW,Dallas-Fort Worth,United States,Ministro Pistarini International Airport,EZE,Ezeiza,Argentina,4608,9.99,2026-07-03,12:59 PM
American Airlines,Boeing 737 MAX 8,B38M,AA932,Nuevo Aeropuerto Internacional Mariscal Sucre,UIO,Quito,Ecuador,Miami International Airport,MIA,Miami,United States,1561,3.53,2026-11-03,02:15 PM
American Airlines,Boeing 737 MAX 8,B38M,AA476,La Aurora Airport,GUA,Guatemala City,Guatemala,Miami International Airport,MIA,Miami,United States,886,2.1,2026-11-03,02:18 PM
American Airlines,Boeing 737 MAX 8,B38M,AA1742,Norman Manley International Airport,KIN,Kingston,Jamaica,Miami International Airport,MIA,Miami,United States,511,1.3,2026-11-03,02:23 PM
Spirit Airlines,Airbus A321-271NX,A21N,NK286,Cancun International Airport,CUN,Cancun,Mexico,Detroit Metro Wayne County Airport,DTW,Detroit,United States,1284,2.94,2026-11-03,03:55 PM
Spirit Airlines,Airbus A321-271NX,A21N,NK2051,Norman Manley International Airport,KIN,Kingston,Jamaica,Fort Lauderdale/Hollywood International Airport,FLL,Fort Lauderdale,United States,523,1.33,2026-11-03,04:53 PM
United Airlines,Boeing 737 MAX 8,B38M,UA1553,Juan Santamaria International Airport,SJO,San Jose,Costa Rica,Los Angeles International Airport,LAX,Los Angeles,United States,2366,5.23,2026-04-03,05:03 PM
Spirit Airlines,Airbus A320-232,A320,NK3160,Luis Munoz Marin International Airport,SJU,San Juan,Puerto Rico,Orlando International Airport,MCO,Orlando,United States,1033,2.41,2026-11-03,05:11 PM
United Airlines,Boeing 787-9 Dreamliner,B789,UA802,Chek Lap Kok International Airport,HKG,Hong Kong,Hong Kong,Los Angeles International Airport,LAX,Los Angeles,United States,6298,13.57,2026-08-03,06:10 PM
American Airlines,Boeing 737 MAX 8,B38M,AA2739,Miami International Airport,MIA,Miami,United States,Hato International Airport,CUR,Willemstad,Curacao,1038,2.42,2026-11-03,06:11 PM
American Airlines,Airbus A321-231,A321,AA2436,Miami International Airport,MIA,Miami,United States,Luis Munoz Marin International Airport,SJU,San Juan,Puerto Rico,908,2.14,2026-11-03,07:14 PM
United Airlines,Boeing 737-924(ER),B739,UA326,George Bush Intcntl/Houston Airport,IAH,Houston,United States,Washington Dulles International Airport,IAD,Washington,United States,1030,2.4,2026-11-03,07:38 PM
United Airlines,Boeing 737 MAX 8,B38M,UA1115,George Bush Intcntl/Houston Airport,IAH,Houston,United States,Harry Reid International Airport,LAS,Las Vegas,United States,1060,2.47,2026-11-03,07:47 PM
United Airlines,Boeing 737-724,B737,UA274,George Bush Intcntl/Houston Airport,IAH,Houston,United States,Baltimore/Washington International Thurgood Marshall Airport,BWI,Baltimore,United States,1072,2.49,2026-11-03,08:10 PM
American Airlines,Boeing 787-8 Dreamliner,B788,AA128,Shanghai Pudong International Airport,PVG,Shanghai,China,Dallas-Fort Worth International Airport,DFW,Dallas-Fort Worth,United States,6376,13.74,2026-05-03,08:11 PM
United Airlines,Boeing 737 MAX 8,B38M,UA657,Orlando International Airport,MCO,Orlando,United States,Newark Liberty International Airport,EWR,Newark,United States,816,1.95,2026-11-03,08:13 PM
United Airlines,Boeing 737 MAX 8,B38M,UA1871,San Francisco International Airport,SFO,San Francisco,United States,Ronald Reagan Washington Ntl Airport,DCA,Washington,United States,2117,4.71,2026-11-03,08:20 PM
United Airlines,Boeing 737 MAX 8,B38M,UA2392,L.F. Wade International International Airport,BDA,Hamilton,Bermuda,Newark Liberty International Airport,EWR,Newark,United States,677,1.65,2026-11-03,08:24 PM
Spirit Airlines,Airbus A320-271N,A20N,NK463,San Antonio International Airport,SAT,San Antonio,United States,Harry Reid International Airport,LAS,Las Vegas,United States,927,2.18,2026-11-03,08:31 PM
United Airlines,Boeing 737-724,B737,UA2213,John Wayne/Orange County Airport,SNA,Santa Ana,United States,Newark Liberty International Airport,EWR,Newark,United States,2110,4.69,2026-11-03,08:42 PM
United Airlines,Boeing 737 MAX 8,B38M,UA1370,San Francisco International Airport,SFO,San Francisco,United States,Tampa International Airport,TPA,Tampa,United States,2076,4.62,2026-11-03,08:45 PM
American Airlines,Boeing 737-823,B738,AA1101,Chicago O'Hare International Airport,ORD,Chicago,United States,Tampa International Airport,TPA,Tampa,United States,881,2.09,2026-11-03,08:53 PM
American Airlines,Boeing 777-223(ER),B772,AA137,London Heathrow Airport,LHR,London,United Kingdom,Los Angeles International Airport,LAX,Los Angeles,United States,4730,10.25,2026-11-03,08:56 PM
United Airlines,Boeing 777-222(ER),B772,UA534,San Francisco International Airport,SFO,San Francisco,United States,Chicago O'Hare International Airport,ORD,Chicago,United States,1600,3.61,2026-11-03,08:58 PM
United Airlines,Boeing 787-9 Dreamliner,B789,UA26,London Heathrow Airport,LHR,London,United Kingdom,Denver International Airport,DEN,Denver,United States,4048,8.8,2026-11-03,09:00 PM
United Airlines,Boeing 787-10 Dreamliner,B78X,UA2403,Newark Liberty International Airport,EWR,Newark,United States,Los Angeles International Airport,LAX,Los Angeles,United States,2128,4.73,2026-04-03,09:02 PM
United Airlines,Boeing 737 MAX 8,B38M,UA1701,Los Angeles International Airport,LAX,Los Angeles,United States,Baltimore/Washington International Thurgood Marshall Airport,BWI,Baltimore,United States,2019,4.5,2026-11-03,09:05 PM
United Airlines,Boeing 777-222(ER),B772,UA1149,San Francisco International Airport,SFO,San Francisco,United States,Newark Liberty International Airport,EWR,Newark,United States,2224,4.93,2026-11-03,09:19 PM
American Airlines,Boeing 737-823,B738,AA157,Felipe Carrillo Puerto International Airport,TQO,Tulum,Mexico,Charlotte/Douglas International Airport,CLT,Charlotte,United States,971,2.28,2026-01-03,09:37 PM
American Airlines,Boeing 737-823,B738,AA708,Hato International Airport,CUR,Willemstad,Curacao,Miami International Airport,MIA,Miami,United States,1038,2.42,2026-11-03,09:42 PM
United Airlines,Airbus A320-232,A320,UA474,Licenciado Benito Juarez International Airport,MEX,Mexico City,Mexico,Chicago O'Hare International Airport,ORD,Chicago,United States,1468,3.33,2026-11-03,09:47 PM
American Airlines,Airbus A321-253NX,A21N,AA186,Cancun International Airport,CUN,Cancun,Mexico,Phoenix Sky Harbor International Airport,PHX,Phoenix,United States,1528,3.46,2026-03-03,09:50 PM
Spirit Airlines,Airbus A320-271N,A20N,NK652,El Eden Airport,AXM,Armenia,Colombia,Fort Lauderdale/Hollywood International Airport,FLL,Fort Lauderdale,United States,1322,3.02,2026-11-03,09:58 PM
United Airlines,Boeing 737 MAX 9,B39M,UA1043,Queen Beatrix International Airport,AUA,Oranjestad,Aruba,Newark Liberty International Airport,EWR,Newark,United States,1707,3.84,2026-03-03,10:02 PM
American Airlines,Airbus A321-231,A321,AA1591,Luis Munoz Marin International Airport,SJU,San Juan,Puerto Rico,Dallas-Fort Worth International Airport,DFW,Dallas-Fort Worth,United States,1880,4.2,2026-11-03,10:03 PM
Spirit Airlines,Airbus A319-132,A319,NK632,Cibao International Airport,STI,Santiago,Dominican Republic,Fort Lauderdale/Hollywood International Airport,FLL,Fort Lauderdale,United States,663,1.62,2026-11-03,10:05 PM
United Airlines,Boeing 737 MAX 9,B39M,UA1034,George Bush Intcntl/Houston Airport,IAH,Houston,United States,Tocumen International Airport,PTY,Tocumen,Panama,1542,3.49,2026-11-03,11:17 PM
United Airlines,Boeing 737 MAX 8,B38M,UA2083,Nuevo Aeropuerto Internacional Mariscal Sucre,UIO,Quito,Ecuador,George Bush Intcntl/Houston Airport,IAH,Houston,United States,2052,4.57,2026-01-04,09:24 AM
Spirit Airlines,Airbus A321-271NX,A21N,NK2166,Luis Munoz Marin International Airport,SJU,San Juan,Puerto Rico,Philadelphia International Airport,PHL,Philadelphia,United States,1373,3.13,2026-11-04,09:27 AM
United Airlines,Boeing 737 MAX 8,B38M,UA209,George Bush Intcntl/Houston Airport,IAH,Houston,United States,El Dorado International Airport,BOG,Bogota,Colombia,1936,4.32,2026-11-04,09:36 AM
American Airlines,Airbus A321-253NX,A21N,AA988,Jorge Chavez International Airport,LIM,Lima,Peru,Miami International Airport,MIA,Miami,United States,2278,5.05,2026-11-04,09:37 AM
American Airlines,Boeing 777-223(ER),B772,AA973,John F Kennedy International Airport,JFK,New York,United States,Galeao - Antonio Carlos Jobim International Airport,GIG,Rio De Janeiro,Brazil,4174,9.07,2026-11-04,09:42 AM
United Airlines,Boeing 767-322(ER),B763,UA855,Jorge Chavez International Airport,LIM,Lima,Peru,George Bush Intcntl/Houston Airport,IAH,Houston,United States,2734,6.02,2026-11-04,09:51 AM
American Airlines,Boeing 787-8 Dreamliner,B788,AA940,Comodoro Arturo Merino Benitez International Airport,SCL,Santiago,Chile,Dallas-Fort Worth International Airport,DFW,Dallas-Fort Worth,United States,4247,9.22,2026-11-04,10:05 AM
American Airlines,Boeing 787-8 Dreamliner,B788,AA945,Dallas-Fort Worth International Airport,DFW,Dallas-Fort Worth,United States,Comodoro Arturo Merino Benitez International Airport,SCL,Santiago,Chile,4247,9.22,2026-11-04,10:07 AM
American Airlines,Boeing 737 MAX 8,B38M,AA1126,El Dorado International Airport,BOG,Bogota,Colombia,Miami International Airport,MIA,Miami,United States,1315,3.01,2026-11-04,10:14 AM
United Airlines,Boeing 777-300(ER),B77W,UA869,San Francisco International Airport,SFO,San Francisco,United States,Chek Lap Kok International Airport,HKG,Hong Kong,Hong Kong,6009,12.96,2026-11-04,10:22 AM
American Airlines,Boeing 777-323(ER),B77W,AA929,Miami International Airport,MIA,Miami,United States,Guarulhos - Governador Andre Franco Montoro International Airport,GRU,Sao Paulo,Brazil,3550,7.75,2026-08-04,10:27 AM
Spirit Airlines,Airbus A321-271NX,A21N,NK1140,Simon Bolivar International Airport,GYE,Guayaquil,Ecuador,Fort Lauderdale/Hollywood International Airport,FLL,Fort Lauderdale,United States,1695,3.81,2026-11-04,10:54 AM
American Airlines,Boeing 787-8 Dreamliner,B788,AA979,Miami International Airport,MIA,Miami,United States,Ministro Pistarini International Airport,EZE,Ezeiza,Argentina,3844,8.37,2026-11-04,12:40 PM
American Airlines,Boeing 777-323(ER),B77W,AA953,John F Kennedy International Airport,JFK,New York,United States,Ministro Pistarini International Airport,EZE,Ezeiza,Argentina,4608,9.99,2026-11-04,12:45 PM
United Airlines,Boeing 777-224(ER),B772,UA149,Newark Liberty International Airport,EWR,Newark,United States,Guarulhos - Governador Andre Franco Montoro International Airport,GRU,Sao Paulo,Brazil,4149,9.01,2026-11-04,12:46 PM
Spirit Airlines,Airbus A319-132,A319,NK1050,Fort Lauderdale/Hollywood International Airport,FLL,Fort Lauderdale,United States,Pensacola International Airport,PNS,Pensacola,United States,456,1.19,2026-11-04,12:56 PM
American Airlines,Airbus A321-253NX,A21N,AA2500,Miami International Airport,MIA,Miami,United States,Dallas-Fort Worth International Airport,DFW,Dallas-Fort Worth,United States,973,2.28,2026-11-04,01:03 PM
United Airlines,Boeing 737-824,B738,UA721,George Bush Intcntl/Houston Airport,IAH,Houston,United States,General Edward Lawrence Logan International Airport,BOS,Boston,United States,1386,3.16,2026-11-04,01:56 PM
Spirit Airlines,Airbus A320-271N,A20N,NK3643,Cancun International Airport,CUN,Cancun,Mexico,Orlando International Airport,MCO,Orlando,United States,538,1.36,2026-11-04,03:17 PM
United Airlines,Boeing 737-924(ER),B739,UA2345,Denver International Airport,DEN,Denver,United States,Newark Liberty International Airport,EWR,Newark,United States,1391,3.17,2026-02-04,03:34 PM
United Airlines,Boeing 737 MAX 8,B38M,UA598,Philadelphia International Airport,PHL,Philadelphia,United States,Denver International Airport,DEN,Denver,United States,1350,3.08,2026-11-04,03:35 PM
American Airlines,Boeing 737-823,B738,AA575,Dallas-Fort Worth International Airport,DFW,Dallas-Fort Worth,United States,Laguardia Airport,LGA,New York,United States,1205,2.77,2026-11-04,03:38 PM
United Airlines,Boeing 787-8 Dreamliner,B788,UA1116,Washington Dulles International Airport,IAD,Washington,United States,San Francisco International Airport,SFO,San Francisco,United States,2095,4.66,2026-11-04,03:42 PM
American Airlines,Boeing 737 MAX 8,B38M,AA1251,Ronald Reagan Washington Ntl Airport,DCA,Washington,United States,Harry Reid International Airport,LAS,Las Vegas,United States,1811,4.06,2026-11-04,03:54 PM
American Airlines,Boeing 787-8 Dreamliner,B788,AA93,Zurich Airport,ZRH,Zurich,Switzerland,Philadelphia International Airport,PHL,Philadelphia,United States,3488,7.61,2026-05-04,03:56 PM
United Airlines,Boeing 757-224,B752,UA1998,Newark Liberty International Airport,EWR,Newark,United States,San Francisco International Airport,SFO,San Francisco,United States,2224,4.93,2026-11-04,04:00 PM
United Airlines,Boeing 757-224,B752,UA37,Edinburgh Airport,EDI,Edinburgh,United Kingdom,Newark Liberty International Airport,EWR,Newark,United States,2832,6.22,2026-08-04,04:01 PM
United Airlines,Boeing 777-222(ER),B772,UA71,Amsterdam Airport Schiphol,AMS,Amsterdam,Netherlands,Newark Liberty International Airport,EWR,Newark,United States,3169,6.94,2026-11-04,04:03 PM
United Airlines,Boeing 787-10 Dreamliner,B78X,UA2445,Newark Liberty International Airport,EWR,Newark,United States,Los Angeles International Airport,LAX,Los Angeles,United States,2128,4.73,2026-11-04,04:07 PM
United Airlines,Boeing 737-824,B738,UA1241,Tulsa International Airport,TUL,Tulsa,United States,Denver International Airport,DEN,Denver,United States,470,1.22,2026-11-04,04:08 PM
United Airlines,Boeing 737 MAX 8,B38M,UA2153,Cleveland-Hopkins International Airport,CLE,Cleveland,United States,San Francisco International Airport,SFO,San Francisco,United States,1873,4.19,2026-03-04,04:09 PM
United Airlines,Boeing 737-824,B738,UA2367,Pittsburgh International Airport,PIT,Pittsburgh,United States,San Francisco International Airport,SFO,San Francisco,United States,1954,4.36,2026-11-04,04:13 PM
United Airlines,Boeing 737-7V3,B737,UA2338,Minneapolis-St Paul International/Wold-Chamberlain Airport,MSP,Minneapolis,United States,George Bush Intcntl/Houston Airport,IAH,Houston,United States,900,2.13,2026-04-04,04:15 PM
American Airlines,Airbus A319-112,A319,AA1881,St Louis Lambert International Airport,STL,St Louis,United States,Los Angeles International Airport,LAX,Los Angeles,United States,1381,3.15,2026-11-04,04:15 PM
American Airlines,Boeing 737-823,B738,AA2953,Miami International Airport,MIA,Miami,United States,Chicago O'Hare International Airport,ORD,Chicago,United States,1042,2.43,2026-11-04,04:18 PM
United Airlines,Boeing 777-224(ER),B772,UA1082,Newark Liberty International Airport,EWR,Newark,United States,San Francisco International Airport,SFO,San Francisco,United States,2224,4.93,2026-11-04,04:21 PM
Spirit Airlines,Airbus A320-271N,A20N,NK1025,Baltimore/Washington International Thurgood Marshall Airport,BWI,Baltimore,United States,Cancun International Airport,CUN,Cancun,Mexico,1209,2.78,2026-11-04,04:25 PM
United Airlines,Boeing 767-322(ER),B763,UA905,London Heathrow Airport,LHR,London,United Kingdom,Newark Liberty International Airport,EWR,Newark,United States,3003,6.59,2026-11-04,04:38 PM
United Airlines,Boeing 777-224(ER),B772,UA618,Newark Liberty International Airport,EWR,Newark,United States,San Francisco International Airport,SFO,San Francisco,United States,2224,4.93,2026-11-04,04:38 PM
American Airlines,Boeing 737 MAX 8,B38M,AA1490,Chicago O'Hare International Airport,ORD,Chicago,United States,Harry Reid International Airport,LAS,Las Vegas,United States,1313,3,2026-11-04,04:41 PM
United Airlines,Airbus A319-132,A319,UA1102,Seattle-Tacoma International Airport,SEA,Seattle,United States,San Francisco International Airport,SFO,San Francisco,United States,590,1.47,2026-11-04,04:42 PM
United Airlines,Boeing 787-9 Dreamliner,B789,UA525,Newark Liberty International Airport,EWR,Newark,United States,San Francisco International Airport,SFO,San Francisco,United States,2224,4.93,2026-11-04,04:52 PM
American Airlines,Boeing 737-823,B738,AA1636,Chicago O'Hare International Airport,ORD,Chicago,United States,George Bush Intcntl/Houston Airport,IAH,Houston,United States,805,1.93,2026-11-04,04:54 PM
United Airlines,Boeing 757-224,B752,UA311,General Edward Lawrence Logan International Airport,BOS,Boston,United States,Los Angeles International Airport,LAX,Los Angeles,United States,2264,5.02,2026-01-04,05:07 PM
American Airlines,Boeing 737-823,B738,AA1668,Los Angeles International Airport,LAX,Los Angeles,United States,Phoenix Sky Harbor International Airport,PHX,Phoenix,United States,321,0.9,2026-11-04,05:25 PM
American Airlines,Airbus A319-132,A319,AA2813,Ronald Reagan Washington Ntl Airport,DCA,Washington,United States,General Edward Lawrence Logan International Airport,BOS,Boston,United States,346,0.95,2026-11-04,05:29 PM
Spirit Airlines,Airbus A320-271N,A20N,NK1142,Fort Lauderdale/Hollywood International Airport,FLL,Fort Lauderdale,United States,Phoenix Sky Harbor International Airport,PHX,Phoenix,United States,1711,3.85,2026-11-04,05:34 PM
Spirit Airlines,Airbus A321-231,A321,NK2057,Louis Armstrong New Orleans International Airport,MSY,New Orleans,United States,Fort Lauderdale/Hollywood International Airport,FLL,Fort Lauderdale,United States,585,1.46,2026-11-04,05:48 PM
American Airlines,Boeing 787-9 Dreamliner,B789,AA7,Dallas-Fort Worth International Airport,DFW,Dallas-Fort Worth,United States,Brisbane International Airport,BNE,Brisbane,Australia,7216,15.52,2026-11-04,05:51 PM
United Airlines,Boeing 767-322(ER),B763,UA12,Zurich Airport,ZRH,Zurich,Switzerland,Chicago O'Hare International Airport,ORD,Chicago,United States,3850,8.38,2026-11-04,05:56 PM
American Airlines,Airbus A319-112,A319,AA2349,Palm Beach International Airport,PBI,West Palm Beach,United States,Ronald Reagan Washington Ntl Airport,DCA,Washington,United States,747,1.8,2026-11-04,06:08 PM
Spirit Airlines,Airbus A320-271N,A20N,NK952,Toussaint Louverture International Airport,PAP,Port-au-Prince,Haiti,Fort Lauderdale/Hollywood International Airport,FLL,Fort Lauderdale,United States,626,1.55,2026-11-04,06:20 PM
American Airlines,Boeing 737-823,B738,AA2128,Phoenix Sky Harbor International Airport,PHX,Phoenix,United States,Los Cabos International Airport,SJD,San Jose del Cabo,Mexico,629,1.55,2026-07-04,06:21 PM
United Airlines,Boeing 737-724,B737,UA1821,George Bush Intcntl/Houston Airport,IAH,Houston,United States,Detroit Metro Wayne County Airport,DTW,Detroit,United States,935,2.2,2026-11-04,06:32 PM
United Airlines,Airbus A319-131,A319,UA2111,Denver International Airport,DEN,Denver,United States,Memphis International Airport,MEM,Memphis,United States,757,1.82,2026-11-04,06:40 PM
American Airlines,Boeing 787-8 Dreamliner,B788,AA741,Madrid Barajas International Airport,MAD,Madrid,Spain,Philadelphia International Airport,PHL,Philadelphia,United States,3191,6.98,2026-02-04,06:45 PM
United Airlines,Airbus A319-132,A319,UA2204,Newark Liberty International Airport,EWR,Newark,United States,Austin-Bergstrom International Airport,AUS,Austin,United States,1305,2.99,2026-02-04,06:54 PM
United Airlines,Boeing 737 MAX 8,B38M,UA2105,George Bush Intcntl/Houston Airport,IAH,Houston,United States,Miami International Airport,MIA,Miami,United States,837,1.99,2026-11-04,06:56 PM
United Airlines,Boeing 737-824,B738,UA1708,Denver International Airport,DEN,Denver,United States,Licenciado Gustavo Diaz Ordaz International Airport,PVR,Puerto Vallarta,Mexico,1152,2.66,2026-11-04,07:00 PM
United Airlines,Airbus A319-131,A319,UA2193,Denver International Airport,DEN,Denver,United States,Jackson Hole Airport,JAC,Jackson,United States,353,0.97,2026-11-04,07:01 PM
American Airlines,Boeing 737-823,B738,AA819,Toussaint Louverture International Airport,PAP,Port-au-Prince,Haiti,Miami International Airport,MIA,Miami,United States,620,1.53,2026-11-06,03:27 PM
United Airlines,Airbus A320-232,A320,UA820,Licenciado Benito Juarez International Airport,MEX,Mexico City,Mexico,San Francisco International Airport,SFO,San Francisco,United States,1635,3.69,2026-02-06,04:04 PM
American Airlines,Boeing 737 MAX 8,B38M,AA505,Miami International Airport,MIA,Miami,United States,Licenciado Benito Juarez International Airport,MEX,Mexico City,Mexico,1107,2.57,2026-11-06,05:49 PM
American Airlines,Boeing 737 MAX 8,B38M,AA1400,Miami International Airport,MIA,Miami,United States,Norman Manley International Airport,KIN,Kingston,Jamaica,511,1.3,2026-11-06,06:20 PM
American Airlines,Boeing 737 MAX 8,B38M,AA343,Miami International Airport,MIA,Miami,United States,La Aurora Airport,GUA,Guatemala City,Guatemala,886,2.1,2026-02-06,07:02 PM
American Airlines,Airbus A319-132,A319,AA2957,Miami International Airport,MIA,Miami,United States,Tocumen International Airport,PTY,Tocumen,Panama,1005,2.35,2026-11-06,07:06 PM
Spirit Airlines,Airbus A320-271N,A20N,NK353,Fort Lauderdale/Hollywood International Airport,FLL,Fort Lauderdale,United States,Henry E Rohlsen Airport,STX,Christiansted,Virgin Islands Us,991,2.32,2026-11-06,07:18 PM
United Airlines,Boeing 777-322(ER),B77W,UA863,San Francisco International Airport,SFO,San Francisco,United States,Sydney Kingsford Smith International Airport,SYD,Sydney,Australia,6452,13.9,2026-11-06,07:48 PM
American Airlines,Boeing 737-823,B738,AA2852,Dallas-Fort Worth International Airport,DFW,Dallas-Fort Worth,United States,Sangster International Airport,MBJ,Montego Bay,Jamaica,1344,3.07,2026-11-06,07:59 PM
United Airlines,Boeing 737 MAX 9,B39M,UA1039,Queen Beatrix International Airport,AUA,Oranjestad,Aruba,Newark Liberty International Airport,EWR,Newark,United States,1707,3.84,2026-11-06,08:05 PM
American Airlines,Airbus A321-231,A321,AA1068,Cancun International Airport,CUN,Cancun,Mexico,Dallas-Fort Worth International Airport,DFW,Dallas-Fort Worth,United States,895,2.12,2026-11-06,08:11 PM
Spirit Airlines,Airbus A320-271N,A20N,NK1152,Luis Munoz Marin International Airport,SJU,San Juan,Puerto Rico,George Bush Intcntl/Houston Airport,IAH,Houston,United States,1743,3.91,2026-07-06,08:14 PM
American Airlines,Boeing 737-823,B738,AA1547,Dallas-Fort Worth International Airport,DFW,Dallas-Fort Worth,United States,Cancun International Airport,CUN,Cancun,Mexico,895,2.12,2026-11-06,08:20 PM
American Airlines,Boeing 737 MAX 8,B38M,AA1512,Cheddi Jagan International Airport,GEO,Georgetown,Guyana,Miami International Airport,MIA,Miami,United States,1714,3.85,2026-11-06,08:25 PM
American Airlines,Boeing 737-823,B738,AA163,Dallas-Fort Worth International Airport,DFW,Dallas-Fort Worth,United States,Felipe Carrillo Puerto International Airport,TQO,Tulum,Mexico,914,2.16,2026-11-06,08:32 PM
American Airlines,Boeing 737 MAX 8,B38M,AA1053,Dallas-Fort Worth International Airport,DFW,Dallas-Fort Worth,United States,Juan Santamaria International Airport,SJO,San Jose,Costa Rica,1547,3.5,2026-11-06,08:33 PM
United Airlines,Boeing 737-824,B738,UA1632,George Bush Intcntl/Houston Airport,IAH,Houston,United States,La Aurora Airport,GUA,Guatemala City,Guatemala,962,2.26,2026-11-06,08:47 PM
United Airlines,Boeing 737-724,B737,UA1880,Princess Juliana International Airport,SXM,Saint Martin,Netherlands,Newark Liberty International Airport,EWR,Newark,United States,1475,3.35,2026-11-06,08:54 PM
United Airlines,Boeing 787-9 Dreamliner,B789,UA839,Los Angeles International Airport,LAX,Los Angeles,United States,Sydney Kingsford Smith International Airport,SYD,Sydney,Australia,6512,14.02,2026-11-06,09:01 PM
American Airlines,Boeing 737-823,B738,AA476,Juan Santamaria International Airport,SJO,San Jose,Costa Rica,Dallas-Fort Worth International Airport,DFW,Dallas-Fort Worth,United States,1547,3.5,2026-11-06,09:16 PM
United Airlines,Boeing 737-724,B737,UA2347,Key West International Airport,EYW,Key West,United States,Chicago O'Hare International Airport,ORD,Chicago,United States,1090,2.53,2026-11-06,10:15 PM
American Airlines,Boeing 737-823,B738,AA872,Queen Beatrix International Airport,AUA,Oranjestad,Aruba,Charlotte/Douglas International Airport,CLT,Charlotte,United States,1487,3.37,2026-11-06,10:22 PM
American Airlines,Boeing 737-823,B738,AA2580,Miami International Airport,MIA,Miami,United States,Charlotte/Douglas International Airport,CLT,Charlotte,United States,567,1.42,2026-11-06,10:25 PM
American Airlines,Boeing 737-823,B738,AA510,Queen Beatrix International Airport,AUA,Oranjestad,Aruba,Miami International Airport,MIA,Miami,United States,987,2.31,2026-11-06,10:45 PM
United Airlines,Boeing 777-222(ER),B772,UA1136,Cancun International Airport,CUN,Cancun,Mexico,Denver International Airport,DEN,Denver,United States,1452,3.3,2026-11-06,10:59 PM
Spirit Airlines,Airbus A320-271N,A20N,NK402,Alfonso Bonilla Aragon International Airport,CLO,Cali,Colombia,Fort Lauderdale/Hollywood International Airport,FLL,Fort Lauderdale,United States,1370,3.12,2026-11-06,11:02 PM
American Airlines,Boeing 737 MAX 8,B38M,AA1800,Hato International Airport,CUR,Willemstad,Curacao,Miami International Airport,MIA,Miami,United States,1038,2.42,2026-11-06,11:23 PM
American Airlines,Airbus A319-112,A319,AA3034,Augusto C. Sandino (Managua) International Airport,MGA,Managua,Nicaragua,Miami International Airport,MIA,Miami,United States,885,2.1,2026-11-06,11:56 PM
United Airlines,Boeing 787-9 Dreamliner,B789,UA61,Melbourne International Airport,MEL,Melbourne,Australia,San Francisco International Airport,SFO,San Francisco,United States,6832,14.7,2026-11-07,02:06 AM
United Airlines,Boeing 737-824,B738,UA1608,Miami International Airport,MIA,Miami,United States,San Francisco International Airport,SFO,San Francisco,United States,2243,4.97,2026-11-07,02:08 AM
United Airlines,Boeing 737-824,B738,UA33,Mactan Cebu International Airport,CEB,Lapu-Lapu City,Philippines,Narita International Airport,NRT,Tokyo,Japan,1771,3.97,2026-11-07,05:33 AM
American Airlines,Boeing 737-823,B738,AA585,John F Kennedy International Airport,JFK,New York,United States,Sir Grantley Adams International Airport,BGI,Bridgetown,Barbados,1818,4.07,2026-11-07,04:26 PM
Spirit Airlines,Airbus A320-232,A320,NK1309,Orlando International Airport,MCO,Orlando,United States,Juan Santamaria International Airport,SJO,San Jose,Costa Rica,1119,2.59,2026-11-07,04:47 PM
United Airlines,Boeing 737 MAX 8,B38M,UA269,El Dorado International Airport,BOG,Bogota,Colombia,Newark Liberty International Airport,EWR,Newark,United States,2161,4.8,2026-03-07,05:11 PM
Spirit Airlines,Airbus A320-271N,A20N,NK1921,Orlando International Airport,MCO,Orlando,United States,El Dorado International Airport,BOG,Bogota,Colombia,1482,3.36,2026-11-07,05:29 PM
American Airlines,Boeing 737-823,B738,AA1089,Miami International Airport,MIA,Miami,United States,Sir Grantley Adams International Airport,BGI,Bridgetown,Barbados,1400,3.19,2026-11-07,05:42 PM
United Airlines,Boeing 737-824,B738,UA184,Ninoy Aquino International Airport,MNL,Manila,Philippines,Guam International Airport,GUM,Guam,Guam,1386,3.16,2026-11-07,06:25 PM
American Airlines,Airbus A321-253NX,A21N,AA1102,Cancun International Airport,CUN,Cancun,Mexico,Miami International Airport,MIA,Miami,United States,462,1.2,2026-11-07,06:56 PM
American Airlines,Boeing 737 MAX 8,B38M,AA3152,Miami International Airport,MIA,Miami,United States,Los Angeles International Airport,LAX,Los Angeles,United States,2032,4.53,2026-11-07,07:11 PM
Spirit Airlines,Airbus A320-271N,A20N,NK1647,Luis Munoz Marin International Airport,SJU,San Juan,Puerto Rico,Louis Armstrong New Orleans International Airport,MSY,New Orleans,United States,1494,3.39,2026-03-07,07:39 PM
American Airlines,Boeing 737-823,B738,AA3222,Hewanorra International Airport,UVF,Vieux Fort,Saint Lucia,Miami International Airport,MIA,Miami,United States,1308,2.99,2026-11-07,07:43 PM
United Airlines,Boeing 737 MAX 9,B39M,UA727,Tocumen International Airport,PTY,Tocumen,Panama,Newark Liberty International Airport,EWR,Newark,United States,1919,4.29,2026-11-07,07:49 PM
United Airlines,Boeing 737 MAX 8,B38M,UA1589,Juan Santamaria International Airport,SJO,San Jose,Costa Rica,George Bush Intcntl/Houston Airport,IAH,Houston,United States,1353,3.09,2026-11-07,08:00 PM
American Airlines,Airbus A319-132,A319,AA3261,Miami International Airport,MIA,Miami,United States,Jacksonville International Airport,JAX,Jacksonville,United States,292,0.84,2026-11-07,08:03 PM
American Airlines,Boeing 737 MAX 8,B38M,AA1537,V.C. Bird International Airport,ANU,St. George,Antigua And Barbuda,Miami International Airport,MIA,Miami,United States,1155,2.67,2026-11-07,08:04 PM
United Airlines,Boeing 737 MAX 8,B38M,UA1798,George Bush Intcntl/Houston Airport,IAH,Houston,United States,Phoenix Sky Harbor International Airport,PHX,Phoenix,United States,875,2.07,2026-11-07,08:21 PM
Spirit Airlines,Airbus A320-271N,A20N,NK514,La Aurora Airport,GUA,Guatemala City,Guatemala,Orlando International Airport,MCO,Orlando,United States,977,2.29,2026-11-07,08:31 PM
Spirit Airlines,Airbus A320-271N,A20N,NK3708,Luis Munoz Marin International Airport,SJU,San Juan,Puerto Rico,Dallas-Fort Worth International Airport,DFW,Dallas-Fort Worth,United States,1880,4.2,2026-11-07,08:38 PM
United Airlines,Boeing 737 MAX 8,B38M,UA1530,Cyril E King Airport,STT,Charlotte Amalie,Virgin Islands Us,Newark Liberty International Airport,EWR,Newark,United States,1424,3.24,2026-11-07,08:39 PM
American Airlines,Boeing 737 MAX 8,B38M,AA888,Simon Bolivar International Airport,GYE,Guayaquil,Ecuador,Miami International Airport,MIA,Miami,United States,1678,3.78,2026-11-07,09:01 PM
Spirit Airlines,Airbus A320-271N,A20N,NK1040,Fort Lauderdale/Hollywood International Airport,FLL,Fort Lauderdale,United States,St Louis Lambert International Airport,STL,St Louis,United States,919,2.17,2026-07-07,09:04 PM
Spirit Airlines,Airbus A321-271NX,A21N,NK1856,Orlando International Airport,MCO,Orlando,United States,Kansas City International Airport,MCI,Kansas City,United States,932,2.19,2026-11-07,09:29 PM
United Airlines,Boeing 737 MAX 8,B38M,UA1306,Washington Dulles International Airport,IAD,Washington,United States,Southwest Florida International Airport,RSW,Fort Myers,United States,775,1.86,2026-11-07,09:35 PM
Spirit Airlines,Airbus A321-231,A321,NK946,Rafael Nunez International Airport,CTG,Cartagena,Colombia,Fort Lauderdale/Hollywood International Airport,FLL,Fort Lauderdale,United States,975,2.29,2026-11-07,10:02 PM
American Airlines,Boeing 787-9 Dreamliner,B789,AA167,John F Kennedy International Airport,JFK,New York,United States,Tokyo International Airport,HND,Tokyo,Japan,5872,12.67,2026-02-08,02:15 AM
United Airlines,Boeing 777-224(ER),B772,UA875,San Francisco International Airport,SFO,San Francisco,United States,Tokyo International Airport,HND,Tokyo,Japan,4474,9.7,2026-11-08,02:28 AM
American Airlines,Boeing 787-9 Dreamliner,B789,AA293,Indira Gandhi International Airport,DEL,New Delhi,India,John F Kennedy International Airport,JFK,New York,United States,6347,13.67,2026-11-08,03:48 AM
American Airlines,Boeing 787-8 Dreamliner,B788,AA27,Los Angeles International Airport,LAX,Los Angeles,United States,Tokyo International Airport,HND,Tokyo,Japan,4758,10.31,2026-05-08,04:28 AM
United Airlines,Boeing 777-222(ER),B772,UA837,San Francisco International Airport,SFO,San Francisco,United States,Narita International Airport,NRT,Tokyo,Japan,4443,9.64,2026-11-08,04:43 AM
American Airlines,Boeing 787-8 Dreamliner,B788,AA127,Dallas-Fort Worth International Airport,DFW,Dallas-Fort Worth,United States,Shanghai Pudong International Airport,PVG,Shanghai,China,6376,13.74,2026-11-08,05:53 AM
United Airlines,Boeing 787-9 Dreamliner,B789,UA83,Indira Gandhi International Airport,DEL,New Delhi,India,Newark Liberty International Airport,EWR,Newark,United States,6352,13.69,2026-11-08,06:58 AM
United Airlines,Boeing 777-224(ER),B772,UA876,Tokyo International Airport,HND,Tokyo,Japan,San Francisco International Airport,SFO,San Francisco,United States,4474,9.7,2026-11-08,08:07 AM
China United Airlines,Boeing 737-89P,B738,KN2909,Wenzhou Yongqiang Airport,WNZ,Wenzhou,China,Sanya Phoenix International Airport,SYX,Sanya,China,855,2.03,2026-11-08,08:21 AM
United Airlines,Boeing 777-222(ER),B772,UA78,Narita International Airport,NRT,Tokyo,Japan,Newark Liberty International Airport,EWR,Newark,United States,5837,12.59,2026-05-08,08:41 AM
United Airlines,Boeing 787-9 Dreamliner,B789,UA801,Los Angeles International Airport,LAX,Los Angeles,United States,Chek Lap Kok International Airport,HKG,Hong Kong,Hong Kong,6298,13.57,2026-07-08,08:49 AM
China United Airlines,Boeing 737-89P,B738,KN5852,Shenzhen Bao'an International Airport,SZX,Shenzhen,China,Beijing Daxing International Airport,PKX,Beijing,China,1021,2.38,2026-11-08,12:44 PM
United Airlines,Boeing 737-824,B738,UA183,Guam International Airport,GUM,Guam,Guam,Ninoy Aquino International Airport,MNL,Manila,Philippines,1386,3.16,2026-11-08,12:45 PM
China United Airlines,Boeing 737-89P,B738,KN2352,Sanya Phoenix International Airport,SYX,Sanya,China,Shijiazhuang Daguocun International Airport,SJW,Shijiazhuang,China,1231,2.83,2026-11-08,02:24 PM
United Airlines,Boeing 757-224,B752,UA249,Tenerife South Airport,TFS,Tenerife Island,Spain,Newark Liberty International Airport,EWR,Newark,United States,2900,6.37,2026-11-08,04:13 PM
American Airlines,Boeing 777-323(ER),B77W,AA73,Los Angeles International Airport,LAX,Los Angeles,United States,Sydney Kingsford Smith International Airport,SYD,Sydney,Australia,6512,14.02,2026-11-08,07:15 PM
United Airlines,Boeing 737-824,B738,UA156,Ninoy Aquino International Airport,MNL,Manila,Philippines,Guam International Airport,GUM,Guam,Guam,1386,3.16,2026-11-08,07:23 PM
United Airlines,Boeing 777-322(ER),B77W,UA189,San Francisco International Airport,SFO,San Francisco,United States,Ninoy Aquino International Airport,MNL,Manila,Philippines,6063,13.07,2026-11-08,07:46 PM
United Airlines,Boeing 777-224(ER),B772,UA96,San Francisco International Airport,SFO,San Francisco,United States,Brisbane International Airport,BNE,Brisbane,Australia,6144,13.24,2026-11-08,09:00 PM
United Airlines,Boeing 787-9 Dreamliner,B789,UA98,Los Angeles International Airport,LAX,Los Angeles,United States,Melbourne International Airport,MEL,Melbourne,Australia,6889,14.82,2026-11-08,09:04 PM
American Airlines,Airbus A321-253N,A21N,AA1546,Point Salines International Airport,GND,Saint George's,Grenada,Miami International Airport,MIA,Miami,United States,1335,3.05,2026-11-08,09:53 PM
American Airlines,Boeing 737-823,B738,AA1788,Juan Santamaria International Airport,SJO,San Jose,Costa Rica,Miami International Airport,MIA,Miami,United States,975,2.29,2026-11-08,10:01 PM
Spirit Airlines,Airbus A321-271NX,A21N,NK784,Punta Cana International Airport,PUJ,Punta Cana,Dominican Republic,Fort Lauderdale/Hollywood International Airport,FLL,Fort Lauderdale,United States,794,1.9,2026-11-08,10:02 PM
United Airlines,Boeing 737-924(ER),B739,UA1206,Sangster International Airport,MBJ,Montego Bay,Jamaica,Newark Liberty International Airport,EWR,Newark,United States,1346,3.07,2026-11-08,10:17 PM
United Airlines,Airbus A320-232,A320,UA1271,San Francisco International Airport,SFO,San Francisco,United States,Licenciado Benito Juarez International Airport,MEX,Mexico City,Mexico,1635,3.69,2026-11-08,10:21 PM
American Airlines,Boeing 737-823,B738,AA1614,Punta Cana International Airport,PUJ,Punta Cana,Dominican Republic,Miami International Airport,MIA,Miami,United States,792,1.9,2026-11-08,10:25 PM
Spirit Airlines,Airbus A320-232,A320,NK101,Princess Juliana International Airport,SXM,Saint Martin,Netherlands,Fort Lauderdale/Hollywood International Airport,FLL,Fort Lauderdale,United States,1062,2.47,2026-11-08,10:25 PM
American Airlines,Airbus A321-231,A321,AA1116,Cancun International Airport,CUN,Cancun,Mexico,Philadelphia International Airport,PHL,Philadelphia,United States,1279,2.93,2026-02-08,10:30 PM
American Airlines,Boeing 737 MAX 8,B38M,AA2703,Piarco International Airport,POS,Port of Spain,Trinidad And Tobago,Miami International Airport,MIA,Miami,United States,1411,3.21,2026-11-08,10:34 PM
United Airlines,Boeing 787-9 Dreamliner,B789,UA187,O. R. Tambo International Airport,JNB,Johannesburg,South Africa,Newark Liberty International Airport,EWR,Newark,United States,6946,14.94,2026-11-08,10:41 PM
American Airlines,Boeing 737 MAX 8,B38M,AA916,El Dorado International Airport,BOG,Bogota,Colombia,Miami International Airport,MIA,Miami,United States,1315,3.01,2026-11-08,10:43 PM
American Airlines,Boeing 737 MAX 8,B38M,AA1825,Cyril E King Airport,STT,Charlotte Amalie,Virgin Islands Us,Miami International Airport,MIA,Miami,United States,962,2.26,2026-11-08,10:47 PM
American Airlines,Boeing 737-823,B738,AA2168,Rafael Nunez International Airport,CTG,Cartagena,Colombia,Miami International Airport,MIA,Miami,United States,961,2.26,2026-11-08,10:52 PM
United Airlines,Boeing 787-9 Dreamliner,B789,UA60,San Francisco International Airport,SFO,San Francisco,United States,Melbourne International Airport,MEL,Melbourne,Australia,6832,14.7,2026-11-08,10:56 PM
Spirit Airlines,Airbus A320-271N,A20N,NK400,El Dorado International Airport,BOG,Bogota,Colombia,Fort Lauderdale/Hollywood International Airport,FLL,Fort Lauderdale,United States,1329,3.04,2026-11-08,11:12 PM
Spirit Airlines,Airbus A321-271NX,A21N,NK2164,Punta Cana International Airport,PUJ,Punta Cana,Dominican Republic,Philadelphia International Airport,PHL,Philadelphia,United States,1328,3.03,2026-11-08,11:13 PM
American Airlines,Boeing 737 MAX 8,B38M,AA1128,Jose Maria Cordova International Airport,MDE,Rionegro,Colombia,Miami International Airport,MIA,Miami,United States,1211,2.79,2026-01-08,11:20 PM
United Airlines,Boeing 737 MAX 9,B39M,UA1132,Cancun International Airport,CUN,Cancun,Mexico,Denver International Airport,DEN,Denver,United States,1452,3.3,2026-11-08,11:22 PM
American Airlines,Boeing 737-823,B738,AA2700,V.C. Bird International Airport,ANU,St. George,Antigua And Barbuda,Miami International Airport,MIA,Miami,United States,1155,2.67,2026-11-08,11:29 PM
United Airlines,Boeing 737 MAX 9,B39M,UA1275,Cancun International Airport,CUN,Cancun,Mexico,Los Angeles International Airport,LAX,Los Angeles,United States,1839,4.12,2026-11-08,11:42 PM
American Airlines,Boeing 737 MAX 8,B38M,AA2694,Cheddi Jagan International Airport,GEO,Georgetown,Guyana,John F Kennedy International Airport,JFK,New York,United States,2213,4.91,2026-11-08,11:45 PM
United Airlines,Boeing 787-9 Dreamliner,B789,UA842,Sydney Kingsford Smith International Airport,SYD,Sydney,Australia,Los Angeles International Airport,LAX,Los Angeles,United States,6512,14.02,2026-11-09,12:13 AM
United Airlines,Boeing 737 MAX 8,B38M,UA1099,Juan Santamaria International Airport,SJO,San Jose,Costa Rica,George Bush Intcntl/Houston Airport,IAH,Houston,United States,1353,3.09,2026-11-09,12:17 AM
American Airlines,Airbus A321-253NX,A21N,AA1295,Miami International Airport,MIA,Miami,United States,Phoenix Sky Harbor International Airport,PHX,Phoenix,United States,1711,3.85,2026-11-09,12:53 AM
United Airlines,Boeing 737-724,B737,UA2636,George Bush Intcntl/Houston Airport,IAH,Houston,United States,San Antonio International Airport,SAT,San Antonio,United States,165,0.57,2026-05-09,01:11 AM
United Airlines,Boeing 737 MAX 8,B38M,UA1560,Juan Santamaria International Airport,SJO,San Jose,Costa Rica,Newark Liberty International Airport,EWR,Newark,United States,1919,4.29,2026-11-09,01:12 AM
United Airlines,Boeing 737 MAX 9,B39M,UA2088,Luis Munoz Marin International Airport,SJU,San Juan,Puerto Rico,Chicago O'Hare International Airport,ORD,Chicago,United States,1802,4.04,2026-11-09,01:26 AM
American Airlines,Airbus A321-231,A321,AA1288,Licenciado Gustavo Diaz Ordaz International Airport,PVR,Puerto Vallarta,Mexico,Dallas-Fort Worth International Airport,DFW,Dallas-Fort Worth,United States,855,2.03,2026-11-09,01:32 AM
Spirit Airlines,Airbus A321-271NX,A21N,NK1845,Luis Munoz Marin International Airport,SJU,San Juan,Puerto Rico,Miami International Airport,MIA,Miami,United States,908,2.14,2026-03-09,01:42 AM
American Airlines,Boeing 737-823,B738,AA2008,Miami International Airport,MIA,Miami,United States,Newark Liberty International Airport,EWR,Newark,United States,945,2.22,2026-11-09,01:49 AM
American Airlines,Boeing 737-823,B738,AA2115,Miami International Airport,MIA,Miami,United States,Dallas-Fort Worth International Airport,DFW,Dallas-Fort Worth,United States,973,2.28,2026-11-09,01:50 AM
Spirit Airlines,Airbus A320-271N,A20N,NK214,Fort Lauderdale/Hollywood International Airport,FLL,Fort Lauderdale,United States,Dallas-Fort Worth International Airport,DFW,Dallas-Fort Worth,United States,972,2.28,2026-11-09,01:52 AM
American Airlines,Airbus A321-231,A321,AA2437,Luis Munoz Marin International Airport,SJU,San Juan,Puerto Rico,Dallas-Fort Worth International Airport,DFW,Dallas-Fort Worth,United States,1880,4.2,2026-11-09,02:09 AM
American Airlines,Boeing 737-823,B738,AA1082,Miami International Airport,MIA,Miami,United States,Norman Manley International Airport,KIN,Kingston,Jamaica,511,1.3,2026-11-09,02:10 AM
American Airlines,Airbus A319-115,A319,AA545,Charlotte/Douglas International Airport,CLT,Charlotte,United States,Ronald Reagan Washington Ntl Airport,DCA,Washington,United States,288,0.83,2026-11-09,02:14 AM
United Airlines,Boeing 737 MAX 9,B39M,UA1446,Daniel Oduber Quiros International Airport,LIR,Liberia,Costa Rica,Newark Liberty International Airport,EWR,Newark,United States,1905,4.26,2026-11-09,02:16 AM
United Airlines,Boeing 737-924(ER),B739,UA1976,George Bush Intcntl/Houston Airport,IAH,Houston,United States,Louis Armstrong New Orleans International Airport,MSY,New Orleans,United States,264,0.78,2026-11-09,02:37 AM
American Airlines,Airbus A319-132,A319,AA901,Miami International Airport,MIA,Miami,United States,Augusto C. Sandino (Managua) International Airport,MGA,Managua,Nicaragua,885,2.1,2026-11-09,02:40 AM
American Airlines,Boeing 737-823,B738,AA2347,Dallas-Fort Worth International Airport,DFW,Dallas-Fort Worth,United States,La Aurora Airport,GUA,Guatemala City,Guatemala,1156,2.67,2026-11-09,02:40 AM
American Airlines,Boeing 737 MAX 8,B38M,AA708,Miami International Airport,MIA,Miami,United States,Ronald Reagan Washington Ntl Airport,DCA,Washington,United States,801,1.92,2026-11-09,02:49 AM
American Airlines,Boeing 737-823,B738,AA2019,Dallas-Fort Worth International Airport,DFW,Dallas-Fort Worth,United States,Memphis International Airport,MEM,Memphis,United States,374,1.01,2026-11-09,03:05 AM
United Airlines,Boeing 787-9 Dreamliner,B789,UA99,Melbourne International Airport,MEL,Melbourne,Australia,Los Angeles International Airport,LAX,Los Angeles,United States,6889,14.82,2026-11-09,03:18 AM
American Airlines,Boeing 737 MAX 8,B38M,AA670,Miami International Airport,MIA,Miami,United States,Kansas City International Airport,MCI,Kansas City,United States,1088,2.53,2026-11-09,03:24 AM
American Airlines,Boeing 737-823,B738,AA1458,Dallas-Fort Worth International Airport,DFW,Dallas-Fort Worth,United States,Will Rogers World Airport,OKC,Oklahoma City,United States,152,0.54,2026-11-09,03:26 AM
United Airlines,Boeing 787-9 Dreamliner,B789,UA2023,Cape Town International Airport,CPT,Cape Town,South Africa,Washington Dulles International Airport,IAD,Washington,United States,6893,14.83,2026-11-09,03:28 AM
American Airlines,Boeing 737-823,B738,AA3084,Miami International Airport,MIA,Miami,United States,Dallas-Fort Worth International Airport,DFW,Dallas-Fort Worth,United States,973,2.28,2026-11-09,03:48 AM
American Airlines,Boeing 737-823,B738,AA3094,Phoenix Sky Harbor International Airport,PHX,Phoenix,United States,Licenciado Benito Juarez International Airport,MEX,Mexico City,Mexico,1089,2.53,2026-11-09,03:56 AM
United Airlines,Boeing 777-322(ER),B77W,UA190,Ninoy Aquino International Airport,MNL,Manila,Philippines,San Francisco International Airport,SFO,San Francisco,United States,6063,13.07,2026-11-09,04:11 AM
American Airlines,Airbus A321-253NX,A21N,AA918,Jorge Chavez International Airport,LIM,Lima,Peru,Miami International Airport,MIA,Miami,United States,2278,5.05,2026-11-09,04:46 AM
United Airlines,Boeing 777-224(ER),B772,UA148,Guarulhos - Governador Andre Franco Montoro International Airport,GRU,Sao Paulo,Brazil,Newark Liberty International Airport,EWR,Newark,United States,4149,9.01,2026-11-09,04:47 AM
United Airlines,Boeing 737 MAX 8,B38M,UA1002,George Bush Intcntl/Houston Airport,IAH,Houston,United States,Nuevo Aeropuerto Internacional Mariscal Sucre,UIO,Quito,Ecuador,2052,4.57,2026-11-09,04:53 AM
American Airlines,Boeing 777-323(ER),B77W,AA954,Ministro Pistarini International Airport,EZE,Ezeiza,Argentina,John F Kennedy International Airport,JFK,New York,United States,4608,9.99,2026-11-09,04:55 AM
American Airlines,Boeing 777-223(ER),B772,AA912,Comodoro Arturo Merino Benitez International Airport,SCL,Santiago,Chile,Miami International Airport,MIA,Miami,United States,3595,7.84,2026-08-09,04:57 AM
United Airlines,Boeing 767-322(ER),B763,UA128,Galeao - Antonio Carlos Jobim International Airport,GIG,Rio De Janeiro,Brazil,George Bush Intcntl/Houston Airport,IAH,Houston,United States,4367,9.48,2026-11-09,05:13 AM
American Airlines,Boeing 787-8 Dreamliner,B788,AA908,Ministro Pistarini International Airport,EZE,Ezeiza,Argentina,Miami International Airport,MIA,Miami,United States,3844,8.37,2026-11-09,05:17 AM
United Airlines,Boeing 767-322(ER),B763,UA846,Comodoro Arturo Merino Benitez International Airport,SCL,Santiago,Chile,George Bush Intcntl/Houston Airport,IAH,Houston,United States,4053,8.81,2026-08-09,05:28 AM
American Airlines,Boeing 777-223(ER),B772,AA933,Miami International Airport,MIA,Miami,United States,Ministro Pistarini International Airport,EZE,Ezeiza,Argentina,3844,8.37,2026-11-09,05:33 AM
American Airlines,Boeing 777-223(ER),B772,AA974,Galeao - Antonio Carlos Jobim International Airport,GIG,Rio De Janeiro,Brazil,John F Kennedy International Airport,JFK,New York,United States,4174,9.07,2026-11-09,05:39 AM
American Airlines,Boeing 787-9 Dreamliner,B789,AA950,Guarulhos - Governador Andre Franco Montoro International Airport,GRU,Sao Paulo,Brazil,John F Kennedy International Airport,JFK,New York,United States,4138,8.99,2026-11-09,05:42 AM
American Airlines,Boeing 777-223(ER),B772,AA996,Ministro Pistarini International Airport,EZE,Ezeiza,Argentina,Dallas-Fort Worth International Airport,DFW,Dallas-Fort Worth,United States,4608,9.99,2026-11-09,05:51 AM
American Airlines,Boeing 777-223(ER),B772,AA991,Miami International Airport,MIA,Miami,United States,Galeao - Antonio Carlos Jobim International Airport,GIG,Rio De Janeiro,Brazil,3627,7.91,2026-11-09,05:52 AM
American Airlines,Boeing 787-9 Dreamliner,B789,AA951,John F Kennedy International Airport,JFK,New York,United States,Guarulhos - Governador Andre Franco Montoro International Airport,GRU,Sao Paulo,Brazil,4138,8.99,2026-11-09,05:54 AM
American Airlines,Boeing 777-223(ER),B772,AA930,Guarulhos - Governador Andre Franco Montoro International Airport,GRU,Sao Paulo,Brazil,Miami International Airport,MIA,Miami,United States,3550,7.75,2026-11-09,06:02 AM
United Airlines,Boeing 777-224(ER),B772,UA818,Ministro Pistarini International Airport,EZE,Ezeiza,Argentina,George Bush Intcntl/Houston Airport,IAH,Houston,United States,4413,9.57,2026-08-09,06:04 AM
United Airlines,Boeing 787-9 Dreamliner,B789,UA63,Guarulhos - Governador Andre Franco Montoro International Airport,GRU,Sao Paulo,Brazil,George Bush Intcntl/Houston Airport,IAH,Houston,United States,4269,9.27,2026-07-09,06:04 AM
United Airlines,Boeing 787-8 Dreamliner,B788,UA115,San Francisco International Airport,SFO,San Francisco,United States,Faa'a International Airport,PPT,Papeete,French Polynesia,3652,7.96,2026-11-09,06:11 AM
American Airlines,Boeing 777-323(ER),B77W,AA72,Sydney Kingsford Smith International Airport,SYD,Sydney,Australia,Los Angeles International Airport,LAX,Los Angeles,United States,6512,14.02,2026-11-09,06:12 AM
United Airlines,Boeing 777-222(ER),B772,UA831,George Bush Intcntl/Houston Airport,IAH,Houston,United States,Ministro Pistarini International Airport,EZE,Ezeiza,Argentina,4413,9.57,2026-11-09,06:15 AM
American Airlines,Boeing 777-223(ER),B772,AA934,Ministro Pistarini International Airport,EZE,Ezeiza,Argentina,Miami International Airport,MIA,Miami,United States,3844,8.37,2026-11-09,06:19 AM
American Airlines,Boeing 787-9 Dreamliner,B789,AA8,Brisbane International Airport,BNE,Brisbane,Australia,Dallas-Fort Worth International Airport,DFW,Dallas-Fort Worth,United States,7216,15.52,2026-03-09,06:24 AM
American Airlines,Boeing 787-8 Dreamliner,B788,AA936,Galeao - Antonio Carlos Jobim International Airport,GIG,Rio De Janeiro,Brazil,Dallas-Fort Worth International Airport,DFW,Dallas-Fort Worth,United States,4546,9.86,2026-11-09,06:29 AM
United Airlines,Boeing 767-424(ER),B764,UA860,Guarulhos - Governador Andre Franco Montoro International Airport,GRU,Sao Paulo,Brazil,Washington Dulles International Airport,IAD,Washington,United States,4129,8.97,2026-11-09,06:31 AM
American Airlines,Boeing 787-9 Dreamliner,B789,AA962,Guarulhos - Governador Andre Franco Montoro International Airport,GRU,Sao Paulo,Brazil,Dallas-Fort Worth International Airport,DFW,Dallas-Fort Worth,United States,4451,9.66,2026-11-09,06:32 AM
American Airlines,Boeing 777-323(ER),B77W,AA900,Ministro Pistarini International Airport,EZE,Ezeiza,Argentina,Miami International Airport,MIA,Miami,United States,3844,8.37,2026-11-09,06:36 AM
United Airlines,Boeing 787-10 Dreamliner,B78X,UA844,Guarulhos - Governador Andre Franco Montoro International Airport,GRU,Sao Paulo,Brazil,Chicago O'Hare International Airport,ORD,Chicago,United States,4551,9.87,2026-11-09,06:38 AM
American Airlines,Boeing 777-223(ER),B772,AA904,Galeao - Antonio Carlos Jobim International Airport,GIG,Rio De Janeiro,Brazil,Miami International Airport,MIA,Miami,United States,3627,7.91,2026-11-09,06:39 AM
American Airlines,Boeing 777-223(ER),B772,AA958,Guarulhos - Governador Andre Franco Montoro International Airport,GRU,Sao Paulo,Brazil,Miami International Airport,MIA,Miami,United States,3550,7.75,2026-11-09,06:49 AM
American Airlines,Boeing 777-223(ER),B772,AA734,Charlotte/Douglas International Airport,CLT,Charlotte,United States,London Heathrow Airport,LHR,London,United Kingdom,3461,7.56,2026-11-09,07:12 AM
American Airlines,Boeing 787-9 Dreamliner,B789,AA78,Dallas-Fort Worth International Airport,DFW,Dallas-Fort Worth,United States,London Heathrow Airport,LHR,London,United Kingdom,4118,8.95,2026-11-09,07:13 AM
United Airlines,Boeing 737-824,B738,UA1942,Denver International Airport,DEN,Denver,United States,Austin-Bergstrom International Airport,AUS,Austin,United States,674,1.65,2026-11-09,07:24 AM
American Airlines,Boeing 787-8 Dreamliner,B788,AA740,Philadelphia International Airport,PHL,Philadelphia,United States,Madrid Barajas International Airport,MAD,Madrid,Spain,3191,6.98,2026-11-09,07:34 AM
American Airlines,Boeing 787-8 Dreamliner,B788,AA258,Philadelphia International Airport,PHL,Philadelphia,United States,Lisbon Portela Airport,LIS,Lisbon,Portugal,2997,6.57,2026-01-09,07:35 AM
United Airlines,Boeing 767-322(ER),B763,UA102,George Bush Intcntl/Houston Airport,IAH,Houston,United States,Munich International Airport,MUC,Munich,Germany,4697,10.18,2026-11-09,08:15 AM
American Airlines,Airbus A321-231,A321,AA300,John F Kennedy International Airport,JFK,New York,United States,Los Angeles International Airport,LAX,Los Angeles,United States,2146,4.77,2026-11-09,08:24 AM
American Airlines,Boeing 737 MAX 8,B38M,AA2156,Phoenix Sky Harbor International Airport,PHX,Phoenix,United States,Newark Liberty International Airport,EWR,Newark,United States,1850,4.14,2026-11-09,08:41 AM
United Airlines,Boeing 777-322(ER),B77W,UA3773,Tampa International Airport,TPA,Tampa,United States,San Francisco International Airport,SFO,San Francisco,United States,2076,4.62,2026-11-09,08:46 AM
United Airlines,Boeing 777-224(ER),B772,UA932,Washington Dulles International Airport,IAD,Washington,United States,Frankfurt am Main International Airport,FRA,Frankfurt am Main,Germany,3540,7.72,2026-04-09,09:06 AM
United Airlines,Boeing 757-224,B752,UA624,San Francisco International Airport,SFO,San Francisco,United States,Newark Liberty International Airport,EWR,Newark,United States,2224,4.93,2026-11-09,09:13 AM
American Airlines,Boeing 787-9 Dreamliner,B789,AA963,Dallas-Fort Worth International Airport,DFW,Dallas-Fort Worth,United States,Guarulhos - Governador Andre Franco Montoro International Airport,GRU,Sao Paulo,Brazil,4451,9.66,2026-11-09,10:44 AM
American Airlines,Boeing 777-223(ER),B772,AA995,Miami International Airport,MIA,Miami,United States,Guarulhos - Governador Andre Franco Montoro International Airport,GRU,Sao Paulo,Brazil,3550,7.75,2026-11-09,10:55 AM
American Airlines,Boeing 787-8 Dreamliner,B788,AA937,Dallas-Fort Worth International Airport,DFW,Dallas-Fort Worth,United States,Galeao - Antonio Carlos Jobim International Airport,GIG,Rio De Janeiro,Brazil,4546,9.86,2026-11-09,11:12 AM
United Airlines,Boeing 787-10 Dreamliner,B78X,UA961,Frankfurt am Main International Airport,FRA,Frankfurt am Main,Germany,Newark Liberty International Airport,EWR,Newark,United States,3353,7.33,2026-11-09,11:17 AM
United Airlines,Boeing 787-10 Dreamliner,B78X,UA995,Brussels Airport,BRU,Brussels,Belgium,Newark Liberty International Airport,EWR,Newark,United States,3190,6.98,2026-11-09,11:41 AM
United Airlines,Boeing 787-9 Dreamliner,B789,UA181,Frankfurt am Main International Airport,FRA,Frankfurt am Main,Germany,Denver International Airport,DEN,Denver,United States,4367,9.48,2026-11-09,11:48 AM
American Airlines,Boeing 737-823,B738,AA1026,Las Americas International Airport,SDQ,Santo Domingo,Dominican Republic,Miami International Airport,MIA,Miami,United States,737,1.78,2026-11-09,12:20 PM
Spirit Airlines,Airbus A320-271N,A20N,NK3164,Luis Munoz Marin International Airport,SJU,San Juan,Puerto Rico,Orlando International Airport,MCO,Orlando,United States,1033,2.41,2026-04-09,12:41 PM
United Airlines,Boeing 737-824,B738,UA32,Narita International Airport,NRT,Tokyo,Japan,Mactan Cebu International Airport,CEB,Lapu-Lapu City,Philippines,1771,3.97,2026-11-09,12:49 PM
American Airlines,Boeing 737 MAX 8,B38M,AA313,Piarco International Airport,POS,Port of Spain,Trinidad And Tobago,Miami International Airport,MIA,Miami,United States,1411,3.21,2026-11-09,12:59 PM
United Airlines,Boeing 767-424(ER),B764,UA861,Washington Dulles International Airport,IAD,Washington,United States,Guarulhos - Governador Andre Franco Montoro International Airport,GRU,Sao Paulo,Brazil,4129,8.97,2026-11-09,01:04 PM
United Airlines,Boeing 787-9 Dreamliner,B789,UA188,Newark Liberty International Airport,EWR,Newark,United States,O. R. Tambo International Airport,JNB,Johannesburg,South Africa,6946,14.94,2026-11-09,02:11 PM
United Airlines,Boeing 737 MAX 9,B39M,UA1644,Luis Munoz Marin International Airport,SJU,San Juan,Puerto Rico,George Bush Intcntl/Houston Airport,IAH,Houston,United States,1743,3.91,2026-02-09,02:51 PM
American Airlines,Boeing 737 MAX 8,B38M,AA1862,Simon Bolivar International Airport,GYE,Guayaquil,Ecuador,Miami International Airport,MIA,Miami,United States,1678,3.78,2026-11-09,03:45 PM
United Airlines,Boeing 737-71Q,B737,UA1861,George Bush Intcntl/Houston Airport,IAH,Houston,United States,General Heriberto Jara International Airport,VER,Veracruz,Mexico,652,1.6,2026-11-09,04:15 PM
American Airlines,Boeing 737-823,B738,AA1751,Miami International Airport,MIA,Miami,United States,El Salvador International Airport,SAL,Santa Clara,El Salvador,891,2.11,2026-11-09,04:42 PM
United Airlines,Airbus A320-232,A320,UA1567,Licenciado Benito Juarez International Airport,MEX,Mexico City,Mexico,Washington Dulles International Airport,IAD,Washington,United States,1618,3.65,2026-11-09,05:07 PM
United Airlines,Boeing 737-824,B738,UA1512,George Bush Intcntl/Houston Airport,IAH,Houston,United States,Daniel Oduber Quiros International Airport,LIR,Liberia,Costa Rica,1287,2.95,2026-11-09,05:23 PM
American Airlines,Boeing 737-823,B738,AA554,Phoenix Sky Harbor International Airport,PHX,Phoenix,United States,Licenciado Gustavo Diaz Ordaz International Airport,PVR,Puerto Vallarta,Mexico,846,2.01,2026-11-09,05:39 PM
United Airlines,Airbus A320-232,A320,UA1622,George Bush Intcntl/Houston Airport,IAH,Houston,United States,Licenciado Gustavo Diaz Ordaz International Airport,PVR,Puerto Vallarta,Mexico,775,1.86,2026-07-09,05:41 PM
United Airlines,Boeing 737 MAX 8,B38M,UA1087,Juan Santamaria International Airport,SJO,San Jose,Costa Rica,Denver International Airport,DEN,Denver,United States,2100,4.67,2026-11-09,06:18 PM
United Airlines,Boeing 787-9 Dreamliner,B789,UA28,Singapore Changi International Airport,SIN,Singapore,Singapore,San Francisco International Airport,SFO,San Francisco,United States,7333,15.76,2026-11-09,08:28 PM
United Airlines,Boeing 787-9 Dreamliner,B789,UA1,San Francisco International Airport,SFO,San Francisco,United States,Singapore Changi International Airport,SIN,Singapore,Singapore,7333,15.76,2026-11-09,08:56 PM
American Airlines,Airbus A319-112,A319,AA1972,Comayagua-Palmerola International Airport,XPL,Comayagua,Honduras,Miami International Airport,MIA,Miami,United States,800,1.92,2026-11-09,10:56 PM
American Airlines,Boeing 737-823,B738,AA2060,Daniel Oduber Quiros International Airport,LIR,Liberia,Costa Rica,Dallas-Fort Worth International Airport,DFW,Dallas-Fort Worth,United States,1482,3.36,2026-11-09,11:06 PM
American Airlines,Boeing 737 MAX 8,B38M,AA920,Alfonso Bonilla Aragon International Airport,CLO,Cali,Colombia,Miami International Airport,MIA,Miami,United States,1355,3.09,2026-11-09,11:10 PM
United Airlines,Boeing 737 MAX 9,B39M,UA1021,Newark Liberty International Airport,EWR,Newark,United States,Tocumen International Airport,PTY,Tocumen,Panama,1919,4.29,2026-11-09,11:12 PM
United Airlines,Boeing 737-924(ER),B739,UA1056,Cancun International Airport,CUN,Cancun,Mexico,George Bush Intcntl/Houston Airport,IAH,Houston,United States,706,1.72,2026-11-09,11:33 PM
American Airlines,Boeing 737-823,B738,AA2571,Hewanorra International Airport,UVF,Vieux Fort,Saint Lucia,Miami International Airport,MIA,Miami,United States,1308,2.99,2026-11-09,11:34 PM
United Airlines,Boeing 737-7V3,B737,UA458,Hewanorra International Airport,UVF,Vieux Fort,Saint Lucia,Newark Liberty International Airport,EWR,Newark,United States,1761,3.95,2026-11-09,11:37 PM
American Airlines,Boeing 737 MAX 8,B38M,AA1182,La Aurora Airport,GUA,Guatemala City,Guatemala,Miami International Airport,MIA,Miami,United States,886,2.1,2026-11-10,12:08 AM
United Airlines,Boeing 737 MAX 8,B38M,UA2073,Juan Santamaria International Airport,SJO,San Jose,Costa Rica,Washington Dulles International Airport,IAD,Washington,United States,1773,3.98,2026-04-10,12:20 AM
American Airlines,Boeing 737-823,B738,AA1750,Cancun International Airport,CUN,Cancun,Mexico,Dallas-Fort Worth International Airport,DFW,Dallas-Fort Worth,United States,895,2.12,2026-03-10,12:21 AM
United Airlines,Boeing 737-924(ER),B739,UA1648,Queen Beatrix International Airport,AUA,Oranjestad,Aruba,Washington Dulles International Airport,IAD,Washington,United States,1634,3.68,2026-11-10,12:25 AM
American Airlines,Airbus A319-112,A319,AA418,Ixtapa Zihuatanejo International Airport,ZIH,Ixtapa,Mexico,Phoenix Sky Harbor International Airport,PHX,Phoenix,United States,1108,2.57,2026-11-10,12:29 AM
American Airlines,Boeing 737 MAX 8,B38M,AA2969,V.C. Bird International Airport,ANU,St. George,Antigua And Barbuda,John F Kennedy International Airport,JFK,New York,United States,1542,3.49,2026-11-10,12:43 AM
United Airlines,Boeing 737-924(ER),B739,UA1463,Punta Cana International Airport,PUJ,Punta Cana,Dominican Republic,Washington Dulles International Airport,IAD,Washington,United States,1310,3,2026-11-10,01:16 AM
American Airlines,Boeing 737-823,B738,AA3052,Juan Manuel Galvez International Airport,RTB,Roatan Island,Honduras,Dallas-Fort Worth International Airport,DFW,Dallas-Fort Worth,United States,1147,2.65,2026-11-10,01:24 AM
United Airlines,Boeing 737 MAX 9,B39M,UA1993,Daniel Oduber Quiros International Airport,LIR,Liberia,Costa Rica,Los Angeles International Airport,LAX,Los Angeles,United States,2284,5.06,2026-07-10,01:37 AM
United Airlines,Boeing 737-924(ER),B739,UA1033,Tocumen International Airport,PTY,Tocumen,Panama,George Bush Intcntl/Houston Airport,IAH,Houston,United States,1542,3.49,2026-11-10,01:39 AM
United Airlines,Boeing 777-300(ER),B77W,UA200,Guam International Airport,GUM,Guam,Guam,Daniel K Inouye International Airport,HNL,Honolulu,United States,3298,7.21,2026-11-10,02:08 AM
American Airlines,Boeing 737-823,B738,AA30,Queen Beatrix International Airport,AUA,Oranjestad,Aruba,Chicago O'Hare International Airport,ORD,Chicago,United States,2002,4.46,2026-11-10,02:11 AM
United Airlines,Boeing 737-924(ER),B739,UA1159,Cancun International Airport,CUN,Cancun,Mexico,San Francisco International Airport,SFO,San Francisco,United States,2090,4.65,2026-11-10,02:25 AM
American Airlines,Boeing 737-823,B738,AA1069,Miami International Airport,MIA,Miami,United States,Charlotte/Douglas International Airport,CLT,Charlotte,United States,567,1.42,2026-11-10,02:29 AM
American Airlines,Boeing 737-823,B738,AA576,Dallas-Fort Worth International Airport,DFW,Dallas-Fort Worth,United States,Austin-Bergstrom International Airport,AUS,Austin,United States,165,0.57,2026-11-10,02:37 AM
United Airlines,Boeing 737-71Q,B737,UA1278,George Bush Intcntl/Houston Airport,IAH,Houston,United States,Philadelphia International Airport,PHL,Philadelphia,United States,1150,2.66,2026-11-10,03:02 AM
American Airlines,Boeing 737 MAX 8,B38M,AA2355,Miami International Airport,MIA,Miami,United States,Louis Armstrong New Orleans International Airport,MSY,New Orleans,United States,586,1.46,2026-11-10,03:06 AM
United Airlines,Boeing 737-824,B738,UA2456,George Bush Intcntl/Houston Airport,IAH,Houston,United States,Seattle-Tacoma International Airport,SEA,Seattle,United States,1627,3.67,2026-11-10,03:17 AM
American Airlines,Airbus A319-132,A319,AA1605,Dallas-Fort Worth International Airport,DFW,Dallas-Fort Worth,United States,Raleigh-Durham International Airport,RDU,Raleigh/Durham,United States,920,2.17,2026-11-10,03:27 AM
American Airlines,Boeing 737 MAX 8,B38M,AA457,Miami International Airport,MIA,Miami,United States,Phoenix Sky Harbor International Airport,PHX,Phoenix,United States,1711,3.85,2026-11-10,03:35 AM
American Airlines,Boeing 737 MAX 8,B38M,AA913,Miami International Airport,MIA,Miami,United States,El Dorado International Airport,BOG,Bogota,Colombia,1315,3.01,2026-11-10,03:43 AM
American Airlines,Boeing 737 MAX 8,B38M,AA363,Miami International Airport,MIA,Miami,United States,Cleveland-Hopkins International Airport,CLE,Cleveland,United States,941,2.21,2026-11-10,03:49 AM
United Airlines,Boeing 787-9 Dreamliner,B789,UA2222,Cape Town International Airport,CPT,Cape Town,South Africa,Newark Liberty International Airport,EWR,Newark,United States,6799,14.63,2026-11-10,03:57 AM
American Airlines,Boeing 737-823,B738,AA1950,Miami International Airport,MIA,Miami,United States,Dallas-Fort Worth International Airport,DFW,Dallas-Fort Worth,United States,973,2.28,2026-11-10,04:00 AM
American Airlines,Boeing 737-823,B738,AA670,Miami International Airport,MIA,Miami,United States,Kansas City International Airport,MCI,Kansas City,United States,1088,2.53,2026-11-10,04:27 AM
United Airlines,Boeing 737-924(ER),B739,UA2037,George Bush Intcntl/Houston Airport,IAH,Houston,United States,Tucson International Airport,TUS,Tucson,United States,812,1.94,2026-11-10,04:32 AM
China United Airlines,Boeing 737-89P,B738,KN5632,Kunming Wujiaba International Airport,KMG,Kunming,China,Beijing Daxing International Airport,PKX,Beijing,China,1111,2.57,2026-11-10,06:22 AM
China United Airlines,Boeing 737-89P,B738,KN5960,Wenzhou Yongqiang Airport,WNZ,Wenzhou,China,Beijing Daxing International Airport,PKX,Beijing,China,730,1.77,2026-11-10,06:32 AM
United Airlines,Boeing 787-9 Dreamliner,B789,UA153,Chek Lap Kok International Airport,HKG,Hong Kong,Hong Kong,Los Angeles International Airport,LAX,Los Angeles,United States,6298,13.57,2026-11-10,07:23 AM
American Airlines,Boeing 787-8 Dreamliner,B788,AA170,Tokyo International Airport,HND,Tokyo,Japan,Los Angeles International Airport,LAX,Los Angeles,United States,4758,10.31,2026-11-10,07:29 AM
United Airlines,Boeing 787-10 Dreamliner,B78X,UA881,Chicago O'Hare International Airport,ORD,Chicago,United States,Tokyo International Airport,HND,Tokyo,Japan,5466,11.81,2026-11-10,07:52 AM
United Airlines,Boeing 787-9 Dreamliner,B789,UA33,Narita International Airport,NRT,Tokyo,Japan,Los Angeles International Airport,LAX,Los Angeles,United States,4727,10.24,2026-11-10,09:38 AM
American Airlines,Boeing 777-323(ER),B77W,AA907,Miami International Airport,MIA,Miami,United States,Ministro Pistarini International Airport,EZE,Ezeiza,Argentina,3844,8.37,2026-11-10,01:17 PM
American Airlines,Boeing 737-823,B738,AA2370,Norman Manley International Airport,KIN,Kingston,Jamaica,Miami International Airport,MIA,Miami,United States,511,1.3,2026-01-10,01:40 PM
Spirit Airlines,Airbus A320-271N,A20N,NK951,Fort Lauderdale/Hollywood International Airport,FLL,Fort Lauderdale,United States,Toussaint Louverture International Airport,PAP,Port-au-Prince,Haiti,626,1.55,2026-11-10,03:42 PM
American Airlines,Boeing 737 MAX 8,B38M,AA264,Miami International Airport,MIA,Miami,United States,Licenciado Benito Juarez International Airport,MEX,Mexico City,Mexico,1107,2.57,2026-11-10,04:15 PM
American Airlines,Boeing 737 MAX 8,B38M,AA1335,Miami International Airport,MIA,Miami,United States,Hewanorra International Airport,UVF,Vieux Fort,Saint Lucia,1308,2.99,2026-11-10,04:27 PM
American Airlines,Airbus A319-115,A319,AA2006,Dallas-Fort Worth International Airport,DFW,Dallas-Fort Worth,United States,Licenciado Benito Juarez International Airport,MEX,Mexico City,Mexico,816,1.95,2026-11-10,04:28 PM
United Airlines,Boeing 737-824,B738,UA1265,Daniel Oduber Quiros International Airport,LIR,Liberia,Costa Rica,George Bush Intcntl/Houston Airport,IAH,Houston,United States,1287,2.95,2026-11-10,05:10 PM
United Airlines,Boeing 767-322(ER),B763,UA3848,Napoli / Capodichino International Airport,NAP,Napoli,Italy,Galeao - Antonio Carlos Jobim International Airport,GIG,Rio De Janeiro,Brazil,4989,10.8,2026-11-10,05:34 PM
Spirit Airlines,Airbus A321-231,A321,NK344,Cancun International Airport,CUN,Cancun,Mexico,Dallas-Fort Worth International Airport,DFW,Dallas-Fort Worth,United States,895,2.12,2026-07-10,06:04 PM
United Airlines,Airbus A320-232,A320,UA1503,Licenciado Gustavo Diaz Ordaz International Airport,PVR,Puerto Vallarta,Mexico,George Bush Intcntl/Houston Airport,IAH,Houston,United States,775,1.86,2026-11-10,06:26 PM
American Airlines,Airbus A319-115,A319,AA2245,Miami International Airport,MIA,Miami,United States,Lynden Pindling International Airport,NAS,Nassau,Bahamas,160,0.56,2026-11-10,07:20 PM
American Airlines,Boeing 737-823,B738,AA2638,Punta Cana International Airport,PUJ,Punta Cana,Dominican Republic,Miami International Airport,MIA,Miami,United States,792,1.9,2026-11-10,07:20 PM
American Airlines,Airbus A319-115,A319,AA2684,Cyril E King Airport,STT,Charlotte Amalie,Virgin Islands Us,Charlotte/Douglas International Airport,CLT,Charlotte,United States,1323,3.02,2026-07-10,08:20 PM
United Airlines,Boeing 777-322(ER),B77W,UA878,Chek Lap Kok International Airport,HKG,Hong Kong,Hong Kong,San Francisco International Airport,SFO,San Francisco,United States,6009,12.96,2026-11-10,08:35 PM
American Airlines,Airbus A321-253NX,A21N,AA411,Miami International Airport,MIA,Miami,United States,Charlotte/Douglas International Airport,CLT,Charlotte,United States,567,1.42,2026-11-10,09:13 PM
United Airlines,Boeing 737-824,B738,UA151,Guam International Airport,GUM,Guam,Guam,Kansai International Airport,KIX,Osaka,Japan,1360,3.1,2026-11-10,11:10 PM
United Airlines,Boeing 737-824,B738,UA137,Guam International Airport,GUM,Guam,Guam,Chubu Centrair International Airport,NGO,Tokoname,Japan,1354,3.09,2026-11-11,12:35 AM
United Airlines,Boeing 777-222(ER),B772,UA3842,Guam International Airport,GUM,Guam,Guam,Daniel K Inouye International Airport,HNL,Honolulu,United States,3298,7.21,2026-11-11,01:31 AM
China United Airlines,Boeing 737-89P,B738,KN5895,Beijing Daxing International Airport,PKX,Beijing,China,Sanya Phoenix International Airport,SYX,Sanya,China,1323,3.02,2026-11-11,02:19 AM
United Airlines,Boeing 787-8 Dreamliner,B788,UA997,Kotoka International Airport,ACC,Accra,Ghana,Washington Dulles International Airport,IAD,Washington,United States,4601,9.97,2026-11-11,05:48 AM
United Airlines,Boeing 787-8 Dreamliner,B788,UA613,Murtala Muhammed International Airport,LOS,Lagos,Nigeria,Washington Dulles International Airport,IAD,Washington,United States,4728,10.24,2026-11-11,08:40 AM
United Airlines,Boeing 737-824,B738,UA155,Amata Kabua International Airport,MAJ,Majuro Atoll,Marshall Islands,Daniel K Inouye International Airport,HNL,Honolulu,United States,1981,4.42,2026-11-11,12:28 PM
United Airlines,Boeing 777-224(ER),B772,UA164,Newark Liberty International Airport,EWR,Newark,United States,Dubai International Airport,DXB,Dubai,United Arab Emirates,5951,12.84,2026-11-11,04:03 PM
United Airlines,Boeing 777-322(ER),B77W,UA853,San Francisco International Airport,SFO,San Francisco,United States,Taiwan Taoyuan International Airport,TPE,Taipei,Taiwan,5611,12.11,2026-08-11,08:27 PM
United Airlines,Boeing 777-222(ER),B772,UA916,Auckland International Airport,AKL,Auckland,New Zealand,San Francisco International Airport,SFO,San Francisco,United States,5674,12.25,2026-11-12,03:51 AM
American Airlines,Boeing 777-223(ER),B772,AA964,Galeao - Antonio Carlos Jobim International Airport,GIG,Rio De Janeiro,Brazil,Miami International Airport,MIA,Miami,United States,3627,7.91,2026-04-12,04:21 AM
United Airlines,Boeing 777-322(ER),B77W,UA830,Sydney Kingsford Smith International Airport,SYD,Sydney,Australia,San Francisco International Airport,SFO,San Francisco,United States,6452,13.9,2026-11-12,04:55 AM
United Airlines,Boeing 777-222(ER),B772,UA97,Brisbane International Airport,BNE,Brisbane,Australia,San Francisco International Airport,SFO,San Francisco,United States,6144,13.24,2026-11-12,05:07 AM
United Airlines,Boeing 787-9 Dreamliner,B789,UA100,Sydney Kingsford Smith International Airport,SYD,Sydney,Australia,George Bush Intcntl/Houston Airport,IAH,Houston,United States,7471,16.06,2026-11-12,07:04 AM
United Airlines,Boeing 787-9 Dreamliner,B789,UA1011,Washington Dulles International Airport,IAD,Washington,United States,Cape Town International Airport,CPT,Cape Town,South Africa,6893,14.83,2026-11-12,09:26 AM
United Airlines,Boeing 737-824,B738,UA873,Guam International Airport,GUM,Guam,Guam,Narita International Airport,NRT,Tokyo,Japan,1358,3.1,2026-11-12,10:02 AM
United Airlines,Boeing 787-9 Dreamliner,B789,UA2,Singapore Changi International Airport,SIN,Singapore,Singapore,San Francisco International Airport,SFO,San Francisco,United States,7333,15.76,2026-11-12,11:10 AM
United Airlines,Boeing 787-9 Dreamliner,B789,UA199,Shanghai Pudong International Airport,PVG,Shanghai,China,Los Angeles International Airport,LAX,Los Angeles,United States,5624,12.14,2026-11-12,01:29 PM
United Airlines,Boeing 777-322(ER),B77W,UA877,San Francisco International Airport,SFO,San Francisco,United States,Chek Lap Kok International Airport,HKG,Hong Kong,Hong Kong,6009,12.96,2026-08-12,09:45 PM
United Airlines,Boeing 767-322(ER),B763,UA3918,Daniel K Inouye International Airport,HNL,Honolulu,United States,Chek Lap Kok International Airport,HKG,Hong Kong,Hong Kong,4831,10.46,2026-11-14,04:34 AM
United Airlines,Boeing 737-824,B738,UA827,Narita International Airport,NRT,Tokyo,Japan,Guam International Airport,GUM,Guam,Guam,1358,3.1,2026-11-14,04:52 AM
China United Airlines,Boeing 737-89P,B738,KN5276,Taoxian Airport,SHE,Shenyang,China,Wenzhou Yongqiang Airport,WNZ,Wenzhou,China,834,1.99,2026-11-14,05:13 AM
American Airlines,Boeing 777-223(ER),B772,AA281,Dallas-Fort Worth International Airport,DFW,Dallas-Fort Worth,United States,Incheon International Airport,ICN,Seoul,South Korea,5932,12.79,2026-11-14,06:37 AM
United Airlines,Boeing 777-222(ER),B772,UA35,San Francisco International Airport,SFO,San Francisco,United States,Kansai International Airport,KIX,Osaka,Japan,4693,10.17,2026-11-14,07:23 AM
United Airlines,Boeing 777-322(ER),B77W,UA888,San Francisco International Airport,SFO,San Francisco,United States,Beijing Capital International Airport,PEK,Beijing,China,5126,11.09,2026-11-14,08:03 AM
United Airlines,Boeing 737-824,B738,UA197,Narita International Airport,NRT,Tokyo,Japan,Guam International Airport,GUM,Guam,Guam,1358,3.1,2026-11-14,08:13 AM
United Airlines,Boeing 777-224(ER),B772,UA163,Dubai International Airport,DXB,Dubai,United Arab Emirates,Newark Liberty International Airport,EWR,Newark,United States,5951,12.84,2026-11-14,08:37 AM
China United Airlines,Boeing 737-89P,B738,KN5628,Xingyi Airport,ACX,Xingyi,China,Beijing Daxing International Airport,PKX,Beijing,China,1040,2.42,2026-11-14,08:43 AM
United Airlines,Boeing 787-10 Dreamliner,B78X,UA882,Tokyo International Airport,HND,Tokyo,Japan,Chicago O'Hare International Airport,ORD,Chicago,United States,5466,11.81,2026-11-14,09:08 AM
United Airlines,Boeing 787-10 Dreamliner,B78X,UA945,Frankfurt am Main International Airport,FRA,Frankfurt am Main,Germany,Chicago O'Hare International Airport,ORD,Chicago,United States,3764,8.2,2026-11-14,09:10 AM
China United Airlines,Boeing 737-89P,B738,KN2909,Tianjin Binhai International Airport,TSN,Tianjin,China,Wenzhou Yongqiang Airport,WNZ,Wenzhou,China,696,1.69,2026-11-14,09:20 AM
American Airlines,Boeing 787-9 Dreamliner,B789,AA168,Tokyo International Airport,HND,Tokyo,Japan,John F Kennedy International Airport,JFK,New York,United States,5872,12.67,2026-11-14,09:25 AM
United Airlines,Boeing 777-222(ER),B772,UA838,Narita International Airport,NRT,Tokyo,Japan,San Francisco International Airport,SFO,San Francisco,United States,4443,9.64,2026-11-14,10:22 AM
United Airlines,Boeing 777-222(ER),B772,UA892,Incheon International Airport,ICN,Seoul,South Korea,San Francisco International Airport,SFO,San Francisco,United States,4906,10.62,2026-11-14,10:52 AM
American Airlines,Boeing 737-823,B738,AA317,Punta Cana International Airport,PUJ,Punta Cana,Dominican Republic,Chicago O'Hare International Airport,ORD,Chicago,United States,1724,3.87,2026-11-14,08:16 PM
United Airlines,Boeing 737-824,B738,UA1405,Philip S. W. Goldson International Airport,BZE,Belize City,Belize,George Bush Intcntl/Houston Airport,IAH,Houston,United States,841,2,2026-11-14,08:17 PM
American Airlines,Airbus A319-115,A319,AA3054,Princess Juliana International Airport,SXM,Saint Martin,Netherlands,Charlotte/Douglas International Airport,CLT,Charlotte,United States,1402,3.19,2026-01-14,08:19 PM
United Airlines,Boeing 737-724,B737,UA2214,George Bush Intcntl/Houston Airport,IAH,Houston,United States,Queretaro Intercontinental Airport,QRO,Queretaro,Mexico,621,1.54,2026-11-14,08:33 PM
American Airlines,Boeing 737-823,B738,AA1811,Norman Manley International Airport,KIN,Kingston,Jamaica,Miami International Airport,MIA,Miami,United States,511,1.3,2026-03-14,08:45 PM
American Airlines,Boeing 737-823,B738,AA987,Las Americas International Airport,SDQ,Santo Domingo,Dominican Republic,Miami International Airport,MIA,Miami,United States,737,1.78,2026-11-14,08:50 PM
United Airlines,Boeing 737 MAX 8,B38M,UA1903,La Aurora Airport,GUA,Guatemala City,Guatemala,George Bush Intcntl/Houston Airport,IAH,Houston,United States,962,2.26,2026-11-14,08:59 PM
American Airlines,Boeing 737 MAX 8,B38M,AA3222,Hewanorra International Airport,UVF,Vieux Fort,Saint Lucia,Miami International Airport,MIA,Miami,United States,1308,2.99,2026-11-14,09:06 PM
United Airlines,Boeing 737 MAX 9,B39M,UA2489,Las Americas International Airport,SDQ,Santo Domingo,Dominican Republic,Newark Liberty International Airport,EWR,Newark,United States,1357,3.1,2026-11-14,09:09 PM
United Airlines,Boeing 737 MAX 8,B38M,UA1368,Luis Munoz Marin International Airport,SJU,San Juan,Puerto Rico,Denver International Airport,DEN,Denver,United States,2374,5.25,2026-11-14,09:38 PM
American Airlines,Boeing 737-823,B738,AA3032,Philip S. W. Goldson International Airport,BZE,Belize City,Belize,Dallas-Fort Worth International Airport,DFW,Dallas-Fort Worth,United States,1036,2.42,2026-11-14,10:07 PM
United Airlines,Boeing 737 MAX 8,B38M,UA1880,Princess Juliana International Airport,SXM,Saint Martin,Netherlands,Newark Liberty International Airport,EWR,Newark,United States,1475,3.35,2026-11-14,10:08 PM
American Airlines,Boeing 737-823,B738,AA1910,Cancun International Airport,CUN,Cancun,Mexico,Chicago O'Hare International Airport,ORD,Chicago,United States,1258,2.89,2026-11-14,10:13 PM
American Airlines,Airbus A319-115,A319,AA2481,Miami International Airport,MIA,Miami,United States,Jose Marti International Airport,HAV,Havana,Cuba,204,0.65,2026-11-14,10:54 PM
United Airlines,Boeing 737 MAX 9,B39M,UA2024,Luis Munoz Marin International Airport,SJU,San Juan,Puerto Rico,Washington Dulles International Airport,IAD,Washington,United States,1367,3.12,2026-11-14,11:50 PM
United Airlines,Boeing 737 MAX 9,B39M,UA1039,Luis Munoz Marin International Airport,SJU,San Juan,Puerto Rico,Newark Liberty International Airport,EWR,Newark,United States,1401,3.19,2026-11-14,11:51 PM
American Airlines,Airbus A321-231,A321,AA2652,Cancun International Airport,CUN,Cancun,Mexico,Dallas-Fort Worth International Airport,DFW,Dallas-Fort Worth,United States,895,2.12,2026-11-14,11:56 PM
American Airlines,Boeing 737-823,B738,AA3070,Philip S. W. Goldson International Airport,BZE,Belize City,Belize,Miami International Airport,MIA,Miami,United States,667,1.63,2026-11-15,12:07 AM
Spirit Airlines,Airbus A320-271N,A20N,NK632,Cibao International Airport,STI,Santiago,Dominican Republic,Fort Lauderdale/Hollywood International Airport,FLL,Fort Lauderdale,United States,663,1.62,2026-11-15,12:15 AM
United Airlines,Boeing 737-724,B737,UA241,George Bush Intcntl/Houston Airport,IAH,Houston,United States,John Wayne/Orange County Airport,SNA,Santa Ana,United States,1168,2.7,2026-11-15,12:26 AM
American Airlines,Boeing 737-823,B738,AA1350,Cancun International Airport,CUN,Cancun,Mexico,John F Kennedy International Airport,JFK,New York,United States,1353,3.09,2026-05-15,12:31 AM
American Airlines,Boeing 737 MAX 8,B38M,AA2755,Miami International Airport,MIA,Miami,United States,Los Angeles International Airport,LAX,Los Angeles,United States,2032,4.53,2026-11-15,12:35 AM
United Airlines,Boeing 737-924(ER),B739,UA1130,El Salvador International Airport,SAL,Santa Clara,El Salvador,George Bush Intcntl/Houston Airport,IAH,Houston,United States,1053,2.45,2026-08-15,12:58 AM
United Airlines,Boeing 737-924(ER),B739,UA404,George Bush Intcntl/Houston Airport,IAH,Houston,United States,Newark Liberty International Airport,EWR,Newark,United States,1215,2.79,2026-11-15,01:59 AM
United Airlines,Boeing 737 MAX 9,B39M,UA1819,Denver International Airport,DEN,Denver,United States,George Bush Intcntl/Houston Airport,IAH,Houston,United States,749,1.81,2026-11-15,02:08 AM
Spirit Airlines,Airbus A320-232,A320,NK224,Fort Lauderdale/Hollywood International Airport,FLL,Fort Lauderdale,United States,Baltimore/Washington International Thurgood Marshall Airport,BWI,Baltimore,United States,806,1.93,2026-11-15,02:08 AM
American Airlines,Boeing 787-9 Dreamliner,B789,AA120,Philadelphia International Airport,PHL,Philadelphia,United States,Hamad International Airport,DOH,Doha,Qatar,5896,12.72,2026-11-15,12:03 PM
American Airlines,Boeing 787-8 Dreamliner,B788,AA26,Tokyo International Airport,HND,Tokyo,Japan,Los Angeles International Airport,LAX,Los Angeles,United States,4758,10.31,2026-11-15,01:23 PM
United Airlines,Boeing 767-322(ER),B763,UA991,Barcelona International Airport,BCN,Barcelona,Spain,Washington Dulles International Airport,IAD,Washington,United States,3522,7.69,2026-11-15,01:25 PM
United Airlines,Boeing 787-9 Dreamliner,B789,UA806,Incheon International Airport,ICN,Seoul,South Korea,San Francisco International Airport,SFO,San Francisco,United States,4906,10.62,2026-11-15,01:52 PM
United Airlines,Boeing 737-724,B737,UA2399,Orlando International Airport,MCO,Orlando,United States,George Bush Intcntl/Houston Airport,IAH,Houston,United States,741,1.79,2026-11-15,02:47 PM
American Airlines,Boeing 737-823,B738,AA3103,Minneapolis-St Paul International/Wold-Chamberlain Airport,MSP,Minneapolis,United States,Dallas-Fort Worth International Airport,DFW,Dallas-Fort Worth,United States,741,1.79,2026-11-15,03:14 PM
United Airlines,Boeing 737-724,B737,UA1629,Newark Liberty International Airport,EWR,Newark,United States,Princess Juliana International Airport,SXM,Saint Martin,Netherlands,1475,3.35,2026-11-15,03:28 PM
American Airlines,Boeing 787-9 Dreamliner,B789,AA292,John F Kennedy International Airport,JFK,New York,United States,Indira Gandhi International Airport,DEL,New Delhi,India,6347,13.67,2026-11-15,03:36 PM
American Airlines,Boeing 737-823,B738,AA3099,Charlotte/Douglas International Airport,CLT,Charlotte,United States,Minneapolis-St Paul International/Wold-Chamberlain Airport,MSP,Minneapolis,United States,808,1.93,2026-11-15,03:41 PM
American Airlines,Boeing 787-8 Dreamliner,B788,AA755,Charles de Gaulle International Airport,CDG,Paris,France,Philadelphia International Airport,PHL,Philadelphia,United States,3231,7.07,2026-11-15,04:04 PM
American Airlines,Boeing 787-8 Dreamliner,B788,AA49,Charles de Gaulle International Airport,CDG,Paris,France,Dallas-Fort Worth International Airport,DFW,Dallas-Fort Worth,United States,4289,9.31,2026-11-15,04:10 PM
American Airlines,Boeing 777-223(ER),B772,AA199,Malpensa International Airport,MXP,Milan,Italy,John F Kennedy International Airport,JFK,New York,United States,3463,7.56,2026-11-15,04:17 PM
Spirit Airlines,Airbus A320-271N,A20N,NK284,Orlando International Airport,MCO,Orlando,United States,Cyril E King Airport,STT,Charlotte Amalie,Virgin Islands Us,1083,2.51,2026-11-15,04:19 PM
United Airlines,Boeing 777-222(ER),B772,UA879,London Heathrow Airport,LHR,London,United Kingdom,George Bush Intcntl/Houston Airport,IAH,Houston,United States,4192,9.11,2026-11-15,04:22 PM
American Airlines,Boeing 787-8 Dreamliner,B788,AA259,Lisbon Portela Airport,LIS,Lisbon,Portugal,Philadelphia International Airport,PHL,Philadelphia,United States,2997,6.57,2026-11-15,04:25 PM
United Airlines,Boeing 737-924(ER),B739,UA433,Orlando International Airport,MCO,Orlando,United States,San Francisco International Airport,SFO,San Francisco,United States,2122,4.72,2026-11-15,04:39 PM
American Airlines,Boeing 787-9 Dreamliner,B789,AA121,Hamad International Airport,DOH,Doha,Qatar,Philadelphia International Airport,PHL,Philadelphia,United States,5896,12.72,2026-11-15,04:42 PM
American Airlines,Boeing 787-8 Dreamliner,B788,AA95,Madrid Barajas International Airport,MAD,Madrid,Spain,John F Kennedy International Airport,JFK,New York,United States,3111,6.81,2026-01-15,04:44 PM
American Airlines,Boeing 777-223(ER),B772,AA705,Frankfurt am Main International Airport,FRA,Frankfurt am Main,Germany,Charlotte/Douglas International Airport,CLT,Charlotte,United States,3811,8.3,2026-11-15,05:10 PM
United Airlines,Boeing 737-824,B738,UA2153,Cleveland-Hopkins International Airport,CLE,Cleveland,United States,San Francisco International Airport,SFO,San Francisco,United States,1873,4.19,2026-11-15,05:19 PM
Spirit Airlines,Airbus A321-271NX,A21N,NK783,Fort Lauderdale/Hollywood International Airport,FLL,Fort Lauderdale,United States,Punta Cana International Airport,PUJ,Punta Cana,Dominican Republic,794,1.9,2026-02-15,05:42 PM
Spirit Airlines,Airbus A320-271N,A20N,NK223,Baltimore/Washington International Thurgood Marshall Airport,BWI,Baltimore,United States,Fort Lauderdale/Hollywood International Airport,FLL,Fort Lauderdale,United States,806,1.93,2026-11-15,05:47 PM
American Airlines,Boeing 737 MAX 8,B38M,AA1337,Miami International Airport,MIA,Miami,United States,V.C. Bird International Airport,ANU,St. George,Antigua And Barbuda,1155,2.67,2026-11-15,05:56 PM
American Airlines,Boeing 777-223(ER),B772,AA69,Madrid Barajas International Airport,MAD,Madrid,Spain,Miami International Airport,MIA,Miami,United States,3837,8.35,2026-11-15,06:01 PM
United Airlines,Boeing 787-8 Dreamliner,B788,UA914,Charles de Gaulle International Airport,CDG,Paris,France,Washington Dulles International Airport,IAD,Washington,United States,3350,7.32,2026-11-15,06:21 PM
American Airlines,Boeing 787-8 Dreamliner,B788,AA743,Barcelona International Airport,BCN,Barcelona,Spain,Philadelphia International Airport,PHL,Philadelphia,United States,3402,7.43,2026-11-15,06:43 PM
United Airlines,Boeing 757-224,B752,UA2675,George Bush Intcntl/Houston Airport,IAH,Houston,United States,Los Angeles International Airport,LAX,Los Angeles,United States,1196,2.75,2026-11-15,06:46 PM
United Airlines,Boeing 737-824,B738,UA2315,San Francisco International Airport,SFO,San Francisco,United States,Seattle-Tacoma International Airport,SEA,Seattle,United States,590,1.47,2026-11-15,06:50 PM
Spirit Airlines,Airbus A321-271NX,A21N,NK3718,Newark Liberty International Airport,EWR,Newark,United States,Dallas-Fort Worth International Airport,DFW,Dallas-Fort Worth,United States,1190,2.74,2026-11-15,06:52 PM
Spirit Airlines,Airbus A320-271N,A20N,NK461,George Bush Intcntl/Houston Airport,IAH,Houston,United States,Los Angeles International Airport,LAX,Los Angeles,United States,1196,2.75,2026-04-15,07:02 PM
United Airlines,Boeing 787-8 Dreamliner,B788,UA986,Charles de Gaulle International Airport,CDG,Paris,France,Chicago O'Hare International Airport,ORD,Chicago,United States,3599,7.85,2026-11-15,07:04 PM
United Airlines,Boeing 737 MAX 8,B38M,UA433,San Francisco International Airport,SFO,San Francisco,United States,Rogue Valley International - Medford Airport,MFR,Medford,United States,286,0.83,2026-11-15,07:37 PM
United Airlines,Airbus A319-131,A319,UA669,Philadelphia International Airport,PHL,Philadelphia,United States,George Bush Intcntl/Houston Airport,IAH,Houston,United States,1150,2.66,2026-11-15,08:03 PM
United Airlines,Boeing 737-924(ER),B739,UA2105,George Bush Intcntl/Houston Airport,IAH,Houston,United States,Miami International Airport,MIA,Miami,United States,837,1.99,2026-11-15,08:25 PM
Spirit Airlines,Airbus A320-232,A320,NK746,Charlotte/Douglas International Airport,CLT,Charlotte,United States,Newark Liberty International Airport,EWR,Newark,United States,459,1.19,2026-11-15,09:05 PM
United Airlines,Boeing 777-222(ER),B772,UA131,Newark Liberty International Airport,EWR,Newark,United States,Tokyo International Airport,HND,Tokyo,Japan,5861,12.64,2026-11-16,02:09 AM
China United Airlines,Boeing 737-89P,B738,KN5537,Beijing Daxing International Airport,PKX,Beijing,China,Yanji Chaoyangchuan Airport,YNJ,Yanji,China,623,1.54,2026-11-16,04:59 AM
United Airlines,Boeing 737-724,B737,UA541,Hewanorra International Airport,UVF,Vieux Fort,Saint Lucia,Chicago O'Hare International Airport,ORD,Chicago,United States,2199,4.88,2026-11-16,06:45 PM
United Airlines,Boeing 737 MAX 9,B39M,UA1462,Newark Liberty International Airport,EWR,Newark,United States,Sangster International Airport,MBJ,Montego Bay,Jamaica,1346,3.07,2026-11-16,06:48 PM
American Airlines,Airbus A319-115,A319,AA2196,Miami International Airport,MIA,Miami,United States,Licenciado Manuel Crescencio Rejon Int Airport,MID,Merida,Mexico,593,1.48,2026-11-16,07:00 PM
Spirit Airlines,Airbus A321-231,A321,NK702,Norman Manley International Airport,KIN,Kingston,Jamaica,Fort Lauderdale/Hollywood International Airport,FLL,Fort Lauderdale,United States,523,1.33,2026-11-16,07:06 PM
American Airlines,Airbus A321-231,A321,AA783,Charlotte/Douglas International Airport,CLT,Charlotte,United States,Luis Munoz Marin International Airport,SJU,San Juan,Puerto Rico,1283,2.94,2026-11-16,07:19 PM
American Airlines,Boeing 737-823,B738,AA2173,Miami International Airport,MIA,Miami,United States,Rafael Nunez International Airport,CTG,Cartagena,Colombia,961,2.26,2026-11-16,07:33 PM
United Airlines,Boeing 737-924(ER),B739,UA420,George Bush Intcntl/Houston Airport,IAH,Houston,United States,Punta Cana International Airport,PUJ,Punta Cana,Dominican Republic,1622,3.66,2026-11-16,07:40 PM
Spirit Airlines,Airbus A320-271N,A20N,NK1030,Cancun International Airport,CUN,Cancun,Mexico,Baltimore/Washington International Thurgood Marshall Airport,BWI,Baltimore,United States,1209,2.78,2026-11-16,07:53 PM
United Airlines,Boeing 737 MAX 8,B38M,UA1091,Licenciado Benito Juarez International Airport,MEX,Mexico City,Mexico,George Bush Intcntl/Houston Airport,IAH,Houston,United States,665,1.63,2026-11-16,07:56 PM
American Airlines,Boeing 737-823,B738,AA480,Charlotte/Douglas International Airport,CLT,Charlotte,United States,Sir Grantley Adams International Airport,BGI,Bridgetown,Barbados,1766,3.96,2026-11-16,08:14 PM
United Airlines,Boeing 737-724,B737,UA2427,Luis Munoz Marin International Airport,SJU,San Juan,Puerto Rico,Princess Juliana International Airport,SXM,Saint Martin,Netherlands,167,0.57,2026-11-16,08:37 PM
United Airlines,Boeing 737 MAX 8,B38M,UA1676,Jose Maria Cordova International Airport,MDE,Rionegro,Colombia,George Bush Intcntl/Houston Airport,IAH,Houston,United States,1820,4.08,2026-11-16,08:40 PM
United Airlines,Boeing 767-424(ER),B764,UA1173,Luis Munoz Marin International Airport,SJU,San Juan,Puerto Rico,Newark Liberty International Airport,EWR,Newark,United States,1401,3.19,2026-11-16,08:54 PM
United Airlines,Boeing 737 MAX 9,B39M,UA1863,Punta Cana International Airport,PUJ,Punta Cana,Dominican Republic,Chicago O'Hare International Airport,ORD,Chicago,United States,1724,3.87,2026-11-16,09:05 PM
American Airlines,Boeing 737-823,B738,AA1080,Juan Santamaria International Airport,SJO,San Jose,Costa Rica,Dallas-Fort Worth International Airport,DFW,Dallas-Fort Worth,United States,1547,3.5,2026-11-16,09:16 PM
American Airlines,Airbus A321-231,A321,AA2437,Luis Munoz Marin International Airport,SJU,San Juan,Puerto Rico,Miami International Airport,MIA,Miami,United States,908,2.14,2026-11-16,09:34 PM
Spirit Airlines,Airbus A320-271N,A20N,NK408,Alfonso Bonilla Aragon International Airport,CLO,Cali,Colombia,Fort Lauderdale/Hollywood International Airport,FLL,Fort Lauderdale,United States,1370,3.12,2026-11-16,09:37 PM
Spirit Airlines,Airbus A320-271N,A20N,NK239,Ernesto Cortissoz International Airport,BAQ,Barranquilla,Colombia,Fort Lauderdale/Hollywood International Airport,FLL,Fort Lauderdale,United States,961,2.26,2026-11-16,09:39 PM
American Airlines,Boeing 737-823,B738,AA2329,Gregorio Luperon International Airport,POP,Puerto Plata,Dominican Republic,Miami International Airport,MIA,Miami,United States,648,1.59,2026-11-16,09:41 PM
Spirit Airlines,Airbus A320-271N,A20N,NK236,Jose Maria Cordova International Airport,MDE,Rionegro,Colombia,Fort Lauderdale/Hollywood International Airport,FLL,Fort Lauderdale,United States,1226,2.82,2026-03-16,09:50 PM
American Airlines,Boeing 737-823,B738,AA355,Owen Roberts International Airport,GCM,Georgetown,Cayman Islands,Dallas-Fort Worth International Airport,DFW,Dallas-Fort Worth,United States,1173,2.71,2026-11-16,10:04 PM
American Airlines,Airbus A321-231,A321,AA1116,Cancun International Airport,CUN,Cancun,Mexico,Charlotte/Douglas International Airport,CLT,Charlotte,United States,907,2.14,2026-11-16,10:42 PM
Spirit Airlines,Airbus A320-271N,A20N,NK1474,Jose Maria Cordova International Airport,MDE,Rionegro,Colombia,Orlando International Airport,MCO,Orlando,United States,1378,3.14,2026-11-16,11:11 PM
American Airlines,Boeing 737-823,B738,AA2502,Henry E Rohlsen Airport,STX,Christiansted,Virgin Islands Us,Charlotte/Douglas International Airport,CLT,Charlotte,United States,1359,3.1,2026-11-16,11:12 PM
American Airlines,Boeing 737-823,B738,AA3010,Comayagua-Palmerola International Airport,XPL,Comayagua,Honduras,Dallas-Fort Worth International Airport,DFW,Dallas-Fort Worth,United States,1225,2.82,2026-11-16,11:13 PM
American Airlines,Boeing 737 MAX 8,B38M,AA462,Miami International Airport,MIA,Miami,United States,Harry Reid International Airport,LAS,Las Vegas,United States,1887,4.22,2026-11-16,11:14 PM
American Airlines,Boeing 737-823,B738,AA3214,Hewanorra International Airport,UVF,Vieux Fort,Saint Lucia,Charlotte/Douglas International Airport,CLT,Charlotte,United States,1683,3.79,2026-11-16,11:39 PM
United Airlines,Boeing 737-924(ER),B739,UA389,Sir Grantley Adams International Airport,BGI,Bridgetown,Barbados,Newark Liberty International Airport,EWR,Newark,United States,1829,4.1,2026-11-16,11:51 PM
United Airlines,Boeing 737 MAX 8,B38M,UA614,Flamingo International Airport,BON,Kralendijk,Netherlands,Newark Liberty International Airport,EWR,Newark,United States,1743,3.91,2026-01-17,12:13 AM
American Airlines,Boeing 737-823,B738,AA2147,Miami International Airport,MIA,Miami,United States,Orlando International Airport,MCO,Orlando,United States,167,0.57,2026-11-17,12:14 AM
American Airlines,Boeing 737-823,B738,AA2213,Miami International Airport,MIA,Miami,United States,Laguardia Airport,LGA,New York,United States,955,2.24,2026-11-17,12:18 AM
United Airlines,Boeing 737-924(ER),B739,UA2284,Hato International Airport,CUR,Willemstad,Curacao,Newark Liberty International Airport,EWR,Newark,United States,1733,3.89,2026-11-17,12:27 AM
American Airlines,Airbus A321-253NX,A21N,AA385,Miami International Airport,MIA,Miami,United States,Jorge Chavez International Airport,LIM,Lima,Peru,2278,5.05,2026-11-17,12:50 AM
American Airlines,Airbus A319-132,A319,AA1284,Miami International Airport,MIA,Miami,United States,Lynden Pindling International Airport,NAS,Nassau,Bahamas,160,0.56,2026-11-17,01:06 AM
Spirit Airlines,Airbus A320-271N,A20N,NK3163,Orlando International Airport,MCO,Orlando,United States,Luis Munoz Marin International Airport,SJU,San Juan,Puerto Rico,1033,2.41,2026-11-17,01:11 AM
American Airlines,Boeing 737-823,B738,AA638,Miami International Airport,MIA,Miami,United States,Raleigh-Durham International Airport,RDU,Raleigh/Durham,United States,610,1.51,2026-11-17,01:17 AM
United Airlines,Boeing 737 MAX 8,B38M,UA1227,George Bush Intcntl/Houston Airport,IAH,Houston,United States,Miami International Airport,MIA,Miami,United States,837,1.99,2026-11-17,01:20 AM
American Airlines,Airbus A321-253N,A21N,AA1093,Miami International Airport,MIA,Miami,United States,Harry Reid International Airport,LAS,Las Vegas,United States,1887,4.22,2026-11-17,01:27 AM
American Airlines,Boeing 737-823,B738,AA3037,Dallas-Fort Worth International Airport,DFW,Dallas-Fort Worth,United States,Richmond International Airport,RIC,Richmond,United States,1004,2.35,2026-02-17,01:54 AM
American Airlines,Airbus A321-253N,A21N,AA2426,Miami International Airport,MIA,Miami,United States,San Francisco International Airport,SFO,San Francisco,United States,2243,4.97,2026-04-17,01:58 AM
United Airlines,Boeing 737-824,B738,UA2093,George Bush Intcntl/Houston Airport,IAH,Houston,United States,Tampa International Airport,TPA,Tampa,United States,683,1.67,2026-11-17,02:00 AM
United Airlines,Boeing 737-824,B738,UA2237,George Bush Intcntl/Houston Airport,IAH,Houston,United States,Fort Lauderdale/Hollywood International Airport,FLL,Fort Lauderdale,United States,838,2,2026-11-17,02:14 AM
American Airlines,Boeing 737-823,B738,AA1942,Charlotte/Douglas International Airport,CLT,Charlotte,United States,Laguardia Airport,LGA,New York,United States,473,1.22,2026-11-17,02:20 AM
American Airlines,Boeing 737-823,B738,AA3118,Miami International Airport,MIA,Miami,United States,Philadelphia International Airport,PHL,Philadelphia,United States,882,2.09,2026-11-17,02:32 AM
American Airlines,Boeing 737 MAX 8,B38M,AA257,Miami International Airport,MIA,Miami,United States,Licenciado Benito Juarez International Airport,MEX,Mexico City,Mexico,1107,2.57,2026-11-17,02:45 AM
United Airlines,Airbus A320-232,A320,UA2077,San Francisco International Airport,SFO,San Francisco,United States,Austin-Bergstrom International Airport,AUS,Austin,United States,1305,2.99,2026-02-17,03:13 AM
United Airlines,Boeing 737 MAX 9,B39M,UA1489,Newark Liberty International Airport,EWR,Newark,United States,Cibao International Airport,STI,Santiago,Dominican Republic,1291,2.96,2026-05-17,03:16 AM
American Airlines,Boeing 737 MAX 8,B38M,AA1483,Miami International Airport,MIA,Miami,United States,Simon Bolivar International Airport,GYE,Guayaquil,Ecuador,1678,3.78,2026-11-17,03:20 AM
American Airlines,Boeing 737 MAX 8,B38M,AA3073,Miami International Airport,MIA,Miami,United States,Los Angeles International Airport,LAX,Los Angeles,United States,2032,4.53,2026-11-17,03:24 AM
American Airlines,Airbus A319-115,A319,AA1246,Miami International Airport,MIA,Miami,United States,Toronto Pearson International Airport,YYZ,Mississauga,Canada,1074,2.5,2026-11-17,03:33 AM
United Airlines,Boeing 737 MAX 8,B38M,UA2357,George Bush Intcntl/Houston Airport,IAH,Houston,United States,Southwest Florida International Airport,RSW,Fort Myers,United States,746,1.8,2026-11-17,03:39 AM
American Airlines,Boeing 737 MAX 8,B38M,AA473,Miami International Airport,MIA,Miami,United States,Nuevo Aeropuerto Internacional Mariscal Sucre,UIO,Quito,Ecuador,1561,3.53,2026-02-17,03:47 AM
United Airlines,Boeing 737 MAX 9,B39M,UA2078,George Bush Intcntl/Houston Airport,IAH,Houston,United States,Phoenix Sky Harbor International Airport,PHX,Phoenix,United States,875,2.07,2026-01-17,03:50 AM
United Airlines,Boeing 767-424(ER),B764,UA54,Newark Liberty International Airport,EWR,Newark,United States,Charles de Gaulle International Airport,CDG,Paris,France,3162,6.92,2026-11-17,08:58 AM
United Airlines,Boeing 767-424(ER),B764,UA31,Munich International Airport,MUC,Munich,Germany,Newark Liberty International Airport,EWR,Newark,United States,3511,7.66,2026-07-17,11:58 AM
United Airlines,Boeing 787-9 Dreamliner,B789,UA82,Newark Liberty International Airport,EWR,Newark,United States,Indira Gandhi International Airport,DEL,New Delhi,India,6352,13.69,2026-04-17,12:38 PM
American Airlines,Boeing 787-9 Dreamliner,B789,AA91,London Heathrow Airport,LHR,London,United Kingdom,Chicago O'Hare International Airport,ORD,Chicago,United States,3426,7.48,2026-02-17,01:15 PM
China United Airlines,Boeing 737-89P,B738,KN5832,Zhuhai Airport,ZUH,Zhuhai,China,Beijing Daxing International Airport,PKX,Beijing,China,1062,2.47,2026-11-17,01:47 PM
United Airlines,Boeing 737-824,B738,UA158,Palau International Airport,ROR,Babelthuap Island,Palau,Guam International Airport,GUM,Guam,Guam,710,1.72,2026-11-17,06:50 PM
American Airlines,Airbus A319-115,A319,AA2196,Licenciado Manuel Crescencio Rejon Int Airport,MID,Merida,Mexico,Miami International Airport,MIA,Miami,United States,593,1.48,2026-11-17,09:34 PM
American Airlines,Airbus A319-115,A319,AA1195,Cyril E King Airport,STT,Charlotte Amalie,Virgin Islands Us,Charlotte/Douglas International Airport,CLT,Charlotte,United States,1323,3.02,2026-11-17,09:38 PM
American Airlines,Boeing 737-823,B738,AA1024,El Salvador International Airport,SAL,Santa Clara,El Salvador,Dallas-Fort Worth International Airport,DFW,Dallas-Fort Worth,United States,1247,2.86,2026-11-17,09:40 PM
American Airlines,Airbus A321-231,A321,AA875,Sangster International Airport,MBJ,Montego Bay,Jamaica,Charlotte/Douglas International Airport,CLT,Charlotte,United States,1016,2.37,2026-11-17,10:21 PM
United Airlines,Boeing 737-924(ER),B739,UA1121,Daniel Oduber Quiros International Airport,LIR,Liberia,Costa Rica,Chicago O'Hare International Airport,ORD,Chicago,United States,1888,4.22,2026-11-17,10:40 PM
American Airlines,Boeing 737-823,B738,AA2211,Henry E Rohlsen Airport,STX,Christiansted,Virgin Islands Us,Miami International Airport,MIA,Miami,United States,990,2.32,2026-11-17,10:41 PM
American Airlines,Airbus A321-231,A321,AA783,Luis Munoz Marin International Airport,SJU,San Juan,Puerto Rico,Charlotte/Douglas International Airport,CLT,Charlotte,United States,1283,2.94,2026-11-17,10:51 PM
American Airlines,Boeing 737-823,B738,AA3132,Cancun International Airport,CUN,Cancun,Mexico,Phoenix Sky Harbor International Airport,PHX,Phoenix,United States,1528,3.46,2026-11-17,11:14 PM
Spirit Airlines,Airbus A320-271N,A20N,NK886,Queen Beatrix International Airport,AUA,Oranjestad,Aruba,Fort Lauderdale/Hollywood International Airport,FLL,Fort Lauderdale,United States,996,2.33,2026-11-17,11:36 PM
American Airlines,Airbus A321-253NX,A21N,AA1329,Luis Munoz Marin International Airport,SJU,San Juan,Puerto Rico,Miami International Airport,MIA,Miami,United States,908,2.14,2026-01-17,11:38 PM
American Airlines,Boeing 737-823,B738,Unknown,Princess Juliana International Airport,SXM,Saint Martin,Netherlands,Miami International Airport,MIA,Miami,United States,1063,2.47,2026-11-17,11:52 PM
United Airlines,Boeing 737 MAX 8,B38M,UA1952,Juan Santamaria International Airport,SJO,San Jose,Costa Rica,Chicago O'Hare International Airport,ORD,Chicago,United States,1930,4.31,2026-11-17,11:52 PM
United Airlines,Boeing 737 MAX 9,B39M,UA1133,Cancun International Airport,CUN,Cancun,Mexico,Washington Dulles International Airport,IAD,Washington,United States,1177,2.71,2026-11-18,12:44 AM
United Airlines,Boeing 737-724,B737,UA1223,Princess Juliana International Airport,SXM,Saint Martin,Netherlands,Washington Dulles International Airport,IAD,Washington,United States,1460,3.31,2026-11-18,12:47 AM
American Airlines,Boeing 737-823,B738,AA2518,Miami International Airport,MIA,Miami,United States,Indianapolis International Airport,IND,Indianapolis,United States,889,2.1,2026-11-18,01:14 AM
United Airlines,Boeing 737-824,B738,UA1278,George Bush Intcntl/Houston Airport,IAH,Houston,United States,Philadelphia International Airport,PHL,Philadelphia,United States,1150,2.66,2026-11-18,01:19 AM
American Airlines,Boeing 737-823,B738,AA1357,Miami International Airport,MIA,Miami,United States,John F Kennedy International Airport,JFK,New York,United States,949,2.23,2026-11-18,01:26 AM
Spirit Airlines,Airbus A321-271NX,A21N,NK3950,Fort Lauderdale/Hollywood International Airport,FLL,Fort Lauderdale,United States,Louis Armstrong New Orleans International Airport,MSY,New Orleans,United States,585,1.46,2026-11-18,01:32 AM
Spirit Airlines,Airbus A320-232,A320,NK707,Fort Lauderdale/Hollywood International Airport,FLL,Fort Lauderdale,United States,Atlantic City International Airport,ACY,Atlantic City,United States,851,2.02,2026-11-18,02:07 AM
American Airlines,Boeing 737 MAX 8,B38M,AA915,Miami International Airport,MIA,Miami,United States,El Dorado International Airport,BOG,Bogota,Colombia,1315,3.01,2026-11-18,02:12 AM
American Airlines,Boeing 737-823,B738,AA2648,Miami International Airport,MIA,Miami,United States,Ronald Reagan Washington Ntl Airport,DCA,Washington,United States,801,1.92,2026-11-18,02:22 AM
United Airlines,Boeing 777-322(ER),B77W,UA862,Chek Lap Kok International Airport,HKG,Hong Kong,Hong Kong,San Francisco International Airport,SFO,San Francisco,United States,6009,12.96,2026-11-18,02:23 AM
American Airlines,Boeing 737-823,B738,AA1396,Miami International Airport,MIA,Miami,United States,Austin-Bergstrom International Airport,AUS,Austin,United States,957,2.25,2026-11-18,02:34 AM
United Airlines,Boeing 737 MAX 8,B38M,UA2384,George Bush Intcntl/Houston Airport,IAH,Houston,United States,Portland International Airport,PDX,Portland,United States,1584,3.58,2026-03-18,02:34 AM
American Airlines,Airbus A321-253N,A21N,AA636,Miami International Airport,MIA,Miami,United States,Hartsfield - Jackson Atlanta International Airport,ATL,Atlanta,United States,518,1.32,2026-11-18,02:44 AM
United Airlines,Boeing 737 MAX 9,B39M,UA1578,Los Angeles International Airport,LAX,Los Angeles,United States,Phoenix Sky Harbor International Airport,PHX,Phoenix,United States,321,0.9,2026-11-18,02:58 AM
Spirit Airlines,Airbus A320-232,A320,NK370,Fort Lauderdale/Hollywood International Airport,FLL,Fort Lauderdale,United States,Baltimore/Washington International Thurgood Marshall Airport,BWI,Baltimore,United States,806,1.93,2026-11-18,02:58 AM
American Airlines,Airbus A321-253N,A21N,AA967,Luis Munoz Marin International Airport,SJU,San Juan,Puerto Rico,Miami International Airport,MIA,Miami,United States,908,2.14,2026-11-18,03:03 AM
Spirit Airlines,Airbus A321-271NX,A21N,NK847,Philadelphia International Airport,PHL,Philadelphia,United States,Los Angeles International Airport,LAX,Los Angeles,United States,2082,4.63,2026-11-18,03:05 AM
American Airlines,Boeing 737 MAX 8,B38M,AA2578,Miami International Airport,MIA,Miami,United States,San Diego International Airport,SAN,San Diego,United States,1967,4.39,2026-11-18,03:18 AM
United Airlines,Boeing 737-824,B738,UA150,Kansai International Airport,KIX,Osaka,Japan,Guam International Airport,GUM,Guam,Guam,1360,3.1,2026-11-18,03:45 AM
American Airlines,Airbus A321-253NX,A21N,AA143,Los Angeles International Airport,LAX,Los Angeles,United States,Daniel K Inouye International Airport,HNL,Honolulu,United States,2218,4.92,2026-11-18,04:00 AM
American Airlines,Airbus A321-211,A321,AA1482,Charlotte/Douglas International Airport,CLT,Charlotte,United States,San Diego International Airport,SAN,San Diego,United States,1801,4.04,2026-11-18,04:02 AM
United Airlines,Boeing 787-9 Dreamliner,B789,UA1122,Newark Liberty International Airport,EWR,Newark,United States,Cape Town International Airport,CPT,Cape Town,South Africa,6799,14.63,2026-11-18,04:08 AM
United Airlines,Boeing 737 MAX 9,B39M,UA1929,Orlando International Airport,MCO,Orlando,United States,Los Angeles International Airport,LAX,Los Angeles,United States,1924,4.3,2026-11-18,04:08 AM
American Airlines,Airbus A321-231,A321,AA1974,Harry Reid International Airport,LAS,Las Vegas,United States,Dallas-Fort Worth International Airport,DFW,Dallas-Fort Worth,United States,915,2.16,2026-11-18,04:13 AM
United Airlines,Boeing 737-824,B738,UA1342,San Francisco International Airport,SFO,San Francisco,United States,John Wayne/Orange County Airport,SNA,Santa Ana,United States,323,0.9,2026-03-18,04:15 AM
American Airlines,Boeing 737-823,B738,AA544,Ronald Reagan Washington Ntl Airport,DCA,Washington,United States,Tampa International Airport,TPA,Tampa,United States,708,1.72,2026-11-18,04:20 AM
American Airlines,Boeing 737-823,B738,AA434,Charlotte/Douglas International Airport,CLT,Charlotte,United States,Austin-Bergstrom International Airport,AUS,Austin,United States,896,2.12,2026-11-18,04:24 AM
United Airlines,Boeing 737 MAX 9,B39M,UA1744,Southwest Florida International Airport,RSW,Fort Myers,United States,Newark Liberty International Airport,EWR,Newark,United States,933,2.2,2026-11-18,04:28 AM
United Airlines,Boeing 737-724,B737,UA2322,George Bush Intcntl/Houston Airport,IAH,Houston,United States,Baltimore/Washington International Thurgood Marshall Airport,BWI,Baltimore,United States,1072,2.49,2026-11-18,04:33 AM
American Airlines,Boeing 737-823,B738,AA1797,Dallas-Fort Worth International Airport,DFW,Dallas-Fort Worth,United States,Harry Reid International Airport,LAS,Las Vegas,United States,915,2.16,2026-11-18,04:40 AM
American Airlines,Boeing 737-823,B738,AA2992,Dallas-Fort Worth International Airport,DFW,Dallas-Fort Worth,United States,Greenville Spartanburg International Airport,GSP,Greer,United States,747,1.8,2026-11-18,04:42 AM
American Airlines,Boeing 737-823,B738,AA3234,Chicago O'Hare International Airport,ORD,Chicago,United States,George Bush Intcntl/Houston Airport,IAH,Houston,United States,805,1.93,2026-11-18,04:43 AM
Spirit Airlines,Airbus A320-271N,A20N,NK3168,Miami International Airport,MIA,Miami,United States,Harry Reid International Airport,LAS,Las Vegas,United States,1887,4.22,2026-11-18,04:48 AM
United Airlines,Boeing 737 MAX 8,B38M,UA1231,Miami International Airport,MIA,Miami,United States,Newark Liberty International Airport,EWR,Newark,United States,945,2.22,2026-11-18,04:50 AM
American Airlines,Boeing 737-823,B738,AA2597,Dallas-Fort Worth International Airport,DFW,Dallas-Fort Worth,United States,Bob Hope Airport,BUR,Burbank,United States,1068,2.48,2026-11-18,04:51 AM
American Airlines,Airbus A320-232,A320,AA691,Phoenix Sky Harbor International Airport,PHX,Phoenix,United States,Austin-Bergstrom International Airport,AUS,Austin,United States,756,1.82,2026-11-18,04:52 AM
Spirit Airlines,Airbus A320-271N,A20N,NK490,George Bush Intcntl/Houston Airport,IAH,Houston,United States,Harry Reid International Airport,LAS,Las Vegas,United States,1060,2.47,2026-05-18,04:53 AM
Spirit Airlines,Airbus A320-232,A320,NK2165,Philadelphia International Airport,PHL,Philadelphia,United States,Luis Munoz Marin International Airport,SJU,San Juan,Puerto Rico,1373,3.13,2026-11-18,05:01 AM
United Airlines,Airbus A319-131,A319,UA1216,George Bush Intcntl/Houston Airport,IAH,Houston,United States,Greenville Spartanburg International Airport,GSP,Greer,United States,727,1.76,2026-11-18,05:02 AM
Spirit Airlines,Airbus A320-232,A320,NK199,Orlando International Airport,MCO,Orlando,United States,Newark Liberty International Airport,EWR,Newark,United States,816,1.95,2026-11-18,05:06 AM
Spirit Airlines,Airbus A321-271NX,A21N,NK777,Fort Lauderdale/Hollywood International Airport,FLL,Fort Lauderdale,United States,Harry Reid International Airport,LAS,Las Vegas,United States,1886,4.22,2026-02-18,05:07 AM
United Airlines,Boeing 737 MAX 8,B38M,UA1112,Lihue Airport,LIH,Lihue,United States,San Francisco International Airport,SFO,San Francisco,United States,2124,4.72,2026-03-18,05:13 AM
American Airlines,Airbus A321-253NX,A21N,AA162,Daniel K Inouye International Airport,HNL,Honolulu,United States,Los Angeles International Airport,LAX,Los Angeles,United States,2218,4.92,2026-11-18,05:14 AM
United Airlines,Boeing 737-824,B738,UA1311,George Bush Intcntl/Houston Airport,IAH,Houston,United States,Norfolk International Airport,ORF,Norfolk,United States,1042,2.43,2026-11-18,05:25 AM
Spirit Airlines,Airbus A321-271NX,A21N,NK419,Los Angeles International Airport,LAX,Los Angeles,United States,Dallas-Fort Worth International Airport,DFW,Dallas-Fort Worth,United States,1071,2.49,2026-11-18,05:27 AM
United Airlines,Boeing 787-9 Dreamliner,B789,UA101,George Bush Intcntl/Houston Airport,IAH,Houston,United States,Sydney Kingsford Smith International Airport,SYD,Sydney,Australia,7471,16.06,2026-11-18,05:28 AM
American Airlines,Boeing 737-823,B738,AA1594,Miami International Airport,MIA,Miami,United States,St Louis Lambert International Airport,STL,St Louis,United States,930,2.19,2026-11-18,05:32 AM
American Airlines,Boeing 737-823,B738,AA1054,Miami International Airport,MIA,Miami,United States,General Edward Lawrence Logan International Airport,BOS,Boston,United States,1095,2.54,2026-11-18,05:52 AM
American Airlines,Airbus A321-231,A321,AA952,Dallas-Fort Worth International Airport,DFW,Dallas-Fort Worth,United States,Philadelphia International Airport,PHL,Philadelphia,United States,1130,2.61,2026-11-18,05:56 AM
United Airlines,Airbus A320-232,A320,UA604,George Bush Intcntl/Houston Airport,IAH,Houston,United States,Salt Lake City International Airport,SLC,Salt Lake City,United States,1038,2.42,2026-11-18,05:57 AM
United Airlines,Boeing 777-222,B772,UA1170,Los Angeles International Airport,LAX,Los Angeles,United States,Daniel K Inouye International Airport,HNL,Honolulu,United States,2218,4.92,2026-11-18,06:01 AM
American Airlines,Airbus A319-132,A319,AA2230,Miami International Airport,MIA,Miami,United States,George Bush Intcntl/Houston Airport,IAH,Houston,United States,837,1.99,2026-11-18,06:15 AM
Spirit Airlines,Airbus A320-271N,A20N,NK492,Luis Munoz Marin International Airport,SJU,San Juan,Puerto Rico,Chicago O'Hare International Airport,ORD,Chicago,United States,1802,4.04,2026-11-18,06:19 AM
American Airlines,Airbus A321-253NX,A21N,AA727,Charlotte/Douglas International Airport,CLT,Charlotte,United States,Phoenix Sky Harbor International Airport,PHX,Phoenix,United States,1538,3.48,2026-11-18,06:30 AM
American Airlines,Boeing 777-223(ER),B772,AA925,Miami International Airport,MIA,Miami,United States,Guarulhos - Governador Andre Franco Montoro International Airport,GRU,Sao Paulo,Brazil,3550,7.75,2026-11-18,07:02 AM
American Airlines,Airbus A321-231,A321,AA10,Los Angeles International Airport,LAX,Los Angeles,United States,John F Kennedy International Airport,JFK,New York,United States,2146,4.77,2026-05-18,07:18 AM
United Airlines,Boeing 737 MAX 9,B39M,UA2219,Luis Munoz Marin International Airport,SJU,San Juan,Puerto Rico,Newark Liberty International Airport,EWR,Newark,United States,1401,3.19,2026-11-18,07:19 AM
Spirit Airlines,Airbus A320-271N,A20N,NK3710,Los Angeles International Airport,LAX,Los Angeles,United States,Dallas-Fort Worth International Airport,DFW,Dallas-Fort Worth,United States,1071,2.49,2026-11-18,07:32 AM
United Airlines,Boeing 737 MAX 8,B38M,UA339,El Salvador International Airport,SAL,Santa Clara,El Salvador,Newark Liberty International Airport,EWR,Newark,United States,1813,4.06,2026-11-18,07:44 AM
United Airlines,Boeing 787-9 Dreamliner,B789,UA62,George Bush Intcntl/Houston Airport,IAH,Houston,United States,Guarulhos - Governador Andre Franco Montoro International Airport,GRU,Sao Paulo,Brazil,4269,9.27,2026-11-18,07:53 AM
American Airlines,Boeing 787-9 Dreamliner,B789,AA34,Auckland International Airport,AKL,Auckland,New Zealand,Dallas-Fort Worth International Airport,DFW,Dallas-Fort Worth,United States,6472,13.94,2026-05-18,08:08 AM
United Airlines,Boeing 737 MAX 9,B39M,UA2218,Phoenix Sky Harbor International Airport,PHX,Phoenix,United States,Washington Dulles International Airport,IAD,Washington,United States,1694,3.81,2026-11-18,08:10 AM
American Airlines,Boeing 737-823,B738,AA2014,Los Angeles International Airport,LAX,Los Angeles,United States,Chicago O'Hare International Airport,ORD,Chicago,United States,1513,3.43,2026-11-18,08:33 AM
Spirit Airlines,Airbus A320-271N,A20N,NK352,Fort Lauderdale/Hollywood International Airport,FLL,Fort Lauderdale,United States,George Bush Intcntl/Houston Airport,IAH,Houston,United States,838,2,2026-11-18,08:40 AM
United Airlines,Boeing 737 MAX 8,B38M,UA1137,Los Angeles International Airport,LAX,Los Angeles,United States,La Aurora Airport,GUA,Guatemala City,Guatemala,1907,4.26,2026-11-18,08:41 AM
United Airlines,Boeing 787-10 Dreamliner,B78X,UA845,Chicago O'Hare International Airport,ORD,Chicago,United States,Guarulhos - Governador Andre Franco Montoro International Airport,GRU,Sao Paulo,Brazil,4551,9.87,2026-11-18,09:13 AM
American Airlines,Airbus A321-253NX,A21N,AA1740,Phoenix Sky Harbor International Airport,PHX,Phoenix,United States,Philadelphia International Airport,PHL,Philadelphia,United States,1800,4.04,2026-11-18,09:29 AM
United Airlines,Boeing 737 MAX 8,B38M,UA1750,Kahului Airport,OGG,Kahului,United States,San Francisco International Airport,SFO,San Francisco,United States,2030,4.52,2026-11-18,09:44 AM
Spirit Airlines,Airbus A320-271N,A20N,NK389,Los Angeles International Airport,LAX,Los Angeles,United States,Charlotte/Douglas International Airport,CLT,Charlotte,United States,1842,4.12,2026-11-18,09:48 AM
United Airlines,Boeing 737 MAX 8,B38M,UA436,San Francisco International Airport,SFO,San Francisco,United States,Toronto Pearson International Airport,YYZ,Mississauga,Canada,1959,4.37,2026-11-18,09:55 AM
United Airlines,Boeing 757-224,B752,UA2308,Lihue Airport,LIH,Lihue,United States,Denver International Airport,DEN,Denver,United States,2963,6.5,2026-11-18,10:02 AM
American Airlines,Airbus A321-231,A321,AA2851,Charlotte/Douglas International Airport,CLT,Charlotte,United States,Dallas-Fort Worth International Airport,DFW,Dallas-Fort Worth,United States,811,1.94,2026-11-18,10:11 AM
United Airlines,Boeing 737 MAX 9,B39M,UA599,San Francisco International Airport,SFO,San Francisco,United States,Pittsburgh International Airport,PIT,Pittsburgh,United States,1954,4.36,2026-11-18,10:25 AM
American Airlines,Boeing 777-223(ER),B772,AA905,Miami International Airport,MIA,Miami,United States,Galeao - Antonio Carlos Jobim International Airport,GIG,Rio De Janeiro,Brazil,3627,7.91,2026-11-18,10:43 AM
United Airlines,Boeing 767-322(ER),B763,UA129,George Bush Intcntl/Houston Airport,IAH,Houston,United States,Galeao - Antonio Carlos Jobim International Airport,GIG,Rio De Janeiro,Brazil,4367,9.48,2026-11-18,12:31 PM
United Airlines,Boeing 777-224(ER),B772,UA819,George Bush Intcntl/Houston Airport,IAH,Houston,United States,Ministro Pistarini International Airport,EZE,Ezeiza,Argentina,4413,9.57,2026-11-18,12:53 PM
American Airlines,Boeing 787-8 Dreamliner,B788,AA931,Miami International Airport,MIA,Miami,United States,Ministro Pistarini International Airport,EZE,Ezeiza,Argentina,3844,8.37,2026-11-18,01:25 PM
United Airlines,Boeing 757-224,B752,UA2441,General Edward Lawrence Logan International Airport,BOS,Boston,United States,San Francisco International Airport,SFO,San Francisco,United States,2344,5.19,2026-11-18,02:29 PM
Spirit Airlines,Airbus A321-231,A321,NK104,Chicago O'Hare International Airport,ORD,Chicago,United States,Cancun International Airport,CUN,Cancun,Mexico,1258,2.89,2026-11-18,02:29 PM
United Airlines,Airbus A319-132,A319,UA2631,Newark Liberty International Airport,EWR,Newark,United States,Sarasota/Bradenton International Airport,SRQ,Sarasota/Bradenton,United States,900,2.13,2026-11-18,02:36 PM
Spirit Airlines,Airbus A320-232,A320,NK901,Tampa International Airport,TPA,Tampa,United States,Harry Reid International Airport,LAS,Las Vegas,United States,1721,3.87,2026-11-18,02:46 PM
Spirit Airlines,Airbus A320-271N,A20N,NK2073,Baltimore/Washington International Thurgood Marshall Airport,BWI,Baltimore,United States,Los Angeles International Airport,LAX,Los Angeles,United States,2019,4.5,2026-11-18,03:11 PM
American Airlines,Boeing 737-823,B738,AA2184,Philadelphia International Airport,PHL,Philadelphia,United States,Miami International Airport,MIA,Miami,United States,882,2.09,2026-11-18,03:18 PM
United Airlines,Boeing 737-824,B738,UA1093,Denver International Airport,DEN,Denver,United States,Los Angeles International Airport,LAX,Los Angeles,United States,748,1.8,2026-05-18,03:20 PM
United Airlines,Airbus A320-232,A320,UA2201,Ronald Reagan Washington Ntl Airport,DCA,Washington,United States,Chicago O'Hare International Airport,ORD,Chicago,United States,531,1.34,2026-11-18,03:29 PM
United Airlines,Boeing 737 MAX 8,B38M,UA3931,George Bush Intcntl/Houston Airport,IAH,Houston,United States,Tocumen International Airport,PTY,Tocumen,Panama,1542,3.49,2026-11-18,03:46 PM
United Airlines,Boeing 737 MAX 9,B39M,UA433,Orlando International Airport,MCO,Orlando,United States,San Francisco International Airport,SFO,San Francisco,United States,2122,4.72,2026-04-18,03:51 PM
Spirit Airlines,Airbus A320-271N,A20N,NK390,Charlotte/Douglas International Airport,CLT,Charlotte,United States,Los Angeles International Airport,LAX,Los Angeles,United States,1842,4.12,2026-11-18,03:52 PM
United Airlines,Boeing 787-10 Dreamliner,B78X,UA65,Lisbon Portela Airport,LIS,Lisbon,Portugal,Newark Liberty International Airport,EWR,Newark,United States,2934,6.44,2026-08-18,03:56 PM
American Airlines,Airbus A319-115,A319,AA3043,John F Kennedy International Airport,JFK,New York,United States,Cyril E King Airport,STT,Charlotte Amalie,Virgin Islands Us,1414,3.22,2026-11-18,04:06 PM
United Airlines,Boeing 737 MAX 8,B38M,UA1596,Philadelphia International Airport,PHL,Philadelphia,United States,San Francisco International Airport,SFO,San Francisco,United States,2186,4.85,2026-11-18,04:08 PM
American Airlines,Airbus A319-115,A319,AA837,Miami International Airport,MIA,Miami,United States,Jose Marti International Airport,HAV,Havana,Cuba,204,0.65,2026-11-18,04:09 PM
United Airlines,Boeing 737-724,B737,UA1822,Newark Liberty International Airport,EWR,Newark,United States,Key West International Airport,EYW,Key West,United States,1041,2.43,2026-11-18,04:09 PM
Spirit Airlines,Airbus A320-271N,A20N,NK1165,Louis Armstrong New Orleans International Airport,MSY,New Orleans,United States,Tampa International Airport,TPA,Tampa,United States,423,1.12,2026-11-18,04:37 PM
Spirit Airlines,Airbus A320-271N,A20N,NK1008,Philadelphia International Airport,PHL,Philadelphia,United States,Cancun International Airport,CUN,Cancun,Mexico,1279,2.93,2026-11-18,04:47 PM
United Airlines,Airbus A319-131,A319,UA1251,Chicago O'Hare International Airport,ORD,Chicago,United States,Toronto Pearson International Airport,YYZ,Mississauga,Canada,378,1.02,2026-07-18,04:54 PM
American Airlines,Airbus A319-132,A319,AA3281,Los Angeles International Airport,LAX,Los Angeles,United States,San Francisco International Airport,SFO,San Francisco,United States,293,0.84,2026-11-18,04:59 PM
American Airlines,Boeing 787-8 Dreamliner,B788,AA203,Amsterdam Airport Schiphol,AMS,Amsterdam,Netherlands,Philadelphia International Airport,PHL,Philadelphia,United States,3238,7.08,2026-11-18,05:16 PM
United Airlines,Boeing 787-9 Dreamliner,B789,UA2434,Newark Liberty International Airport,EWR,Newark,United States,Los Angeles International Airport,LAX,Los Angeles,United States,2128,4.73,2026-11-18,05:20 PM
American Airlines,Boeing 737-823,B738,AA2002,Los Angeles International Airport,LAX,Los Angeles,United States,Harry Reid International Airport,LAS,Las Vegas,United States,205,0.65,2026-04-18,05:24 PM
American Airlines,Boeing 787-9 Dreamliner,B789,AA729,London Heathrow Airport,LHR,London,United Kingdom,Philadelphia International Airport,PHL,Philadelphia,United States,3072,6.73,2026-11-18,05:24 PM
American Airlines,Airbus A319-132,A319,AA2473,Sarasota/Bradenton International Airport,SRQ,Sarasota/Bradenton,United States,Ronald Reagan Washington Ntl Airport,DCA,Washington,United States,741,1.79,2026-05-18,05:52 PM
United Airlines,Airbus A319-131,A319,UA2659,Jacksonville International Airport,JAX,Jacksonville,United States,Chicago O'Hare International Airport,ORD,Chicago,United States,752,1.81,2026-11-18,05:56 PM
United Airlines,Airbus A320-232,A320,UA1763,San Francisco International Airport,SFO,San Francisco,United States,John Wayne/Orange County Airport,SNA,Santa Ana,United States,323,0.9,2026-11-18,06:02 PM
Spirit Airlines,Airbus A320-232,A320,NK216,Phoenix Sky Harbor International Airport,PHX,Phoenix,United States,Dallas-Fort Worth International Airport,DFW,Dallas-Fort Worth,United States,753,1.82,2026-11-18,06:11 PM
American Airlines,Boeing 737-823,B738,AA1109,Chicago O'Hare International Airport,ORD,Chicago,United States,Dallas-Fort Worth International Airport,DFW,Dallas-Fort Worth,United States,697,1.7,2026-11-18,06:40 PM
United Airlines,Boeing 737-724,B737,UA1439,Chicago O'Hare International Airport,ORD,Chicago,United States,Norfolk International Airport,ORF,Norfolk,United States,622,1.54,2026-11-18,06:45 PM
United Airlines,Boeing 737 MAX 8,B38M,UA2623,San Francisco International Airport,SFO,San Francisco,United States,Kahului Airport,OGG,Kahului,United States,2030,4.52,2026-11-18,06:53 PM
American Airlines,Airbus A319-112,A319,AA2212,Dallas-Fort Worth International Airport,DFW,Dallas-Fort Worth,United States,Monterey Regional Airport,MRY,Monterey,United States,1240,2.85,2026-11-18,06:54 PM
United Airlines,Airbus A319-131,A319,UA1355,San Francisco International Airport,SFO,San Francisco,United States,John Glenn Columbus International Airport,CMH,Columbus,United States,1838,4.12,2026-11-18,07:03 PM
Spirit Airlines,Airbus A319-132,A319,NK3930,Laguardia Airport,LGA,New York,United States,Fort Lauderdale/Hollywood International Airport,FLL,Fort Lauderdale,United States,937,2.21,2026-11-18,07:13 PM
Spirit Airlines,Airbus A320-271N,A20N,NK1,Chicago O'Hare International Airport,ORD,Chicago,United States,Fort Lauderdale/Hollywood International Airport,FLL,Fort Lauderdale,United States,1029,2.4,2026-11-18,07:15 PM
United Airlines,Boeing 737-824,B738,UA2856,Southwest Florida International Airport,RSW,Fort Myers,United States,Chicago O'Hare International Airport,ORD,Chicago,United States,977,2.29,2026-11-18,07:22 PM
United Airlines,Boeing 737 MAX 8,B38M,UA2280,Louis Armstrong New Orleans International Airport,MSY,New Orleans,United States,Newark Liberty International Airport,EWR,Newark,United States,1014,2.37,2026-02-18,07:27 PM
Spirit Airlines,Airbus A320-271N,A20N,NK2706,Dallas-Fort Worth International Airport,DFW,Dallas-Fort Worth,United States,Laguardia Airport,LGA,New York,United States,1205,2.77,2026-11-18,07:32 PM
American Airlines,Boeing 737 MAX 8,B38M,AA1185,Cancun International Airport,CUN,Cancun,Mexico,John F Kennedy International Airport,JFK,New York,United States,1353,3.09,2026-11-18,07:39 PM
United Airlines,Boeing 757-224,B752,UA1292,Harry Reid International Airport,LAS,Las Vegas,United States,Newark Liberty International Airport,EWR,Newark,United States,1931,4.31,2026-11-18,07:42 PM
American Airlines,Boeing 737-823,B738,AA939,Miami International Airport,MIA,Miami,United States,Ramon Villeda Morales International Airport,SAP,La Mesa,Honduras,754,1.82,2026-11-18,07:50 PM
American Airlines,Airbus A321-253N,A21N,AA967,Miami International Airport,MIA,Miami,United States,Luis Munoz Marin International Airport,SJU,San Juan,Puerto Rico,908,2.14,2026-11-18,07:56 PM
United Airlines,Boeing 737-824,B738,UA2184,Tampa International Airport,TPA,Tampa,United States,Chicago O'Hare International Airport,ORD,Chicago,United States,881,2.09,2026-11-18,08:03 PM
Spirit Airlines,Airbus A320-232,A320,NK395,Fort Lauderdale/Hollywood International Airport,FLL,Fort Lauderdale,United States,Chicago O'Hare International Airport,ORD,Chicago,United States,1029,2.4,2026-04-18,08:13 PM
American Airlines,Airbus A319-112,A319,AA3259,Chicago O'Hare International Airport,ORD,Chicago,United States,George Bush Intcntl/Houston Airport,IAH,Houston,United States,805,1.93,2026-11-18,08:16 PM
American Airlines,Boeing 737-823,B738,AA2964,Tocumen International Airport,PTY,Tocumen,Panama,Miami International Airport,MIA,Miami,United States,1005,2.35,2026-11-19,09:49 PM
American Airlines,Boeing 737 MAX 8,B38M,AA2334,La Aurora Airport,GUA,Guatemala City,Guatemala,Miami International Airport,MIA,Miami,United States,886,2.1,2026-11-19,09:50 PM
United Airlines,Boeing 737 MAX 8,B38M,UA1433,Augusto C. Sandino (Managua) International Airport,MGA,Managua,Nicaragua,George Bush Intcntl/Houston Airport,IAH,Houston,United States,1187,2.74,2026-11-19,10:14 PM
Spirit Airlines,Airbus A321-271NX,A21N,NK1844,Miami International Airport,MIA,Miami,United States,Luis Munoz Marin International Airport,SJU,San Juan,Puerto Rico,908,2.14,2026-11-19,10:34 PM
Spirit Airlines,Airbus A321-231,A321,NK784,Punta Cana International Airport,PUJ,Punta Cana,Dominican Republic,Fort Lauderdale/Hollywood International Airport,FLL,Fort Lauderdale,United States,794,1.9,2026-11-19,10:45 PM
American Airlines,Boeing 737 MAX 8,B38M,AA2691,Martinique Aime Cesaire International Airport,FDF,Fort-de-France,Martinique,Miami International Airport,MIA,Miami,United States,1276,2.92,2026-11-19,10:59 PM
American Airlines,Airbus A321-253N,A21N,AA1639,Miami International Airport,MIA,Miami,United States,Denver International Airport,DEN,Denver,United States,1484,3.37,2026-04-20,12:04 AM
American Airlines,Boeing 737-823,B738,AA9604,Miami International Airport,MIA,Miami,United States,Juan Santamaria International Airport,SJO,San Jose,Costa Rica,975,2.29,2026-11-20,12:35 AM
American Airlines,Boeing 737 MAX 8,B38M,AA2541,Miami International Airport,MIA,Miami,United States,George Bush Intcntl/Houston Airport,IAH,Houston,United States,837,1.99,2026-07-20,01:38 AM
United Airlines,Boeing 737 MAX 9,B39M,UA1277,Cancun International Airport,CUN,Cancun,Mexico,Los Angeles International Airport,LAX,Los Angeles,United States,1839,4.12,2026-11-20,01:45 AM
American Airlines,Airbus A319-115,A319,AA409,Miami International Airport,MIA,Miami,United States,L.F. Wade International International Airport,BDA,Hamilton,Bermuda,908,2.14,2026-11-20,01:52 AM
American Airlines,Boeing 737 MAX 8,B38M,AA329,Miami International Airport,MIA,Miami,United States,Louis Armstrong New Orleans International Airport,MSY,New Orleans,United States,586,1.46,2026-11-20,02:10 AM
American Airlines,Airbus A319-115,A319,AA361,Orlando International Airport,MCO,Orlando,United States,Ronald Reagan Washington Ntl Airport,DCA,Washington,United States,661,1.62,2026-11-20,02:14 AM
American Airlines,Airbus A321-231,A321,AA3133,Dallas-Fort Worth International Airport,DFW,Dallas-Fort Worth,United States,Harry Reid International Airport,LAS,Las Vegas,United States,915,2.16,2026-11-20,02:19 AM
Spirit Airlines,Airbus A320-271N,A20N,NK2020,Fort Lauderdale/Hollywood International Airport,FLL,Fort Lauderdale,United States,Laguardia Airport,LGA,New York,United States,937,2.21,2026-11-20,02:26 AM
American Airlines,Boeing 737-823,B738,AA352,Charlotte/Douglas International Airport,CLT,Charlotte,United States,Detroit Metro Wayne County Airport,DTW,Detroit,United States,435,1.14,2026-11-20,02:41 AM
American Airlines,Boeing 737-823,B738,AA2662,Charlotte/Douglas International Airport,CLT,Charlotte,United States,Tulsa International Airport,TUL,Tulsa,United States,730,1.77,2026-11-20,02:44 AM
American Airlines,Boeing 737-823,B738,AA309,Miami International Airport,MIA,Miami,United States,Nashville International Airport,BNA,Nashville,United States,702,1.71,2026-11-20,02:49 AM
Spirit Airlines,Airbus A320-271N,A20N,NK179,Fort Lauderdale/Hollywood International Airport,FLL,Fort Lauderdale,United States,Newark Liberty International Airport,EWR,Newark,United States,927,2.18,2026-11-20,03:29 AM
United Airlines,Boeing 737-824,B738,UA133,Amata Kabua International Airport,MAJ,Majuro Atoll,Marshall Islands,Daniel K Inouye International Airport,HNL,Honolulu,United States,1981,4.42,2026-11-20,09:11 AM
American Airlines,Boeing 787-8 Dreamliner,B788,AA719,Leonardo Da Vinci (Fiumicino) International Airport,FCO,Rome,Italy,Philadelphia International Airport,PHL,Philadelphia,United States,3789,8.25,2026-11-20,06:15 PM
United Airlines,Boeing 767-322(ER),B763,UA627,Menara Airport,RAK,Marrakech,Morocco,Newark Liberty International Airport,EWR,Newark,United States,3177,6.95,2026-11-20,06:18 PM
American Airlines,Boeing 787-8 Dreamliner,B788,AA169,Los Angeles International Airport,LAX,Los Angeles,United States,Tokyo International Airport,HND,Tokyo,Japan,4758,10.31,2026-11-20,06:57 PM
United Airlines,Boeing 737-924(ER),B739,UA1468,El Salvador International Airport,SAL,Santa Clara,El Salvador,George Bush Intcntl/Houston Airport,IAH,Houston,United States,1053,2.45,2026-11-20,09:12 PM
American Airlines,Boeing 737-823,B738,AA2451,Dallas-Fort Worth International Airport,DFW,Dallas-Fort Worth,United States,Philip S. W. Goldson International Airport,BZE,Belize City,Belize,1036,2.42,2026-11-20,09:21 PM
American Airlines,Boeing 737 MAX 8,B38M,AA502,Licenciado Benito Juarez International Airport,MEX,Mexico City,Mexico,Phoenix Sky Harbor International Airport,PHX,Phoenix,United States,1089,2.53,2026-11-20,11:06 PM
United Airlines,Boeing 737-824,B738,UA132,Amata Kabua International Airport,MAJ,Majuro Atoll,Marshall Islands,Bucholz Army Air Field(Kwajalein Kmr)(Atoll) Airport,KWA,Kwajalein,Marshall Islands,233,0.71,2026-11-20,11:40 PM
American Airlines,Airbus A319-132,A319,AA1772,Miami International Airport,MIA,Miami,United States,Pittsburgh International Airport,PIT,Pittsburgh,United States,882,2.09,2026-11-21,12:22 AM
United Airlines,Boeing 737 MAX 8,B38M,UA2007,La Aurora Airport,GUA,Guatemala City,Guatemala,Chicago O'Hare International Airport,ORD,Chicago,United States,1650,3.72,2026-11-21,12:27 AM
Spirit Airlines,Airbus A321-231,A321,NK122,Fort Lauderdale/Hollywood International Airport,FLL,Fort Lauderdale,United States,John Glenn Columbus International Airport,CMH,Columbus,United States,847,2.01,2026-11-21,01:05 AM
American Airlines,Boeing 737 MAX 8,B38M,AA372,Nuevo Aeropuerto Internacional Mariscal Sucre,UIO,Quito,Ecuador,Miami International Airport,MIA,Miami,United States,1561,3.53,2026-11-21,01:22 PM
American Airlines,Boeing 737 MAX 8,B38M,AA924,Jose Maria Cordova International Airport,MDE,Rionegro,Colombia,Miami International Airport,MIA,Miami,United States,1211,2.79,2026-11-21,01:53 PM
American Airlines,Boeing 737 MAX 8,B38M,AA2725,Sir Grantley Adams International Airport,BGI,Bridgetown,Barbados,Miami International Airport,MIA,Miami,United States,1400,3.19,2026-11-21,02:06 PM
American Airlines,Boeing 737 MAX 8,B38M,AA902,Augusto C. Sandino (Managua) International Airport,MGA,Managua,Nicaragua,Miami International Airport,MIA,Miami,United States,885,2.1,2026-11-21,02:25 PM
American Airlines,Airbus A321-253NX,A21N,AA1558,Jorge Chavez International Airport,LIM,Lima,Peru,Miami International Airport,MIA,Miami,United States,2278,5.05,2026-11-21,04:12 PM
Spirit Airlines,Airbus A321-271NX,A21N,NK3160,Luis Munoz Marin International Airport,SJU,San Juan,Puerto Rico,Orlando International Airport,MCO,Orlando,United States,1033,2.41,2026-11-21,04:29 PM
United Airlines,Boeing 777-222(ER),B772,UA917,San Francisco International Airport,SFO,San Francisco,United States,Auckland International Airport,AKL,Auckland,New Zealand,5674,12.25,2026-07-21,08:18 PM
China United Airlines,Boeing 737-89P,B738,KN5858,Shenzhen Bao'an International Airport,SZX,Shenzhen,China,Beijing Daxing International Airport,PKX,Beijing,China,1021,2.38,2026-11-22,07:42 AM
United Airlines,Boeing 787-8 Dreamliner,B788,UA996,Washington Dulles International Airport,IAD,Washington,United States,Kotoka International Airport,ACC,Accra,Ghana,4601,9.97,2026-11-22,08:21 AM
United Airlines,Boeing 777-222,B772,UA3909,Guam International Airport,GUM,Guam,Guam,Chek Lap Kok International Airport,HKG,Hong Kong,Hong Kong,1838,4.12,2026-11-22,08:30 AM
American Airlines,Boeing 787-8 Dreamliner,B788,AA45,Charles de Gaulle International Airport,CDG,Paris,France,John F Kennedy International Airport,JFK,New York,United States,3150,6.9,2026-04-22,05:13 PM
United Airlines,Boeing 737 MAX 8,B38M,UA1985,Newark Liberty International Airport,EWR,Newark,United States,L.F. Wade International International Airport,BDA,Hamilton,Bermuda,677,1.65,2026-11-22,05:13 PM
American Airlines,Boeing 737-823,B738,AA2588,Cancun International Airport,CUN,Cancun,Mexico,Austin-Bergstrom International Airport,AUS,Austin,United States,801,1.92,2026-03-22,05:15 PM
United Airlines,Boeing 737-724,B737,UA646,George Bush Intcntl/Houston Airport,IAH,Houston,United States,Ponciano Arriaga International Airport,SLP,San Luis Potosi,Mexico,553,1.39,2026-01-22,05:17 PM
United Airlines,Boeing 777-222,B772,UA1119,Denver International Airport,DEN,Denver,United States,Cancun International Airport,CUN,Cancun,Mexico,1452,3.3,2026-11-22,05:45 PM
American Airlines,Boeing 777-223(ER),B772,AA113,Barcelona International Airport,BCN,Barcelona,Spain,Miami International Airport,MIA,Miami,United States,4074,8.86,2026-11-22,06:07 PM
Spirit Airlines,Airbus A320-271N,A20N,NK401,Fort Lauderdale/Hollywood International Airport,FLL,Fort Lauderdale,United States,Alfonso Bonilla Aragon International Airport,CLO,Cali,Colombia,1370,3.12,2026-11-22,06:14 PM
American Airlines,Boeing 777-223(ER),B772,AA717,Munich International Airport,MUC,Munich,Germany,Charlotte/Douglas International Airport,CLT,Charlotte,United States,3969,8.63,2026-11-22,06:17 PM
American Airlines,Airbus A319-115,A319,AA1195,Charlotte/Douglas International Airport,CLT,Charlotte,United States,Cyril E King Airport,STT,Charlotte Amalie,Virgin Islands Us,1323,3.02,2026-11-22,06:43 PM
Spirit Airlines,Airbus A320-271N,A20N,NK238,Fort Lauderdale/Hollywood International Airport,FLL,Fort Lauderdale,United States,Ernesto Cortissoz International Airport,BAQ,Barranquilla,Colombia,961,2.26,2026-11-22,06:47 PM
Spirit Airlines,Airbus A320-271N,A20N,NK981,Boise Air Trml/Gowen Field,BOI,Boise,United States,Harry Reid International Airport,LAS,Las Vegas,United States,452,1.18,2026-11-22,06:59 PM
Spirit Airlines,Airbus A320-271N,A20N,NK1572,Orlando International Airport,MCO,Orlando,United States,Frederick Douglass/Greater Rochester International Airport,ROC,Rochester,United States,899,2.12,2026-11-22,08:19 PM
United Airlines,Boeing 737 MAX 8,B38M,UA513,Denver International Airport,DEN,Denver,United States,Indianapolis International Airport,IND,Indianapolis,United States,846,2.01,2026-11-22,08:19 PM
American Airlines,Boeing 737 MAX 8,B38M,AA327,John F Kennedy International Airport,JFK,New York,United States,Charlotte/Douglas International Airport,CLT,Charlotte,United States,470,1.22,2026-11-22,08:23 PM
Spirit Airlines,Airbus A320-271N,A20N,NK1146,Chicago O'Hare International Airport,ORD,Chicago,United States,Orlando International Airport,MCO,Orlando,United States,875,2.07,2026-11-22,08:28 PM
American Airlines,Boeing 737-823,B738,AA1470,Dallas-Fort Worth International Airport,DFW,Dallas-Fort Worth,United States,Piedmont Triad International Airport,GSO,Greensboro,United States,866,2.05,2026-11-22,08:30 PM
American Airlines,Boeing 737-823,B738,AA1078,Louis Armstrong New Orleans International Airport,MSY,New Orleans,United States,Chicago O'Hare International Airport,ORD,Chicago,United States,728,1.76,2026-11-22,08:32 PM
United Airlines,Airbus A319-131,A319,UA1576,Albuquerque International Sunport Airport,ABQ,Albuquerque,United States,Chicago O'Hare International Airport,ORD,Chicago,United States,970,2.28,2026-08-22,08:38 PM
American Airlines,Boeing 777-223(ER),B772,AA749,Madrid Barajas International Airport,MAD,Madrid,Spain,Charlotte/Douglas International Airport,CLT,Charlotte,United States,3562,7.77,2026-11-22,08:43 PM
United Airlines,Boeing 737-824,B738,UA1737,George Bush Intcntl/Houston Airport,IAH,Houston,United States,Daniel Oduber Quiros International Airport,LIR,Liberia,Costa Rica,1287,2.95,2026-11-22,08:55 PM
Spirit Airlines,Airbus A319-132,A319,NK909,Fort Lauderdale/Hollywood International Airport,FLL,Fort Lauderdale,United States,George Bush Intcntl/Houston Airport,IAH,Houston,United States,838,2,2026-11-22,08:57 PM
American Airlines,Boeing 737-823,B738,AA63,San Antonio International Airport,SAT,San Antonio,United States,Chicago O'Hare International Airport,ORD,Chicago,United States,906,2.14,2026-11-22,09:13 PM
American Airlines,Boeing 737-823,B738,AA2222,Minneapolis-St Paul International/Wold-Chamberlain Airport,MSP,Minneapolis,United States,Charlotte/Douglas International Airport,CLT,Charlotte,United States,808,1.93,2026-11-22,09:17 PM
American Airlines,Boeing 737-823,B738,AA2877,Chicago O'Hare International Airport,ORD,Chicago,United States,General Edward Lawrence Logan International Airport,BOS,Boston,United States,751,1.81,2026-11-22,09:18 PM
Spirit Airlines,Airbus A320-271N,A20N,NK3180,Miami International Airport,MIA,Miami,United States,Louis Armstrong New Orleans International Airport,MSY,New Orleans,United States,586,1.46,2026-04-22,09:18 PM
United Airlines,Boeing 787-8 Dreamliner,B788,UA202,Chicago O'Hare International Airport,ORD,Chicago,United States,Kahului Airport,OGG,Kahului,United States,3631,7.92,2026-11-22,09:23 PM
Spirit Airlines,Airbus A320-232,A320,NK703,Palm Beach International Airport,PBI,West Palm Beach,United States,Atlantic City International Airport,ACY,Atlantic City,United States,815,1.95,2026-11-22,09:30 PM
United Airlines,Boeing 757-224,B752,UA1591,Los Angeles International Airport,LAX,Los Angeles,United States,George Bush Intcntl/Houston Airport,IAH,Houston,United States,1196,2.75,2026-11-22,09:46 PM
United Airlines,Boeing 787-10 Dreamliner,B78X,UA1402,Los Angeles International Airport,LAX,Los Angeles,United States,Newark Liberty International Airport,EWR,Newark,United States,2128,4.73,2026-11-22,10:07 PM
Spirit Airlines,Airbus A320-271N,A20N,NK3158,Cyril E King Airport,STT,Charlotte Amalie,Virgin Islands Us,Orlando International Airport,MCO,Orlando,United States,1083,2.51,2026-11-22,10:17 PM
United Airlines,Boeing 757-224,B752,UA354,San Francisco International Airport,SFO,San Francisco,United States,General Edward Lawrence Logan International Airport,BOS,Boston,United States,2344,5.19,2026-11-22,10:36 PM
United Airlines,Boeing 737 MAX 8,B38M,UA1178,Tucson International Airport,TUS,Tucson,United States,Chicago O'Hare International Airport,ORD,Chicago,United States,1247,2.86,2026-11-22,10:39 PM
United Airlines,Boeing 737 MAX 8,B38M,UA1245,Orlando International Airport,MCO,Orlando,United States,Washington Dulles International Airport,IAD,Washington,United States,657,1.61,2026-11-22,10:53 PM
United Airlines,Boeing 737 MAX 8,B38M,UA3931,Tocumen International Airport,PTY,Tocumen,Panama,Newark Liberty International Airport,EWR,Newark,United States,1919,4.29,2026-11-23,01:33 AM
American Airlines,Boeing 737-823,B738,AA1305,Dallas-Fort Worth International Airport,DFW,Dallas-Fort Worth,United States,Jacksonville International Airport,JAX,Jacksonville,United States,797,1.91,2026-11-23,03:20 AM
United Airlines,Boeing 737 MAX 8,B38M,UA207,George Bush Intcntl/Houston Airport,IAH,Houston,United States,El Dorado International Airport,BOG,Bogota,Colombia,1936,4.32,2026-08-23,03:29 AM
United Airlines,Airbus A320-232,A320,UA1055,Salt Lake City International Airport,SLC,Salt Lake City,United States,Denver International Airport,DEN,Denver,United States,339,0.94,2026-11-23,03:30 AM
American Airlines,Boeing 737-823,B738,AA738,Miami International Airport,MIA,Miami,United States,Baltimore/Washington International Thurgood Marshall Airport,BWI,Baltimore,United States,824,1.97,2026-01-23,03:30 AM
United Airlines,Boeing 787-10 Dreamliner,B78X,UA435,Newark Liberty International Airport,EWR,Newark,United States,Los Angeles International Airport,LAX,Los Angeles,United States,2128,4.73,2026-11-23,03:32 AM
American Airlines,Boeing 737 MAX 8,B38M,AA1137,Dallas-Fort Worth International Airport,DFW,Dallas-Fort Worth,United States,El Dorado International Airport,BOG,Bogota,Colombia,2124,4.72,2026-11-23,03:40 AM
United Airlines,Boeing 757-224,B752,UA353,Harry Reid International Airport,LAS,Las Vegas,United States,Newark Liberty International Airport,EWR,Newark,United States,1931,4.31,2026-07-23,03:45 AM
United Airlines,Airbus A319-131,A319,UA1671,Newark Liberty International Airport,EWR,Newark,United States,Hartsfield - Jackson Atlanta International Airport,ATL,Atlanta,United States,648,1.59,2026-11-23,03:46 AM
American Airlines,Boeing 737 MAX 8,B38M,AA2427,San Francisco International Airport,SFO,San Francisco,United States,Dallas-Fort Worth International Airport,DFW,Dallas-Fort Worth,United States,1270,2.91,2026-11-23,03:51 AM
United Airlines,Airbus A319-131,A319,UA1910,Denver International Airport,DEN,Denver,United States,Vancouver International Airport,YVR,Richmond,Canada,966,2.27,2026-11-23,03:53 AM
United Airlines,Boeing 737-924(ER),B739,UA2403,Los Angeles International Airport,LAX,Los Angeles,United States,George Bush Intcntl/Houston Airport,IAH,Houston,United States,1196,2.75,2026-02-23,03:59 AM
American Airlines,Airbus A321-231,A321,AA2640,Palm Beach International Airport,PBI,West Palm Beach,United States,Dallas-Fort Worth International Airport,DFW,Dallas-Fort Worth,United States,957,2.25,2026-11-23,04:00 AM
American Airlines,Boeing 737 MAX 8,B38M,AA2230,Miami International Airport,MIA,Miami,United States,George Bush Intcntl/Houston Airport,IAH,Houston,United States,837,1.99,2026-11-23,04:00 AM
American Airlines,Boeing 777-223(ER),B772,AA68,Miami International Airport,MIA,Miami,United States,Madrid Barajas International Airport,MAD,Madrid,Spain,3837,8.35,2026-07-23,04:09 AM
American Airlines,Boeing 737 MAX 8,B38M,AA2897,Miami International Airport,MIA,Miami,United States,Ronald Reagan Washington Ntl Airport,DCA,Washington,United States,801,1.92,2026-11-23,04:14 AM
United Airlines,Airbus A319-131,A319,UA255,Austin-Bergstrom International Airport,AUS,Austin,United States,Newark Liberty International Airport,EWR,Newark,United States,1305,2.99,2026-11-23,04:23 AM
American Airlines,Boeing 787-8 Dreamliner,B788,AA718,Philadelphia International Airport,PHL,Philadelphia,United States,Leonardo Da Vinci (Fiumicino) International Airport,FCO,Rome,Italy,3789,8.25,2026-11-23,04:27 AM
Spirit Airlines,Airbus A320-232,A320,NK967,Hartsfield - Jackson Atlanta International Airport,ATL,Atlanta,United States,George Bush Intcntl/Houston Airport,IAH,Houston,United States,598,1.49,2026-11-23,04:28 AM
United Airlines,Boeing 777-222(ER),B772,UA1396,Los Angeles International Airport,LAX,Los Angeles,United States,Newark Liberty International Airport,EWR,Newark,United States,2128,4.73,2026-04-23,04:29 AM
United Airlines,Boeing 737-924(ER),B739,UA475,Denver International Airport,DEN,Denver,United States,George Bush Intcntl/Houston Airport,IAH,Houston,United States,749,1.81,2026-11-23,04:38 AM
United Airlines,Boeing 757-224,B752,UA1777,San Francisco International Airport,SFO,San Francisco,United States,Newark Liberty International Airport,EWR,Newark,United States,2224,4.93,2026-04-23,04:42 AM
American Airlines,Airbus A321-231,A321,AA302,John F Kennedy International Airport,JFK,New York,United States,Los Angeles International Airport,LAX,Los Angeles,United States,2146,4.77,2026-11-23,04:47 AM
Spirit Airlines,Airbus A321-271NX,A21N,NK540,Fort Lauderdale/Hollywood International Airport,FLL,Fort Lauderdale,United States,Baltimore/Washington International Thurgood Marshall Airport,BWI,Baltimore,United States,806,1.93,2026-11-23,04:49 AM
American Airlines,Boeing 787-8 Dreamliner,B788,AA204,Philadelphia International Airport,PHL,Philadelphia,United States,Amsterdam Airport Schiphol,AMS,Amsterdam,Netherlands,3238,7.08,2026-11-23,04:57 AM
United Airlines,Boeing 737-824,B738,UA1236,Denver International Airport,DEN,Denver,United States,Phoenix Sky Harbor International Airport,PHX,Phoenix,United States,523,1.33,2026-11-23,05:00 AM
American Airlines,Boeing 787-8 Dreamliner,B788,AA742,Philadelphia International Airport,PHL,Philadelphia,United States,Barcelona International Airport,BCN,Barcelona,Spain,3402,7.43,2026-02-23,05:05 AM
United Airlines,Boeing 737 MAX 8,B38M,UA1617,Philadelphia International Airport,PHL,Philadelphia,United States,San Francisco International Airport,SFO,San Francisco,United States,2186,4.85,2026-11-23,05:05 AM
United Airlines,Boeing 757-224,B752,UA1700,Los Angeles International Airport,LAX,Los Angeles,United States,Newark Liberty International Airport,EWR,Newark,United States,2128,4.73,2026-11-23,05:10 AM
United Airlines,Boeing 737 MAX 8,B38M,UA2443,Fort Lauderdale/Hollywood International Airport,FLL,Fort Lauderdale,United States,Newark Liberty International Airport,EWR,Newark,United States,927,2.18,2026-11-23,05:10 AM
United Airlines,Boeing 777-224(ER),B772,UA120,Newark Liberty International Airport,EWR,Newark,United States,Barcelona International Airport,BCN,Barcelona,Spain,3335,7.29,2026-11-23,05:18 AM
American Airlines,Boeing 787-8 Dreamliner,B788,AA754,Philadelphia International Airport,PHL,Philadelphia,United States,Charles de Gaulle International Airport,CDG,Paris,France,3231,7.07,2026-11-23,05:23 AM
United Airlines,Boeing 787-9 Dreamliner,B789,UA574,San Francisco International Airport,SFO,San Francisco,United States,Newark Liberty International Airport,EWR,Newark,United States,2224,4.93,2026-11-23,05:27 AM
United Airlines,Boeing 737 MAX 9,B39M,UA1409,Orlando International Airport,MCO,Orlando,United States,Denver International Airport,DEN,Denver,United States,1343,3.07,2026-11-23,05:34 AM
United Airlines,Boeing 737 MAX 9,B39M,UA650,Daniel K Inouye International Airport,HNL,Honolulu,United States,San Francisco International Airport,SFO,San Francisco,United States,2082,4.63,2026-11-23,05:35 AM
American Airlines,Boeing 777-223(ER),B772,AA112,Miami International Airport,MIA,Miami,United States,Barcelona International Airport,BCN,Barcelona,Spain,4074,8.86,2026-11-23,05:37 AM
American Airlines,Boeing 777-223(ER),B772,AA36,Dallas-Fort Worth International Airport,DFW,Dallas-Fort Worth,United States,Madrid Barajas International Airport,MAD,Madrid,Spain,4305,9.35,2026-11-23,05:54 AM
American Airlines,Airbus A321-253NX,A21N,AA2001,Philadelphia International Airport,PHL,Philadelphia,United States,Seattle-Tacoma International Airport,SEA,Seattle,United States,2061,4.59,2026-11-23,06:13 AM
Spirit Airlines,Airbus A321-231,A321,NK228,Fort Lauderdale/Hollywood International Airport,FLL,Fort Lauderdale,United States,Pittsburgh International Airport,PIT,Pittsburgh,United States,866,2.05,2026-11-23,06:14 AM
United Airlines,Boeing 757-224,B752,UA887,Jorge Chavez International Airport,LIM,Lima,Peru,Newark Liberty International Airport,EWR,Newark,United States,3169,6.94,2026-11-23,06:31 AM
American Airlines,Boeing 787-8 Dreamliner,B788,AA92,Philadelphia International Airport,PHL,Philadelphia,United States,Zurich Airport,ZRH,Zurich,Switzerland,3488,7.61,2026-07-23,06:49 AM
American Airlines,Boeing 777-223(ER),B772,AA174,Raleigh-Durham International Airport,RDU,Raleigh/Durham,United States,London Heathrow Airport,LHR,London,United Kingdom,3356,7.33,2026-11-23,06:55 AM
United Airlines,Boeing 787-10 Dreamliner,B78X,UA972,Chicago O'Hare International Airport,ORD,Chicago,United States,Brussels Airport,BRU,Brussels,Belgium,3604,7.86,2026-11-23,06:58 AM
United Airlines,Boeing 787-10 Dreamliner,B78X,UA64,Newark Liberty International Airport,EWR,Newark,United States,Lisbon Portela Airport,LIS,Lisbon,Portugal,2934,6.44,2026-11-23,07:15 AM
United Airlines,Boeing 737 MAX 8,B38M,UA1494,Phoenix Sky Harbor International Airport,PHX,Phoenix,United States,San Francisco International Airport,SFO,San Francisco,United States,565,1.42,2026-11-23,07:35 AM
American Airlines,Boeing 777-223(ER),B772,AA732,Charlotte/Douglas International Airport,CLT,Charlotte,United States,London Heathrow Airport,LHR,London,United Kingdom,3461,7.56,2026-11-23,07:54 AM
United Airlines,Boeing 777-222,B772,UA383,Daniel K Inouye International Airport,HNL,Honolulu,United States,Denver International Airport,DEN,Denver,United States,2920,6.41,2026-02-23,07:57 AM
Spirit Airlines,Airbus A320-271N,A20N,NK2909,Harry Reid International Airport,LAS,Las Vegas,United States,Sacramento International Airport,SMF,Sacramento,United States,345,0.95,2026-11-23,08:02 AM
United Airlines,Boeing 787-8 Dreamliner,B788,UA987,Chicago O'Hare International Airport,ORD,Chicago,United States,Charles de Gaulle International Airport,CDG,Paris,France,3599,7.85,2026-01-23,08:43 AM
United Airlines,Boeing 737-924(ER),B739,UA2101,Los Angeles International Airport,LAX,Los Angeles,United States,Chicago O'Hare International Airport,ORD,Chicago,United States,1513,3.43,2026-07-23,08:46 AM
United Airlines,Boeing 737-824,B738,UA2610,Denver International Airport,DEN,Denver,United States,General Edward Lawrence Logan International Airport,BOS,Boston,United States,1520,3.44,2026-02-23,08:49 AM
United Airlines,Boeing 767-322(ER),B763,UA847,George Bush Intcntl/Houston Airport,IAH,Houston,United States,Comodoro Arturo Merino Benitez International Airport,SCL,Santiago,Chile,4053,8.81,2026-11-23,09:41 AM
American Airlines,Boeing 777-223(ER),B772,AA957,Miami International Airport,MIA,Miami,United States,Comodoro Arturo Merino Benitez International Airport,SCL,Santiago,Chile,3595,7.84,2026-03-23,10:14 AM
American Airlines,Boeing 787-8 Dreamliner,B788,AA989,Miami International Airport,MIA,Miami,United States,Carrasco International /General C L Berisso Airport,MVD,Montevideo,Uruguay,3893,8.47,2026-03-23,12:30 PM
United Airlines,Boeing 737-924(ER),B739,UA2341,Fort Lauderdale/Hollywood International Airport,FLL,Fort Lauderdale,United States,Chicago O'Hare International Airport,ORD,Chicago,United States,1029,2.4,2026-08-23,12:36 PM
American Airlines,Boeing 737 MAX 8,B38M,AA756,Norfolk International Airport,ORF,Norfolk,United States,Miami International Airport,MIA,Miami,United States,698,1.7,2026-11-23,12:53 PM
American Airlines,Airbus A319-115,A319,AA320,Xoxocotlan International Airport,OAX,Oaxaca,Mexico,Dallas-Fort Worth International Airport,DFW,Dallas-Fort Worth,United States,955,2.24,2026-01-23,12:54 PM
United Airlines,Boeing 737-924(ER),B739,UA584,Orlando International Airport,MCO,Orlando,United States,George Bush Intcntl/Houston Airport,IAH,Houston,United States,741,1.79,2026-11-23,12:58 PM
United Airlines,Airbus A320-232,A320,UA2453,Jacksonville International Airport,JAX,Jacksonville,United States,George Bush Intcntl/Houston Airport,IAH,Houston,United States,708,1.72,2026-11-23,01:04 PM
American Airlines,Boeing 737-823,B738,AA3093,Licenciado Benito Juarez International Airport,MEX,Mexico City,Mexico,Phoenix Sky Harbor International Airport,PHX,Phoenix,United States,1089,2.53,2026-11-23,01:06 PM
American Airlines,Airbus A320-232,A320,AA831,General Mariano Escobedo International Airport,MTY,Monterrey,Mexico,Dallas-Fort Worth International Airport,DFW,Dallas-Fort Worth,United States,457,1.19,2026-11-23,01:10 PM
United Airlines,Boeing 737-824,B738,UA1383,Southwest Florida International Airport,RSW,Fort Myers,United States,George Bush Intcntl/Houston Airport,IAH,Houston,United States,746,1.8,2026-11-23,01:10 PM
American Airlines,Boeing 737-823,B738,AA2929,Dallas-Fort Worth International Airport,DFW,Dallas-Fort Worth,United States,Miami International Airport,MIA,Miami,United States,973,2.28,2026-11-23,01:19 PM
American Airlines,Boeing 737-823,B738,AA406,Austin-Bergstrom International Airport,AUS,Austin,United States,Miami International Airport,MIA,Miami,United States,957,2.25,2026-11-23,01:21 PM
American Airlines,Boeing 737-823,B738,AA2246,Queretaro Intercontinental Airport,QRO,Queretaro,Mexico,Dallas-Fort Worth International Airport,DFW,Dallas-Fort Worth,United States,756,1.82,2026-11-23,01:22 PM
American Airlines,Boeing 737-823,B738,AA444,Fort Lauderdale/Hollywood International Airport,FLL,Fort Lauderdale,United States,Philadelphia International Airport,PHL,Philadelphia,United States,864,2.05,2026-11-23,01:23 PM
American Airlines,Airbus A319-132,A319,AA2944,Palm Beach International Airport,PBI,West Palm Beach,United States,Philadelphia International Airport,PHL,Philadelphia,United States,828,1.97,2026-11-23,01:26 PM
American Airlines,Airbus A319-132,A319,AA853,Ponciano Arriaga International Airport,SLP,San Luis Potosi,Mexico,Dallas-Fort Worth International Airport,DFW,Dallas-Fort Worth,United States,672,1.64,2026-11-23,01:30 PM
Spirit Airlines,Airbus A320-271N,A20N,NK2221,George Bush Intcntl/Houston Airport,IAH,Houston,United States,Fort Lauderdale/Hollywood International Airport,FLL,Fort Lauderdale,United States,838,2,2026-11-23,01:48 PM
United Airlines,Boeing 737 MAX 8,B38M,UA2393,Tampa International Airport,TPA,Tampa,United States,George Bush Intcntl/Houston Airport,IAH,Houston,United States,683,1.67,2026-11-23,01:53 PM
American Airlines,Boeing 737-823,B738,AA1631,Southwest Florida International Airport,RSW,Fort Myers,United States,Philadelphia International Airport,PHL,Philadelphia,United States,867,2.06,2026-02-23,01:55 PM
American Airlines,Boeing 787-9 Dreamliner,B789,AA35,Dallas-Fort Worth International Airport,DFW,Dallas-Fort Worth,United States,Auckland International Airport,AKL,Auckland,New Zealand,6472,13.94,2026-11-23,02:00 PM
American Airlines,Boeing 737-823,B738,AA2549,Austin-Bergstrom International Airport,AUS,Austin,United States,Charlotte/Douglas International Airport,CLT,Charlotte,United States,896,2.12,2026-11-23,02:15 PM
American Airlines,Airbus A319-112,A319,AA2745,Orlando International Airport,MCO,Orlando,United States,Ronald Reagan Washington Ntl Airport,DCA,Washington,United States,661,1.62,2026-11-23,02:20 PM
American Airlines,Airbus A321-253NX,A21N,AA2799,San Francisco International Airport,SFO,San Francisco,United States,Miami International Airport,MIA,Miami,United States,2243,4.97,2026-11-23,02:23 PM
American Airlines,Boeing 737-823,B738,AA1066,Licenciado Benito Juarez International Airport,MEX,Mexico City,Mexico,Dallas-Fort Worth International Airport,DFW,Dallas-Fort Worth,United States,816,1.95,2026-11-23,02:28 PM
Spirit Airlines,Airbus A320-271N,A20N,NK1162,Orlando International Airport,MCO,Orlando,United States,Kansas City International Airport,MCI,Kansas City,United States,932,2.19,2026-11-23,02:29 PM
Spirit Airlines,Airbus A320-232,A320,NK1903,Miami International Airport,MIA,Miami,United States,George Bush Intcntl/Houston Airport,IAH,Houston,United States,837,1.99,2026-11-23,03:02 PM
United Airlines,Boeing 777-222,B772,UA3911,Guam International Airport,GUM,Guam,Guam,San Francisco International Airport,SFO,San Francisco,United States,5043,10.91,2026-11-23,03:11 PM
United Airlines,Boeing 737-924(ER),B739,UA1235,Orlando International Airport,MCO,Orlando,United States,Los Angeles International Airport,LAX,Los Angeles,United States,1924,4.3,2026-11-23,03:16 PM
United Airlines,Boeing 737 MAX 9,B39M,UA1041,George Bush Intcntl/Houston Airport,IAH,Houston,United States,San Francisco International Airport,SFO,San Francisco,United States,1419,3.23,2026-11-23,03:17 PM
American Airlines,Boeing 737-823,B738,AA3171,Miami International Airport,MIA,Miami,United States,Charlotte/Douglas International Airport,CLT,Charlotte,United States,567,1.42,2026-11-23,03:18 PM
American Airlines,Airbus A321-253NX,A21N,AA298,Daniel K Inouye International Airport,HNL,Honolulu,United States,Los Angeles International Airport,LAX,Los Angeles,United States,2218,4.92,2026-11-23,03:32 PM
American Airlines,Boeing 737-823,B738,AA1208,Dallas-Fort Worth International Airport,DFW,Dallas-Fort Worth,United States,Bob Hope Airport,BUR,Burbank,United States,1068,2.48,2026-11-23,03:51 PM
American Airlines,Airbus A321-211,A321,AA3064,Luis Munoz Marin International Airport,SJU,San Juan,Puerto Rico,Dallas-Fort Worth International Airport,DFW,Dallas-Fort Worth,United States,1880,4.2,2026-11-23,03:58 PM
United Airlines,Boeing 787-8 Dreamliner,B788,UA114,Faa'a International Airport,PPT,Papeete,French Polynesia,San Francisco International Airport,SFO,San Francisco,United States,3652,7.96,2026-11-23,04:02 PM
United Airlines,Boeing 737 MAX 8,B38M,UA1480,Newark Liberty International Airport,EWR,Newark,United States,Lynden Pindling International Airport,NAS,Nassau,Bahamas,954,2.24,2026-11-23,04:16 PM
American Airlines,Airbus A321-253NX,A21N,AA2978,Dallas-Fort Worth International Airport,DFW,Dallas-Fort Worth,United States,Los Angeles International Airport,LAX,Los Angeles,United States,1071,2.49,2026-11-23,04:24 PM
Spirit Airlines,Airbus A320-232,A320,NK512,Austin-Bergstrom International Airport,AUS,Austin,United States,Fort Lauderdale/Hollywood International Airport,FLL,Fort Lauderdale,United States,959,2.25,2026-08-23,04:28 PM
American Airlines,Boeing 737-823,B738,AA1593,Miami International Airport,MIA,Miami,United States,Juan Santamaria International Airport,SJO,San Jose,Costa Rica,975,2.29,2026-11-23,04:35 PM
United Airlines,Boeing 737-824,B738,UA470,Fort Lauderdale/Hollywood International Airport,FLL,Fort Lauderdale,United States,San Francisco International Airport,SFO,San Francisco,United States,2241,4.97,2026-11-23,04:43 PM
Spirit Airlines,Airbus A320-271N,A20N,NK1473,Orlando International Airport,MCO,Orlando,United States,Jose Maria Cordova International Airport,MDE,Rionegro,Colombia,1378,3.14,2026-11-23,04:49 PM
American Airlines,Boeing 737-823,B738,AA1505,Dallas-Fort Worth International Airport,DFW,Dallas-Fort Worth,United States,Indianapolis International Airport,IND,Indianapolis,United States,661,1.62,2026-11-23,04:53 PM
United Airlines,Boeing 737 MAX 8,B38M,UA1908,George Bush Intcntl/Houston Airport,IAH,Houston,United States,Cyril E King Airport,STT,Charlotte Amalie,Virgin Islands Us,1797,4.03,2026-11-23,04:54 PM
American Airlines,Boeing 737-823,B738,AA873,Dallas-Fort Worth International Airport,DFW,Dallas-Fort Worth,United States,Southwest Florida International Airport,RSW,Fort Myers,United States,881,2.09,2026-11-23,05:00 PM
United Airlines,Airbus A320-232,A320,UA1060,George Bush Intcntl/Houston Airport,IAH,Houston,United States,Licenciado Benito Juarez International Airport,MEX,Mexico City,Mexico,665,1.63,2026-11-23,05:04 PM
American Airlines,Airbus A320-214,A320,AA860,Philadelphia International Airport,PHL,Philadelphia,United States,Austin-Bergstrom International Airport,AUS,Austin,United States,1241,2.85,2026-11-23,05:04 PM
American Airlines,Airbus A321-253NX,A21N,AA2750,Orlando International Airport,MCO,Orlando,United States,Phoenix Sky Harbor International Airport,PHX,Phoenix,United States,1603,3.62,2026-11-23,05:10 PM
American Airlines,Airbus A321-231,A321,AA2874,Dallas-Fort Worth International Airport,DFW,Dallas-Fort Worth,United States,Cancun International Airport,CUN,Cancun,Mexico,895,2.12,2026-11-23,05:12 PM
American Airlines,Boeing 737-823,B738,AA2880,Chicago O'Hare International Airport,ORD,Chicago,United States,Palm Springs International Airport,PSP,Palm Springs,United States,1432,3.25,2026-11-23,05:20 PM
American Airlines,Boeing 737 MAX 8,B38M,AA1612,Miami International Airport,MIA,Miami,United States,Ronald Reagan Washington Ntl Airport,DCA,Washington,United States,801,1.92,2026-11-23,05:41 PM
American Airlines,Airbus A321-231,A321,AA1275,Dallas-Fort Worth International Airport,DFW,Dallas-Fort Worth,United States,Hartsfield - Jackson Atlanta International Airport,ATL,Atlanta,United States,634,1.56,2026-11-23,05:46 PM
American Airlines,Boeing 737-823,B738,AA400,Miami International Airport,MIA,Miami,United States,Pointe-a-Pitre Le Raizet,PTP,Pointe-a-Pitre Le Raizet,Guadeloupe,1195,2.75,2026-11-23,05:58 PM
United Airlines,Boeing 737 MAX 8,B38M,UA477,Newark Liberty International Airport,EWR,Newark,United States,Fort Lauderdale/Hollywood International Airport,FLL,Fort Lauderdale,United States,927,2.18,2026-11-23,06:02 PM
American Airlines,Airbus A321-253NX,A21N,AA2437,Dallas-Fort Worth International Airport,DFW,Dallas-Fort Worth,United States,Luis Munoz Marin International Airport,SJU,San Juan,Puerto Rico,1880,4.2,2026-11-23,06:11 PM
American Airlines,Boeing 737-823,B738,AA1070,Dallas-Fort Worth International Airport,DFW,Dallas-Fort Worth,United States,Chicago O'Hare International Airport,ORD,Chicago,United States,697,1.7,2026-11-23,06:17 PM
Spirit Airlines,Airbus A320-271N,A20N,NK895,Cyril E King Airport,STT,Charlotte Amalie,Virgin Islands Us,Fort Lauderdale/Hollywood International Airport,FLL,Fort Lauderdale,United States,962,2.26,2026-11-23,06:22 PM
Spirit Airlines,Airbus A320-271N,A20N,NK1839,Chicago O'Hare International Airport,ORD,Chicago,United States,Southwest Florida International Airport,RSW,Fort Myers,United States,977,2.29,2026-11-23,06:32 PM
American Airlines,Boeing 737 MAX 8,B38M,AA919,Miami International Airport,MIA,Miami,United States,Alfonso Bonilla Aragon International Airport,CLO,Cali,Colombia,1355,3.09,2026-11-23,06:32 PM
United Airlines,Boeing 737 MAX 9,B39M,UA626,Orlando International Airport,MCO,Orlando,United States,San Francisco International Airport,SFO,San Francisco,United States,2122,4.72,2026-11-23,06:34 PM
Spirit Airlines,Airbus A320-271N,A20N,NK807,Fort Lauderdale/Hollywood International Airport,FLL,Fort Lauderdale,United States,El Dorado International Airport,BOG,Bogota,Colombia,1329,3.04,2026-11-23,06:39 PM
American Airlines,Boeing 737-823,B738,AA2088,Laguardia Airport,LGA,New York,United States,Miami International Airport,MIA,Miami,United States,955,2.24,2026-11-23,06:40 PM
American Airlines,Airbus A320-232,A320,AA2627,Phoenix Sky Harbor International Airport,PHX,Phoenix,United States,General Rafael Buelna International Airport,MZT,Mazatlan,Mexico,687,1.68,2026-05-23,06:56 PM
American Airlines,Airbus A321-231,A321,AA453,Los Angeles International Airport,LAX,Los Angeles,United States,Dallas-Fort Worth International Airport,DFW,Dallas-Fort Worth,United States,1071,2.49,2026-11-23,06:57 PM
United Airlines,Boeing 737-924(ER),B739,UA1372,Los Angeles International Airport,LAX,Los Angeles,United States,Cleveland-Hopkins International Airport,CLE,Cleveland,United States,1780,3.99,2026-11-23,06:58 PM
American Airlines,Boeing 737 MAX 8,B38M,AA2398,Chicago O'Hare International Airport,ORD,Chicago,United States,Seattle-Tacoma International Airport,SEA,Seattle,United States,1491,3.38,2026-07-23,07:00 PM
American Airlines,Airbus A320-214,A320,AA2327,Pensacola International Airport,PNS,Pensacola,United States,Dallas-Fort Worth International Airport,DFW,Dallas-Fort Worth,United States,524,1.33,2026-11-23,07:08 PM
Spirit Airlines,Airbus A320-232,A320,NK1009,Cancun International Airport,CUN,Cancun,Mexico,Philadelphia International Airport,PHL,Philadelphia,United States,1279,2.93,2026-11-23,10:14 PM
United Airlines,Boeing 737 MAX 9,B39M,UA1951,Felipe Carrillo Puerto International Airport,TQO,Tulum,Mexico,Chicago O'Hare International Airport,ORD,Chicago,United States,1310,3,2026-11-23,10:14 PM
United Airlines,Boeing 737-824,B738,UA296,Licenciado Gustavo Diaz Ordaz International Airport,PVR,Puerto Vallarta,Mexico,Denver International Airport,DEN,Denver,United States,1152,2.66,2026-11-23,10:18 PM
United Airlines,Airbus A320-232,A320,UA1838,Licenciado Benito Juarez International Airport,MEX,Mexico City,Mexico,George Bush Intcntl/Houston Airport,IAH,Houston,United States,665,1.63,2026-04-23,10:19 PM
American Airlines,Boeing 737-823,B738,AA2914,Cancun International Airport,CUN,Cancun,Mexico,John Glenn Columbus International Airport,CMH,Columbus,United States,1157,2.67,2026-11-23,10:27 PM
United Airlines,Boeing 737-824,B738,UA1160,Sangster International Airport,MBJ,Montego Bay,Jamaica,Chicago O'Hare International Airport,ORD,Chicago,United States,1499,3.4,2026-11-23,10:45 PM
United Airlines,Boeing 737-824,B738,UA223,Sangster International Airport,MBJ,Montego Bay,Jamaica,George Bush Intcntl/Houston Airport,IAH,Houston,United States,1174,2.71,2026-11-23,10:47 PM
United Airlines,Boeing 737-724,B737,UA1707,Princess Juliana International Airport,SXM,Saint Martin,Netherlands,Chicago O'Hare International Airport,ORD,Chicago,United States,1916,4.28,2026-11-23,10:47 PM
United Airlines,Boeing 737-824,B738,UA2208,Cyril E King Airport,STT,Charlotte Amalie,Virgin Islands Us,George Bush Intcntl/Houston Airport,IAH,Houston,United States,1797,4.03,2026-07-23,11:00 PM
Spirit Airlines,Airbus A320-271N,A20N,NK518,Luis Munoz Marin International Airport,SJU,San Juan,Puerto Rico,Chicago O'Hare International Airport,ORD,Chicago,United States,1802,4.04,2026-11-23,11:03 PM
American Airlines,Boeing 787-8 Dreamliner,B788,AA3152,Miami International Airport,MIA,Miami,United States,Los Angeles International Airport,LAX,Los Angeles,United States,2032,4.53,2026-11-23,11:06 PM
American Airlines,Airbus A321-211,A321,AA1346,Queen Beatrix International Airport,AUA,Oranjestad,Aruba,Charlotte/Douglas International Airport,CLT,Charlotte,United States,1487,3.37,2026-11-23,11:19 PM
United Airlines,Boeing 737-924(ER),B739,UA1039,Queen Beatrix International Airport,AUA,Oranjestad,Aruba,Newark Liberty International Airport,EWR,Newark,United States,1707,3.84,2026-11-23,11:53 PM
American Airlines,Boeing 737-823,B738,AA2171,Las Americas International Airport,SDQ,Santo Domingo,Dominican Republic,Miami International Airport,MIA,Miami,United States,737,1.78,2026-05-24,12:09 AM
American Airlines,Airbus A321-253NX,A21N,AA2160,Cancun International Airport,CUN,Cancun,Mexico,Los Angeles International Airport,LAX,Los Angeles,United States,1839,4.12,2026-11-24,01:43 AM
American Airlines,Boeing 737-823,B738,AA1701,Miami International Airport,MIA,Miami,United States,Laguardia Airport,LGA,New York,United States,955,2.24,2026-11-24,03:15 AM
American Airlines,Airbus A321-231,A321,AA1798,Dallas-Fort Worth International Airport,DFW,Dallas-Fort Worth,United States,San Diego International Airport,SAN,San Diego,United States,1015,2.37,2026-11-24,03:44 AM
American Airlines,Boeing 737 MAX 8,B38M,AA2151,Miami International Airport,MIA,Miami,United States,Phoenix Sky Harbor International Airport,PHX,Phoenix,United States,1711,3.85,2026-11-24,04:14 AM
United Airlines,Boeing 737-724,B737,UA2299,Newark Liberty International Airport,EWR,Newark,United States,Dallas-Fort Worth International Airport,DFW,Dallas-Fort Worth,United States,1190,2.74,2026-05-24,04:29 AM
American Airlines,Boeing 737-823,B738,AA1882,Charlotte/Douglas International Airport,CLT,Charlotte,United States,Richmond International Airport,RIC,Richmond,United States,223,0.69,2026-11-24,04:50 AM
Spirit Airlines,Airbus A319-132,A319,NK1340,Fort Lauderdale/Hollywood International Airport,FLL,Fort Lauderdale,United States,Comayagua-Palmerola International Airport,XPL,Comayagua,Honduras,818,1.95,2026-11-24,05:43 AM
Spirit Airlines,Airbus A321-231,A321,NK410,Tampa International Airport,TPA,Tampa,United States,Harry Reid International Airport,LAS,Las Vegas,United States,1721,3.87,2026-11-24,06:09 AM
American Airlines,Boeing 737-823,B738,AA2998,Dallas-Fort Worth International Airport,DFW,Dallas-Fort Worth,United States,Harry Reid International Airport,LAS,Las Vegas,United States,915,2.16,2026-11-24,06:22 AM
United Airlines,Boeing 787-8 Dreamliner,B788,UA416,Chicago O'Hare International Airport,ORD,Chicago,United States,Malpensa International Airport,MXP,Milan,Italy,3920,8.53,2026-11-24,06:29 AM
American Airlines,Boeing 737-823,B738,AA3110,Dallas-Fort Worth International Airport,DFW,Dallas-Fort Worth,United States,Reno/Tahoe International Airport,RNO,Reno,United States,1167,2.69,2026-11-24,07:02 AM
United Airlines,Airbus A319-131,A319,UA2866,Detroit Metro Wayne County Airport,DTW,Detroit,United States,San Francisco International Airport,SFO,San Francisco,United States,1802,4.04,2026-11-24,07:25 AM
United Airlines,Boeing 787-10 Dreamliner,B78X,UA907,Chicago O'Hare International Airport,ORD,Chicago,United States,Frankfurt am Main International Airport,FRA,Frankfurt am Main,Germany,3764,8.2,2026-11-24,07:32 AM
American Airlines,Airbus A321-231,A321,AA117,John F Kennedy International Airport,JFK,New York,United States,Los Angeles International Airport,LAX,Los Angeles,United States,2146,4.77,2026-11-24,07:37 AM
United Airlines,Boeing 767-322(ER),B763,UA940,Newark Liberty International Airport,EWR,Newark,United States,London Heathrow Airport,LHR,London,United Kingdom,3003,6.59,2026-11-24,07:54 AM
United Airlines,Boeing 767-322(ER),B763,UA1700,Los Angeles International Airport,LAX,Los Angeles,United States,Newark Liberty International Airport,EWR,Newark,United States,2128,4.73,2026-11-24,07:56 AM
United Airlines,Boeing 777-224(ER),B772,UA880,George Bush Intcntl/Houston Airport,IAH,Houston,United States,London Heathrow Airport,LHR,London,United Kingdom,4192,9.11,2026-11-24,08:03 AM
United Airlines,Boeing 767-322(ER),B763,UA628,Newark Liberty International Airport,EWR,Newark,United States,Menara Airport,RAK,Marrakech,Morocco,3177,6.95,2026-11-24,08:12 AM
American Airlines,Boeing 787-9 Dreamliner,B789,AA728,Philadelphia International Airport,PHL,Philadelphia,United States,London Heathrow Airport,LHR,London,United Kingdom,3072,6.73,2026-11-24,08:17 AM
United Airlines,Boeing 757-224,B752,UA228,Washington Dulles International Airport,IAD,Washington,United States,Dublin Airport,DUB,Dublin,Ireland,2954,6.48,2026-11-24,08:17 AM
United Airlines,Boeing 787-8 Dreamliner,B788,UA612,Washington Dulles International Airport,IAD,Washington,United States,Murtala Muhammed International Airport,LOS,Lagos,Nigeria,4728,10.24,2026-11-24,08:47 AM
United Airlines,Boeing 767-424(ER),B764,UA344,Daniel K Inouye International Airport,HNL,Honolulu,United States,Washington Dulles International Airport,IAD,Washington,United States,4177,9.07,2026-11-24,08:53 AM
United Airlines,Boeing 777-224(ER),B772,UA46,George Bush Intcntl/Houston Airport,IAH,Houston,United States,Frankfurt am Main International Airport,FRA,Frankfurt am Main,Germany,4536,9.84,2026-11-24,09:11 AM
United Airlines,Boeing 737 MAX 9,B39M,UA721,Los Angeles International Airport,LAX,Los Angeles,United States,George Bush Intcntl/Houston Airport,IAH,Houston,United States,1196,2.75,2026-08-24,09:21 AM
United Airlines,Boeing 737 MAX 8,B38M,UA1649,Juan Santamaria International Airport,SJO,San Jose,Costa Rica,Newark Liberty International Airport,EWR,Newark,United States,1919,4.29,2026-11-24,09:33 AM
American Airlines,Boeing 777-223(ER),B772,AA116,Kahului Airport,OGG,Kahului,United States,Dallas-Fort Worth International Airport,DFW,Dallas-Fort Worth,United States,3219,7.04,2026-11-24,09:36 AM
Spirit Airlines,Airbus A320-232,A320,NK1530,Harry Reid International Airport,LAS,Las Vegas,United States,General Mitchell International Airport,MKE,Milwaukee,United States,1321,3.02,2026-11-24,09:45 AM
United Airlines,Boeing 787-8 Dreamliner,B788,UA203,Kahului Airport,OGG,Kahului,United States,Chicago O'Hare International Airport,ORD,Chicago,United States,3631,7.92,2026-11-24,09:46 AM
United Airlines,Boeing 757-224,B752,UA406,Harry Reid International Airport,LAS,Las Vegas,United States,Newark Liberty International Airport,EWR,Newark,United States,1931,4.31,2026-05-24,09:47 AM
Spirit Airlines,Airbus A320-271N,A20N,NK216,Phoenix Sky Harbor International Airport,PHX,Phoenix,United States,Dallas-Fort Worth International Airport,DFW,Dallas-Fort Worth,United States,753,1.82,2026-11-24,10:08 AM
United Airlines,Boeing 787-8 Dreamliner,B788,UA844,Guarulhos - Governador Andre Franco Montoro International Airport,GRU,Sao Paulo,Brazil,Chicago O'Hare International Airport,ORD,Chicago,United States,4551,9.87,2026-11-24,10:21 AM
United Airlines,Boeing 777-222(ER),B772,UA18,Malpensa International Airport,MXP,Milan,Italy,Newark Liberty International Airport,EWR,Newark,United States,3475,7.59,2026-11-24,10:21 AM
United Airlines,Boeing 757-224,B752,UA2351,San Francisco International Airport,SFO,San Francisco,United States,Newark Liberty International Airport,EWR,Newark,United States,2224,4.93,2026-08-24,10:53 AM
American Airlines,Boeing 777-223(ER),B772,AA49,Charles de Gaulle International Airport,CDG,Paris,France,Dallas-Fort Worth International Airport,DFW,Dallas-Fort Worth,United States,4289,9.31,2026-11-24,11:08 AM
United Airlines,Boeing 767-322(ER),B763,UA135,Zurich Airport,ZRH,Zurich,Switzerland,Newark Liberty International Airport,EWR,Newark,United States,3419,7.47,2026-11-24,11:12 AM
American Airlines,Boeing 777-223(ER),B772,AA733,London Heathrow Airport,LHR,London,United Kingdom,Charlotte/Douglas International Airport,CLT,Charlotte,United States,3461,7.56,2026-11-24,12:01 PM
United Airlines,Boeing 737-924(ER),B739,UA796,Denver International Airport,DEN,Denver,United States,George Bush Intcntl/Houston Airport,IAH,Houston,United States,749,1.81,2026-08-24,12:44 PM
Spirit Airlines,Airbus A320-271N,A20N,NK445,Frederick Douglass/Greater Rochester International Airport,ROC,Rochester,United States,Fort Lauderdale/Hollywood International Airport,FLL,Fort Lauderdale,United States,1031,2.4,2026-11-24,12:48 PM
Spirit Airlines,Airbus A320-232,A320,NK1186,Detroit Metro Wayne County Airport,DTW,Detroit,United States,Dallas-Fort Worth International Airport,DFW,Dallas-Fort Worth,United States,857,2.04,2026-11-24,12:49 PM
United Airlines,Boeing 767-322(ER),B763,UA861,Washington Dulles International Airport,IAD,Washington,United States,Guarulhos - Governador Andre Franco Montoro International Airport,GRU,Sao Paulo,Brazil,4129,8.97,2026-11-24,01:18 PM
Spirit Airlines,Airbus A320-232,A320,NK1188,Los Angeles International Airport,LAX,Los Angeles,United States,Austin-Bergstrom International Airport,AUS,Austin,United States,1077,2.5,2026-11-24,03:51 PM
United Airlines,Boeing 737-824,B738,UA2399,Orlando International Airport,MCO,Orlando,United States,George Bush Intcntl/Houston Airport,IAH,Houston,United States,741,1.79,2026-11-24,03:53 PM
American Airlines,Boeing 737 MAX 8,B38M,AA2369,John F Kennedy International Airport,JFK,New York,United States,Phoenix Sky Harbor International Airport,PHX,Phoenix,United States,1867,4.18,2026-11-24,04:17 PM
American Airlines,Boeing 737-823,B738,AA460,Chicago O'Hare International Airport,ORD,Chicago,United States,Miami International Airport,MIA,Miami,United States,1042,2.43,2026-03-24,04:18 PM
United Airlines,Boeing 737-924,B739,UA2608,Harry Reid International Airport,LAS,Las Vegas,United States,George Bush Intcntl/Houston Airport,IAH,Houston,United States,1060,2.47,2026-11-24,04:21 PM
United Airlines,Boeing 737-824,B738,UA2312,San Antonio International Airport,SAT,San Antonio,United States,Denver International Airport,DEN,Denver,United States,691,1.68,2026-11-24,04:31 PM
American Airlines,Boeing 737-823,B738,AA2331,Cleveland-Hopkins International Airport,CLE,Cleveland,United States,Dallas-Fort Worth International Airport,DFW,Dallas-Fort Worth,United States,886,2.1,2026-11-24,04:35 PM
Spirit Airlines,Airbus A320-232,A320,NK3643,Cancun International Airport,CUN,Cancun,Mexico,Orlando International Airport,MCO,Orlando,United States,538,1.36,2026-11-24,04:38 PM
American Airlines,Airbus A321-253NX,A21N,AA639,Philadelphia International Airport,PHL,Philadelphia,United States,Phoenix Sky Harbor International Airport,PHX,Phoenix,United States,1800,4.04,2026-11-24,04:41 PM
United Airlines,Boeing 737 MAX 8,B38M,UA2021,Washington Dulles International Airport,IAD,Washington,United States,Luis Munoz Marin International Airport,SJU,San Juan,Puerto Rico,1367,3.12,2026-11-24,04:41 PM
Spirit Airlines,Airbus A320-232,A320,NK3793,Harry Reid International Airport,LAS,Las Vegas,United States,George Bush Intcntl/Houston Airport,IAH,Houston,United States,1060,2.47,2026-11-24,04:43 PM
American Airlines,Boeing 737-823,B738,AA2302,Dallas-Fort Worth International Airport,DFW,Dallas-Fort Worth,United States,Queretaro Intercontinental Airport,QRO,Queretaro,Mexico,756,1.82,2026-11-24,04:46 PM
United Airlines,Airbus A320-232,A320,UA2459,Dallas-Fort Worth International Airport,DFW,Dallas-Fort Worth,United States,Denver International Airport,DEN,Denver,United States,557,1.4,2026-11-24,04:46 PM
American Airlines,Boeing 737-823,B738,AA2133,Chicago O'Hare International Airport,ORD,Chicago,United States,Palm Beach International Airport,PBI,West Palm Beach,United States,995,2.33,2026-11-24,05:04 PM
American Airlines,Boeing 737-823,B738,AA2599,Bob Hope Airport,BUR,Burbank,United States,Dallas-Fort Worth International Airport,DFW,Dallas-Fort Worth,United States,1068,2.48,2026-11-24,05:10 PM
Spirit Airlines,Airbus A320-271N,A20N,NK3167,Harry Reid International Airport,LAS,Las Vegas,United States,Miami International Airport,MIA,Miami,United States,1887,4.22,2026-11-24,05:12 PM
Spirit Airlines,Airbus A321-271NX,A21N,NK2399,Charlotte/Douglas International Airport,CLT,Charlotte,United States,Harry Reid International Airport,LAS,Las Vegas,United States,1661,3.74,2026-11-24,05:18 PM
American Airlines,Airbus A319-112,A319,AA955,George Bush Intcntl/Houston Airport,IAH,Houston,United States,Philadelphia International Airport,PHL,Philadelphia,United States,1150,2.66,2026-11-24,05:28 PM
United Airlines,Boeing 737 MAX 8,B38M,UA390,Washington Dulles International Airport,IAD,Washington,United States,Sir Grantley Adams International Airport,BGI,Bridgetown,Barbados,1822,4.08,2026-11-24,05:40 PM
United Airlines,Boeing 737-824,B738,UA1107,San Francisco International Airport,SFO,San Francisco,United States,Austin-Bergstrom International Airport,AUS,Austin,United States,1305,2.99,2026-11-24,05:51 PM
American Airlines,Boeing 737-823,B738,AA2592,Los Cabos International Airport,SJD,San Jose del Cabo,Mexico,Austin-Bergstrom International Airport,AUS,Austin,United States,772,1.86,2026-11-24,05:53 PM
American Airlines,Boeing 737-823,B738,AA1929,Southwest Florida International Airport,RSW,Fort Myers,United States,Chicago O'Hare International Airport,ORD,Chicago,United States,977,2.29,2026-11-24,06:09 PM
American Airlines,Boeing 737-823,B738,AA1608,Dallas-Fort Worth International Airport,DFW,Dallas-Fort Worth,United States,Laguardia Airport,LGA,New York,United States,1205,2.77,2026-11-24,06:10 PM
United Airlines,Boeing 737-7V3,B737,UA1687,George Bush Intcntl/Houston Airport,IAH,Houston,United States,Indianapolis International Airport,IND,Indianapolis,United States,734,1.78,2026-11-24,06:11 PM
American Airlines,Airbus A319-115,A319,AA362,Austin-Bergstrom International Airport,AUS,Austin,United States,Philadelphia International Airport,PHL,Philadelphia,United States,1241,2.85,2026-11-24,06:28 PM
Spirit Airlines,Airbus A320-271N,A20N,NK2059,Philadelphia International Airport,PHL,Philadelphia,United States,Fort Lauderdale/Hollywood International Airport,FLL,Fort Lauderdale,United States,864,2.05,2026-11-24,06:38 PM
American Airlines,Airbus A320-232,A320,AA1437,Phoenix Sky Harbor International Airport,PHX,Phoenix,United States,Reno/Tahoe International Airport,RNO,Reno,United States,522,1.33,2026-11-24,06:39 PM
American Airlines,Boeing 737-823,B738,AA390,Licenciado Benito Juarez International Airport,MEX,Mexico City,Mexico,Dallas-Fort Worth International Airport,DFW,Dallas-Fort Worth,United States,816,1.95,2026-04-24,06:46 PM
American Airlines,Boeing 737-823,B738,AA606,Dallas-Fort Worth International Airport,DFW,Dallas-Fort Worth,United States,John F Kennedy International Airport,JFK,New York,United States,1207,2.78,2026-05-24,07:03 PM
American Airlines,Boeing 737-823,B738,AA1734,Dallas-Fort Worth International Airport,DFW,Dallas-Fort Worth,United States,Detroit Metro Wayne County Airport,DTW,Detroit,United States,857,2.04,2026-11-24,07:09 PM
United Airlines,Boeing 737-924(ER),B739,UA1196,Cancun International Airport,CUN,Cancun,Mexico,Chicago O'Hare International Airport,ORD,Chicago,United States,1258,2.89,2026-11-24,07:17 PM
United Airlines,Boeing 737-824,B738,UA2279,George Bush Intcntl/Houston Airport,IAH,Houston,United States,Palm Beach International Airport,PBI,West Palm Beach,United States,829,1.98,2026-11-24,07:18 PM
United Airlines,Boeing 757-224,B752,UA648,Newark Liberty International Airport,EWR,Newark,United States,San Francisco International Airport,SFO,San Francisco,United States,2224,4.93,2026-11-24,07:28 PM
American Airlines,Boeing 737-823,B738,AA1948,Tampa International Airport,TPA,Tampa,United States,Dallas-Fort Worth International Airport,DFW,Dallas-Fort Worth,United States,806,1.93,2026-11-24,07:34 PM
American Airlines,Boeing 737-823,B738,AA1177,Ronald Reagan Washington Ntl Airport,DCA,Washington,United States,Dallas-Fort Worth International Airport,DFW,Dallas-Fort Worth,United States,1034,2.41,2026-11-24,07:41 PM
American Airlines,Boeing 737-823,B738,AA1571,Dallas-Fort Worth International Airport,DFW,Dallas-Fort Worth,United States,Mc Ghee Tyson Airport,TYS,Knoxville,United States,669,1.64,2026-11-24,07:53 PM
United Airlines,Boeing 737-824,B738,UA487,San Francisco International Airport,SFO,San Francisco,United States,Cleveland-Hopkins International Airport,CLE,Cleveland,United States,1873,4.19,2026-11-24,07:55 PM
American Airlines,Boeing 737-823,B738,AA2154,General Edward Lawrence Logan International Airport,BOS,Boston,United States,Dallas-Fort Worth International Airport,DFW,Dallas-Fort Worth,United States,1355,3.09,2026-11-24,07:58 PM
Spirit Airlines,Airbus A320-232,A320,NK1189,Austin-Bergstrom International Airport,AUS,Austin,United States,Los Angeles International Airport,LAX,Los Angeles,United States,1077,2.5,2026-07-24,08:07 PM
American Airlines,Boeing 737-823,B738,AA2636,Los Cabos International Airport,SJD,San Jose del Cabo,Mexico,Chicago O'Hare International Airport,ORD,Chicago,United States,1571,3.55,2026-11-24,08:25 PM
United Airlines,Boeing 737-924(ER),B739,UA1233,Denver International Airport,DEN,Denver,United States,Newark Liberty International Airport,EWR,Newark,United States,1391,3.17,2026-11-24,08:31 PM
American Airlines,Boeing 737-823,B738,AA1390,Fort Lauderdale/Hollywood International Airport,FLL,Fort Lauderdale,United States,Dallas-Fort Worth International Airport,DFW,Dallas-Fort Worth,United States,972,2.28,2026-11-24,08:35 PM
American Airlines,Boeing 737-823,B738,AA2639,Licenciado Gustavo Diaz Ordaz International Airport,PVR,Puerto Vallarta,Mexico,Dallas-Fort Worth International Airport,DFW,Dallas-Fort Worth,United States,855,2.03,2026-02-24,08:37 PM
Spirit Airlines,Airbus A320-271N,A20N,NK277,Cyril E King Airport,STT,Charlotte Amalie,Virgin Islands Us,Orlando International Airport,MCO,Orlando,United States,1083,2.51,2026-11-24,08:39 PM
United Airlines,Boeing 737 MAX 9,B39M,UA1294,Denver International Airport,DEN,Denver,United States,Palm Springs International Airport,PSP,Palm Springs,United States,673,1.65,2026-11-24,08:41 PM
American Airlines,Boeing 737-823,B738,AA1831,Palm Beach International Airport,PBI,West Palm Beach,United States,Chicago O'Hare International Airport,ORD,Chicago,United States,995,2.33,2026-11-24,08:42 PM
Spirit Airlines,Airbus A320-271N,A20N,NK303,Los Angeles International Airport,LAX,Los Angeles,United States,Detroit Metro Wayne County Airport,DTW,Detroit,United States,1716,3.86,2026-11-24,09:11 PM
American Airlines,Boeing 737-823,B738,AA2679,Dallas-Fort Worth International Airport,DFW,Dallas-Fort Worth,United States,Sarasota/Bradenton International Airport,SRQ,Sarasota/Bradenton,United States,820,1.96,2026-11-24,09:18 PM
American Airlines,Boeing 737-823,B738,AA1562,Charlotte/Douglas International Airport,CLT,Charlotte,United States,Cleveland-Hopkins International Airport,CLE,Cleveland,United States,374,1.01,2026-11-24,09:31 PM
Spirit Airlines,Airbus A320-271N,A20N,NK1452,General Edward Lawrence Logan International Airport,BOS,Boston,United States,Southwest Florida International Airport,RSW,Fort Myers,United States,1090,2.53,2026-11-24,09:33 PM
United Airlines,Boeing 777-222,B772,UA1423,Cancun International Airport,CUN,Cancun,Mexico,Chicago O'Hare International Airport,ORD,Chicago,United States,1258,2.89,2026-11-24,09:38 PM
United Airlines,Boeing 737-724,B737,UA2075,John Wayne/Orange County Airport,SNA,Santa Ana,United States,Chicago O'Hare International Airport,ORD,Chicago,United States,1497,3.39,2026-11-24,09:39 PM
Spirit Airlines,Airbus A320-232,A320,NK1226,Fort Lauderdale/Hollywood International Airport,FLL,Fort Lauderdale,United States,Richmond International Airport,RIC,Richmond,United States,701,1.71,2026-11-24,10:01 PM
American Airlines,Airbus A321-211,A321,AA1270,Dallas-Fort Worth International Airport,DFW,Dallas-Fort Worth,United States,Jacksonville International Airport,JAX,Jacksonville,United States,797,1.91,2026-01-24,10:01 PM
China United Airlines,Boeing 737-86N,B738,KN5738,Shanghai Hongqiao International Airport,SHA,Shanghai,China,Foshan Shadi Airport,FUO,Foshan,China,657,1.61,2026-11-25,04:32 AM
United Airlines,Boeing 737-824,B738,UA132,Chuuk International Airport,TKK,Weno Island,Micronesia,Guam International Airport,GUM,Guam,Guam,551,1.39,2026-11-25,06:30 AM
China United Airlines,Boeing 737-89P,B738,KN5932,Quanzhou Airport,JJN,Quanzhou,China,Beijing Daxing International Airport,PKX,Beijing,China,890,2.11,2026-07-25,12:52 PM
China United Airlines,Boeing 737-89P,B738,KN5820,Haikou Meilan International Airport,HAK,Haikou,China,Beijing Daxing International Airport,PKX,Beijing,China,1214,2.79,2026-11-25,02:07 PM
Spirit Airlines,Airbus A320-271N,A20N,NK1140,Simon Bolivar International Airport,GYE,Guayaquil,Ecuador,Fort Lauderdale/Hollywood International Airport,FLL,Fort Lauderdale,United States,1695,3.81,2026-11-26,08:36 AM
United Airlines,Boeing 777-224(ER),B772,UA832,Ministro Pistarini International Airport,EZE,Ezeiza,Argentina,George Bush Intcntl/Houston Airport,IAH,Houston,United States,4413,9.57,2026-11-26,11:20 AM
American Airlines,Boeing 737-823,B738,AA2796,Dallas-Fort Worth International Airport,DFW,Dallas-Fort Worth,United States,Louisville Muhammad Ali International Airport,SDF,Louisville,United States,636,1.57,2026-05-26,01:37 PM
Spirit Airlines,Airbus A320-271N,A20N,NK1726,Detroit Metro Wayne County Airport,DTW,Detroit,United States,Harry Reid International Airport,LAS,Las Vegas,United States,1516,3.43,2026-11-26,01:53 PM
American Airlines,Boeing 737-823,B738,AA2558,Fort Lauderdale/Hollywood International Airport,FLL,Fort Lauderdale,United States,Dallas-Fort Worth International Airport,DFW,Dallas-Fort Worth,United States,972,2.28,2026-11-26,02:01 PM
United Airlines,Airbus A320-232,A320,UA2414,Austin-Bergstrom International Airport,AUS,Austin,United States,Chicago O'Hare International Airport,ORD,Chicago,United States,850,2.02,2026-11-26,02:08 PM
American Airlines,Boeing 737-823,B738,AA2832,Greenville Spartanburg International Airport,GSP,Greer,United States,Dallas-Fort Worth International Airport,DFW,Dallas-Fort Worth,United States,747,1.8,2026-11-26,02:10 PM
American Airlines,Boeing 737-823,B738,AA1981,Orlando International Airport,MCO,Orlando,United States,Laguardia Airport,LGA,New York,United States,827,1.97,2026-11-26,02:11 PM
American Airlines,Airbus A321-211,A321,AA2970,Orlando International Airport,MCO,Orlando,United States,Philadelphia International Airport,PHL,Philadelphia,United States,750,1.81,2026-05-26,02:12 PM
United Airlines,Boeing 737-724,B737,UA2205,John Glenn Columbus International Airport,CMH,Columbus,United States,George Bush Intcntl/Houston Airport,IAH,Houston,United States,856,2.03,2026-11-26,02:32 PM
United Airlines,Boeing 757-224,B752,UA440,Fort Lauderdale/Hollywood International Airport,FLL,Fort Lauderdale,United States,Newark Liberty International Airport,EWR,Newark,United States,927,2.18,2026-11-26,02:48 PM
United Airlines,Boeing 737-724,B737,UA2050,Newark Liberty International Airport,EWR,Newark,United States,John Wayne/Orange County Airport,SNA,Santa Ana,United States,2110,4.69,2026-11-26,03:10 PM
American Airlines,Airbus A319-115,A319,AA1977,Miami International Airport,MIA,Miami,United States,Comayagua-Palmerola International Airport,XPL,Comayagua,Honduras,800,1.92,2026-11-26,03:15 PM
American Airlines,Airbus A319-112,A319,AA2826,Eppley Airfield,OMA,Omaha,United States,Miami International Airport,MIA,Miami,United States,1211,2.79,2026-02-26,03:25 PM
American Airlines,Boeing 737-823,B738,AA2956,Nashville International Airport,BNA,Nashville,United States,Phoenix Sky Harbor International Airport,PHX,Phoenix,United States,1256,2.88,2026-11-26,03:28 PM
American Airlines,Airbus A319-115,A319,AA2684,Charlotte/Douglas International Airport,CLT,Charlotte,United States,Cyril E King Airport,STT,Charlotte Amalie,Virgin Islands Us,1323,3.02,2026-07-26,03:32 PM
American Airlines,Boeing 787-9 Dreamliner,B789,AA259,Lisbon Portela Airport,LIS,Lisbon,Portugal,Philadelphia International Airport,PHL,Philadelphia,United States,2997,6.57,2026-11-26,03:41 PM
American Airlines,Airbus A319-115,A319,AA2532,Dallas-Fort Worth International Airport,DFW,Dallas-Fort Worth,United States,Tulsa International Airport,TUL,Tulsa,United States,206,0.66,2026-11-26,03:42 PM
Spirit Airlines,Airbus A320-232,A320,NK3004,Hartsfield - Jackson Atlanta International Airport,ATL,Atlanta,United States,Fort Lauderdale/Hollywood International Airport,FLL,Fort Lauderdale,United States,506,1.29,2026-11-26,03:46 PM
American Airlines,Boeing 737-823,B738,AA1786,Charlotte/Douglas International Airport,CLT,Charlotte,United States,Newark Liberty International Airport,EWR,Newark,United States,459,1.19,2026-11-26,03:47 PM
United Airlines,Airbus A319-132,A319,UA2859,Detroit Metro Wayne County Airport,DTW,Detroit,United States,San Francisco International Airport,SFO,San Francisco,United States,1802,4.04,2026-11-26,04:21 PM
American Airlines,Boeing 737-823,B738,AA481,Chicago O'Hare International Airport,ORD,Chicago,United States,Dallas-Fort Worth International Airport,DFW,Dallas-Fort Worth,United States,697,1.7,2026-02-26,04:23 PM
American Airlines,Boeing 737-823,B738,AA1472,Dallas-Fort Worth International Airport,DFW,Dallas-Fort Worth,United States,George Bush Intcntl/Houston Airport,IAH,Houston,United States,195,0.63,2026-11-26,04:39 PM
United Airlines,Boeing 737 MAX 8,B38M,UA1756,Southwest Florida International Airport,RSW,Fort Myers,United States,Newark Liberty International Airport,EWR,Newark,United States,933,2.2,2026-11-26,04:47 PM
United Airlines,Boeing 737-724,B737,UA2346,George Bush Intcntl/Houston Airport,IAH,Houston,United States,Don Miguel Hidalgo Y Costilla International Airport,GDL,Guadalajara,Mexico,714,1.73,2026-11-26,05:06 PM
American Airlines,Airbus A321-231,A321,AA805,Philadelphia International Airport,PHL,Philadelphia,United States,Cancun International Airport,CUN,Cancun,Mexico,1279,2.93,2026-11-26,05:11 PM
United Airlines,Boeing 737 MAX 8,B38M,UA1432,George Bush Intcntl/Houston Airport,IAH,Houston,United States,Augusto C. Sandino (Managua) International Airport,MGA,Managua,Nicaragua,1187,2.74,2026-11-26,05:13 PM
United Airlines,Boeing 757-224,B752,UA1330,Newark Liberty International Airport,EWR,Newark,United States,Harry Reid International Airport,LAS,Las Vegas,United States,1931,4.31,2026-11-26,05:37 PM
American Airlines,Airbus A321-231,A321,AA875,Charlotte/Douglas International Airport,CLT,Charlotte,United States,Sangster International Airport,MBJ,Montego Bay,Jamaica,1016,2.37,2026-11-26,05:38 PM
American Airlines,Airbus A319-115,A319,AA1916,Dallas-Fort Worth International Airport,DFW,Dallas-Fort Worth,United States,Jackson Hole Airport,JAC,Jackson,United States,909,2.15,2026-02-26,05:43 PM
United Airlines,Boeing 737-924(ER),B739,UA1514,Newark Liberty International Airport,EWR,Newark,United States,Punta Cana International Airport,PUJ,Punta Cana,Dominican Republic,1362,3.11,2026-11-26,05:43 PM
American Airlines,Airbus A319-112,A319,AA1325,Southwest Florida International Airport,RSW,Fort Myers,United States,Ronald Reagan Washington Ntl Airport,DCA,Washington,United States,779,1.87,2026-11-26,05:45 PM
American Airlines,Boeing 737-823,B738,AA2279,Charlotte/Douglas International Airport,CLT,Charlotte,United States,Chicago O'Hare International Airport,ORD,Chicago,United States,521,1.32,2026-11-26,05:49 PM
American Airlines,Airbus A319-115,A319,AA2044,Charlotte/Douglas International Airport,CLT,Charlotte,United States,L.F. Wade International International Airport,BDA,Hamilton,Bermuda,829,1.98,2026-11-26,06:21 PM
American Airlines,Boeing 787-8 Dreamliner,B788,AA176,Tokyo International Airport,HND,Tokyo,Japan,Dallas-Fort Worth International Airport,DFW,Dallas-Fort Worth,United States,5604,12.1,2026-11-26,06:21 PM
American Airlines,Boeing 737-823,B738,AA2039,Laguardia Airport,LGA,New York,United States,Miami International Airport,MIA,Miami,United States,955,2.24,2026-11-26,06:27 PM
United Airlines,Boeing 737-824,B738,UA399,Chicago O'Hare International Airport,ORD,Chicago,United States,General Edward Lawrence Logan International Airport,BOS,Boston,United States,751,1.81,2026-11-26,06:34 PM
United Airlines,Boeing 737 MAX 9,B39M,UA2673,Chicago O'Hare International Airport,ORD,Chicago,United States,George Bush Intcntl/Houston Airport,IAH,Houston,United States,805,1.93,2026-11-26,06:43 PM
United Airlines,Boeing 737-724,B737,UA395,Chicago O'Hare International Airport,ORD,Chicago,United States,Ronald Reagan Washington Ntl Airport,DCA,Washington,United States,531,1.34,2026-11-26,06:44 PM
United Airlines,Boeing 737-824,B738,UA2446,Denver International Airport,DEN,Denver,United States,Laguardia Airport,LGA,New York,United States,1404,3.2,2026-11-26,06:45 PM
Spirit Airlines,Airbus A320-271N,A20N,NK895,Cyril E King Airport,STT,Charlotte Amalie,Virgin Islands Us,Luis Munoz Marin International Airport,SJU,San Juan,Puerto Rico,59,0.34,2026-11-26,06:46 PM
United Airlines,Airbus A319-131,A319,UA619,Denver International Airport,DEN,Denver,United States,Louisville Muhammad Ali International Airport,SDF,Louisville,United States,887,2.1,2026-11-26,06:52 PM
American Airlines,Boeing 737-823,B738,AA1554,Cleveland-Hopkins International Airport,CLE,Cleveland,United States,Dallas-Fort Worth International Airport,DFW,Dallas-Fort Worth,United States,886,2.1,2026-11-26,06:57 PM
American Airlines,Boeing 737-823,B738,AA2282,Dallas-Fort Worth International Airport,DFW,Dallas-Fort Worth,United States,Norfolk International Airport,ORF,Norfolk,United States,1051,2.45,2026-11-26,07:00 PM
American Airlines,Boeing 737-823,B738,AA2999,Charlotte/Douglas International Airport,CLT,Charlotte,United States,Austin-Bergstrom International Airport,AUS,Austin,United States,896,2.12,2026-11-26,07:06 PM
United Airlines,Boeing 737-724,B737,UA2405,Ponciano Arriaga International Airport,SLP,San Luis Potosi,Mexico,George Bush Intcntl/Houston Airport,IAH,Houston,United States,553,1.39,2026-11-26,07:09 PM
American Airlines,Boeing 737-823,B738,AA2211,Miami International Airport,MIA,Miami,United States,Henry E Rohlsen Airport,STX,Christiansted,Virgin Islands Us,990,2.32,2026-11-26,07:15 PM
American Airlines,Boeing 737-823,B738,AA849,Dallas-Fort Worth International Airport,DFW,Dallas-Fort Worth,United States,General Edward Lawrence Logan International Airport,BOS,Boston,United States,1355,3.09,2026-11-26,07:32 PM
American Airlines,Boeing 737-823,B738,AA2683,Raleigh-Durham International Airport,RDU,Raleigh/Durham,United States,Dallas-Fort Worth International Airport,DFW,Dallas-Fort Worth,United States,920,2.17,2026-02-26,07:34 PM
American Airlines,Boeing 737-823,B738,AA919,Miami International Airport,MIA,Miami,United States,Alfonso Bonilla Aragon International Airport,CLO,Cali,Colombia,1355,3.09,2026-11-26,07:44 PM
American Airlines,Boeing 737-823,B738,AA601,Phoenix Sky Harbor International Airport,PHX,Phoenix,United States,Chicago O'Hare International Airport,ORD,Chicago,United States,1249,2.87,2026-11-26,07:47 PM
American Airlines,Boeing 737-823,B738,AA3146,Charlotte/Douglas International Airport,CLT,Charlotte,United States,Miami International Airport,MIA,Miami,United States,567,1.42,2026-05-26,08:09 PM
American Airlines,Boeing 737-823,B738,AA1089,Sir Grantley Adams International Airport,BGI,Bridgetown,Barbados,Miami International Airport,MIA,Miami,United States,1400,3.19,2026-01-26,11:03 PM
American Airlines,Boeing 737-823,B738,AA1375,Punta Cana International Airport,PUJ,Punta Cana,Dominican Republic,Charlotte/Douglas International Airport,CLT,Charlotte,United States,1203,2.77,2026-05-26,11:04 PM
American Airlines,Boeing 737-823,B738,AA1148,Tampa International Airport,TPA,Tampa,United States,Chicago O'Hare International Airport,ORD,Chicago,United States,881,2.09,2026-11-26,11:19 PM
United Airlines,Boeing 737-924,B739,UA1640,Tampa International Airport,TPA,Tampa,United States,George Bush Intcntl/Houston Airport,IAH,Houston,United States,683,1.67,2026-04-26,11:22 PM
American Airlines,Boeing 737 MAX 8,B38M,AA1563,Henry E Rohlsen Airport,STX,Christiansted,Virgin Islands Us,Miami International Airport,MIA,Miami,United States,990,2.32,2026-11-26,11:26 PM
American Airlines,Boeing 737-823,B738,AA594,Daniel Oduber Quiros International Airport,LIR,Liberia,Costa Rica,Miami International Airport,MIA,Miami,United States,960,2.25,2026-11-26,11:28 PM
Spirit Airlines,Airbus A321-231,A321,NK1,Chicago O'Hare International Airport,ORD,Chicago,United States,Fort Lauderdale/Hollywood International Airport,FLL,Fort Lauderdale,United States,1029,2.4,2026-05-26,11:30 PM
American Airlines,Boeing 737 MAX 8,B38M,AA2168,Rafael Nunez International Airport,CTG,Cartagena,Colombia,Miami International Airport,MIA,Miami,United States,961,2.26,2026-11-26,11:34 PM
United Airlines,Boeing 737-824,B738,UA2215,Miami International Airport,MIA,Miami,United States,George Bush Intcntl/Houston Airport,IAH,Houston,United States,837,1.99,2026-11-26,11:49 PM
American Airlines,Boeing 777-223(ER),B772,AA119,Dallas-Fort Worth International Airport,DFW,Dallas-Fort Worth,United States,Kahului Airport,OGG,Kahului,United States,3219,7.04,2026-11-26,11:53 PM
United Airlines,Boeing 737-824,B738,UA1286,Los Cabos International Airport,SJD,San Jose del Cabo,Mexico,Los Angeles International Airport,LAX,Los Angeles,United States,793,1.9,2026-11-26,11:55 PM
American Airlines,Boeing 737 MAX 8,B38M,AA1391,Cyril E King Airport,STT,Charlotte Amalie,Virgin Islands Us,Miami International Airport,MIA,Miami,United States,962,2.26,2026-11-27,12:01 AM
United Airlines,Boeing 737-824,B738,UA338,Los Cabos International Airport,SJD,San Jose del Cabo,Mexico,Denver International Airport,DEN,Denver,United States,1036,2.42,2026-11-27,12:14 AM
American Airlines,Airbus A319-115,A319,AA2200,Licenciado Manuel Crescencio Rejon Int Airport,MID,Merida,Mexico,Dallas-Fort Worth International Airport,DFW,Dallas-Fort Worth,United States,819,1.96,2026-11-27,12:16 AM
American Airlines,Boeing 787-8 Dreamliner,B788,AA432,Phoenix Sky Harbor International Airport,PHX,Phoenix,United States,Kahului Airport,OGG,Kahului,United States,2469,5.45,2026-11-27,12:17 AM
United Airlines,Boeing 737-824,B738,UA2369,Licenciado Gustavo Diaz Ordaz International Airport,PVR,Puerto Vallarta,Mexico,Denver International Airport,DEN,Denver,United States,1152,2.66,2026-02-27,12:30 AM
American Airlines,Boeing 737-823,B738,AA2649,Miami International Airport,MIA,Miami,United States,Detroit Metro Wayne County Airport,DTW,Detroit,United States,997,2.33,2026-11-27,12:40 AM
United Airlines,Boeing 737-824,B738,UA2648,Palm Beach International Airport,PBI,West Palm Beach,United States,George Bush Intcntl/Houston Airport,IAH,Houston,United States,829,1.98,2026-11-27,12:41 AM
American Airlines,Airbus A321-211,A321,AA2918,Charlotte/Douglas International Airport,CLT,Charlotte,United States,Luis Munoz Marin International Airport,SJU,San Juan,Puerto Rico,1283,2.94,2026-11-27,12:47 AM
American Airlines,Boeing 777-223(ER),B772,AA2437,Luis Munoz Marin International Airport,SJU,San Juan,Puerto Rico,Dallas-Fort Worth International Airport,DFW,Dallas-Fort Worth,United States,1880,4.2,2026-11-27,12:54 AM
United Airlines,Boeing 767-322(ER),B763,UA854,George Bush Intcntl/Houston Airport,IAH,Houston,United States,Jorge Chavez International Airport,LIM,Lima,Peru,2734,6.02,2026-11-27,12:59 AM
American Airlines,Airbus A321-231,A321,AA3231,Orlando International Airport,MCO,Orlando,United States,Phoenix Sky Harbor International Airport,PHX,Phoenix,United States,1603,3.62,2026-08-27,01:16 AM
American Airlines,Airbus A321-231,A321,AA2325,Southwest Florida International Airport,RSW,Fort Myers,United States,Charlotte/Douglas International Airport,CLT,Charlotte,United States,525,1.33,2026-11-27,02:04 AM
American Airlines,Airbus A321-253NX,A21N,AA1480,Daniel K Inouye International Airport,HNL,Honolulu,United States,Los Angeles International Airport,LAX,Los Angeles,United States,2218,4.92,2026-11-27,02:23 AM
American Airlines,Airbus A321-231,A321,AA2736,Southwest Florida International Airport,RSW,Fort Myers,United States,Dallas-Fort Worth International Airport,DFW,Dallas-Fort Worth,United States,881,2.09,2026-11-27,02:23 AM
American Airlines,Boeing 737-823,B738,AA1045,Miami International Airport,MIA,Miami,United States,Hartsfield - Jackson Atlanta International Airport,ATL,Atlanta,United States,518,1.32,2026-11-27,02:29 AM
United Airlines,Boeing 737 MAX 8,B38M,UA263,George Bush Intcntl/Houston Airport,IAH,Houston,United States,Pittsburgh International Airport,PIT,Pittsburgh,United States,971,2.28,2026-11-27,02:35 AM
United Airlines,Boeing 737 MAX 8,B38M,UA2407,George Bush Intcntl/Houston Airport,IAH,Houston,United States,Albuquerque International Sunport Airport,ABQ,Albuquerque,United States,646,1.59,2026-11-27,02:38 AM
American Airlines,Airbus A319-112,A319,AA3129,Philadelphia International Airport,PHL,Philadelphia,United States,Rhode Island Tf Green International Airport,PVD,Providence,United States,206,0.66,2026-01-27,02:51 AM
United Airlines,Boeing 737-924(ER),B739,UA1410,George Bush Intcntl/Houston Airport,IAH,Houston,United States,Austin-Bergstrom International Airport,AUS,Austin,United States,122,0.48,2026-11-27,02:55 AM
American Airlines,Boeing 737-823,B738,AA3243,Dallas-Fort Worth International Airport,DFW,Dallas-Fort Worth,United States,Indianapolis International Airport,IND,Indianapolis,United States,661,1.62,2026-11-27,02:58 AM
American Airlines,Airbus A321-253N,A21N,AA2035,Miami International Airport,MIA,Miami,United States,San Francisco International Airport,SFO,San Francisco,United States,2243,4.97,2026-11-27,02:59 AM
American Airlines,Airbus A321-253NX,A21N,AA2888,Miami International Airport,MIA,Miami,United States,Portland International Airport,PDX,Portland,United States,2343,5.19,2026-11-27,03:00 AM
American Airlines,Airbus A321-231,A321,AA1017,Charlotte/Douglas International Airport,CLT,Charlotte,United States,Bradley International Airport,BDL,Windsor Locks,United States,559,1.4,2026-07-27,03:04 AM
American Airlines,Airbus A321-253NX,A21N,AA663,Phoenix Sky Harbor International Airport,PHX,Phoenix,United States,Ellison Onizuka Kona International At Keahole Airport,KOA,Kailua/Kona,United States,2481,5.48,2026-11-27,03:07 AM
United Airlines,Boeing 737 MAX 8,B38M,UA279,Tampa International Airport,TPA,Tampa,United States,Newark Liberty International Airport,EWR,Newark,United States,868,2.06,2026-11-27,03:14 AM
Spirit Airlines,Airbus A320-271N,A20N,NK956,San Antonio International Airport,SAT,San Antonio,United States,Fort Lauderdale/Hollywood International Airport,FLL,Fort Lauderdale,United States,994,2.33,2026-08-27,03:17 AM
United Airlines,Boeing 737 MAX 9,B39M,UA693,Washington Dulles International Airport,IAD,Washington,United States,Los Angeles International Airport,LAX,Los Angeles,United States,1982,4.42,2026-11-27,03:19 AM
American Airlines,Boeing 737-823,B738,AA348,Dallas-Fort Worth International Airport,DFW,Dallas-Fort Worth,United States,John Wayne/Orange County Airport,SNA,Santa Ana,United States,1045,2.43,2026-07-27,03:21 AM
American Airlines,Airbus A321-231,A321,AA1242,Dallas-Fort Worth International Airport,DFW,Dallas-Fort Worth,United States,Portland International Airport,PDX,Portland,United States,1402,3.19,2026-11-27,03:50 AM
United Airlines,Boeing 737-924(ER),B739,UA1887,George Bush Intcntl/Houston Airport,IAH,Houston,United States,Washington Dulles International Airport,IAD,Washington,United States,1030,2.4,2026-11-27,03:57 AM
American Airlines,Boeing 737-823,B738,AA2063,Dallas-Fort Worth International Airport,DFW,Dallas-Fort Worth,United States,Don Miguel Hidalgo Y Costilla International Airport,GDL,Guadalajara,Mexico,815,1.95,2026-11-27,04:02 AM
American Airlines,Boeing 737-823,B738,AA1075,Harry Reid International Airport,LAS,Las Vegas,United States,Phoenix Sky Harbor International Airport,PHX,Phoenix,United States,222,0.69,2026-11-27,04:02 AM
American Airlines,Airbus A321-253NX,A21N,AA58,Ellison Onizuka Kona International At Keahole Airport,KOA,Kailua/Kona,United States,Los Angeles International Airport,LAX,Los Angeles,United States,2173,4.83,2026-11-27,04:14 AM
United Airlines,Boeing 737-924(ER),B739,UA725,George Bush Intcntl/Houston Airport,IAH,Houston,United States,San Francisco International Airport,SFO,San Francisco,United States,1419,3.23,2026-11-27,04:15 AM
American Airlines,Airbus A321-231,A321,AA3078,Dallas-Fort Worth International Airport,DFW,Dallas-Fort Worth,United States,Detroit Metro Wayne County Airport,DTW,Detroit,United States,857,2.04,2026-11-27,04:20 AM
American Airlines,Boeing 737-823,B738,AA2118,Los Angeles International Airport,LAX,Los Angeles,United States,Austin-Bergstrom International Airport,AUS,Austin,United States,1077,2.5,2026-11-27,04:23 AM
American Airlines,Boeing 737-823,B738,AA1199,Dallas-Fort Worth International Airport,DFW,Dallas-Fort Worth,United States,Fresno Yosemite International Airport,FAT,Fresno,United States,1139,2.63,2026-11-27,04:28 AM
American Airlines,Airbus A321-231,A321,AA2048,Phoenix Sky Harbor International Airport,PHX,Phoenix,United States,Sacramento International Airport,SMF,Sacramento,United States,562,1.41,2026-11-27,04:30 AM
United Airlines,Boeing 737-924(ER),B739,UA689,Washington Dulles International Airport,IAD,Washington,United States,Orlando International Airport,MCO,Orlando,United States,657,1.61,2026-11-27,04:43 AM
United Airlines,Boeing 737 MAX 8,B38M,UA1608,Miami International Airport,MIA,Miami,United States,San Francisco International Airport,SFO,San Francisco,United States,2243,4.97,2026-11-27,04:49 AM
American Airlines,Boeing 737-823,B738,AA1273,Dallas-Fort Worth International Airport,DFW,Dallas-Fort Worth,United States,Reno/Tahoe International Airport,RNO,Reno,United States,1167,2.69,2026-11-27,04:55 AM
American Airlines,Airbus A321-211,A321,AA3140,Dallas-Fort Worth International Airport,DFW,Dallas-Fort Worth,United States,Los Angeles International Airport,LAX,Los Angeles,United States,1071,2.49,2026-11-27,04:58 AM
American Airlines,Boeing 737 MAX 8,B38M,AA944,Miami International Airport,MIA,Miami,United States,John F Kennedy International Airport,JFK,New York,United States,949,2.23,2026-07-27,05:03 AM
American Airlines,Boeing 737-823,B738,AA376,Miami International Airport,MIA,Miami,United States,Chicago O'Hare International Airport,ORD,Chicago,United States,1042,2.43,2026-11-27,05:25 AM
American Airlines,Boeing 737 MAX 8,B38M,AA1122,El Dorado International Airport,BOG,Bogota,Colombia,Dallas-Fort Worth International Airport,DFW,Dallas-Fort Worth,United States,2124,4.72,2026-11-27,05:57 AM
United Airlines,Boeing 767-322(ER),B763,UA860,Guarulhos - Governador Andre Franco Montoro International Airport,GRU,Sao Paulo,Brazil,Washington Dulles International Airport,IAD,Washington,United States,4129,8.97,2026-11-27,06:55 AM
American Airlines,Boeing 777-323(ER),B77W,AA906,Guarulhos - Governador Andre Franco Montoro International Airport,GRU,Sao Paulo,Brazil,Miami International Airport,MIA,Miami,United States,3550,7.75,2026-11-27,07:21 AM
American Airlines,Boeing 777-223(ER),B772,AA102,Daniel K Inouye International Airport,HNL,Honolulu,United States,Dallas-Fort Worth International Airport,DFW,Dallas-Fort Worth,United States,3283,7.18,2026-11-27,07:45 AM
United Airlines,Boeing 757-224,B752,UA407,Newark Liberty International Airport,EWR,Newark,United States,Harry Reid International Airport,LAS,Las Vegas,United States,1931,4.31,2026-11-27,08:03 AM
United Airlines,Boeing 737 MAX 8,B38M,UA1827,San Diego International Airport,SAN,San Diego,United States,Newark Liberty International Airport,EWR,Newark,United States,2103,4.68,2026-11-27,08:20 AM
United Airlines,Airbus A319-132,A319,UA2320,San Francisco International Airport,SFO,San Francisco,United States,Detroit Metro Wayne County Airport,DTW,Detroit,United States,1802,4.04,2026-11-27,08:47 AM
American Airlines,Boeing 787-8 Dreamliner,B788,AA124,Daniel K Inouye International Airport,HNL,Honolulu,United States,Dallas-Fort Worth International Airport,DFW,Dallas-Fort Worth,United States,3283,7.18,2026-11-27,08:49 AM
American Airlines,Airbus A321-253NX,A21N,AA1405,Phoenix Sky Harbor International Airport,PHX,Phoenix,United States,Miami International Airport,MIA,Miami,United States,1711,3.85,2026-11-27,08:54 AM
United Airlines,Boeing 737-924(ER),B739,UA1578,Phoenix Sky Harbor International Airport,PHX,Phoenix,United States,Chicago O'Hare International Airport,ORD,Chicago,United States,1249,2.87,2026-11-27,09:11 AM
United Airlines,Boeing 737-824,B738,UA3921,Washington Dulles International Airport,IAD,Washington,United States,Denver International Airport,DEN,Denver,United States,1258,2.89,2026-11-27,09:15 AM
United Airlines,Boeing 737 MAX 9,B39M,UA8137,Washington Dulles International Airport,IAD,Washington,United States,San Francisco International Airport,SFO,San Francisco,United States,2095,4.66,2026-11-27,09:19 AM
United Airlines,Boeing 787-10 Dreamliner,B78X,UA218,Daniel K Inouye International Airport,HNL,Honolulu,United States,Chicago O'Hare International Airport,ORD,Chicago,United States,3682,8.02,2026-11-27,09:21 AM
United Airlines,Boeing 757-324,B753,UA1843,Los Angeles International Airport,LAX,Los Angeles,United States,Washington Dulles International Airport,IAD,Washington,United States,1982,4.42,2026-11-27,09:30 AM
United Airlines,Boeing 737 MAX 8,B38M,UA2352,San Diego International Airport,SAN,San Diego,United States,Chicago O'Hare International Airport,ORD,Chicago,United States,1494,3.39,2026-11-27,09:57 AM
United Airlines,Boeing 737-924(ER),B739,UA514,Newark Liberty International Airport,EWR,Newark,United States,Fort Lauderdale/Hollywood International Airport,FLL,Fort Lauderdale,United States,927,2.18,2026-11-27,11:11 AM
United Airlines,Boeing 787-8 Dreamliner,B788,UA3867,San Francisco International Airport,SFO,San Francisco,United States,Daniel K Inouye International Airport,HNL,Honolulu,United States,2082,4.63,2026-11-27,11:16 AM
American Airlines,Boeing 777-323(ER),B77W,AA57,London Heathrow Airport,LHR,London,United Kingdom,Miami International Airport,MIA,Miami,United States,3838,8.36,2026-11-27,11:54 AM
American Airlines,Boeing 777-223(ER),B772,AA9602,Miami International Airport,MIA,Miami,United States,Ministro Pistarini International Airport,EZE,Ezeiza,Argentina,3844,8.37,2026-11-27,12:01 PM
United Airlines,Boeing 737 MAX 9,B39M,UA1847,Washington Dulles International Airport,IAD,Washington,United States,Phoenix Sky Harbor International Airport,PHX,Phoenix,United States,1694,3.81,2026-03-27,01:28 PM
United Airlines,Boeing 737 MAX 8,B38M,UA2245,George Bush Intcntl/Houston Airport,IAH,Houston,United States,Orlando International Airport,MCO,Orlando,United States,741,1.79,2026-02-27,01:42 PM
United Airlines,Boeing 767-424(ER),B764,UA943,Lisbon Portela Airport,LIS,Lisbon,Portugal,Washington Dulles International Airport,IAD,Washington,United States,3116,6.82,2026-11-27,01:52 PM
Spirit Airlines,Airbus A320-232,A320,NK1490,Los Angeles International Airport,LAX,Los Angeles,United States,Seattle-Tacoma International Airport,SEA,Seattle,United States,830,1.98,2026-11-27,02:13 PM
American Airlines,Boeing 737 MAX 8,B38M,AA1347,George Bush Intcntl/Houston Airport,IAH,Houston,United States,Miami International Airport,MIA,Miami,United States,837,1.99,2026-11-27,02:24 PM
American Airlines,Boeing 737-823,B738,AA2204,Richmond International Airport,RIC,Richmond,United States,Dallas-Fort Worth International Airport,DFW,Dallas-Fort Worth,United States,1004,2.35,2026-11-27,02:35 PM
United Airlines,Boeing 737-924(ER),B739,UA645,Miami International Airport,MIA,Miami,United States,Newark Liberty International Airport,EWR,Newark,United States,945,2.22,2026-11-27,02:36 PM
American Airlines,Boeing 737-823,B738,AA1431,Miami International Airport,MIA,Miami,United States,Chicago O'Hare International Airport,ORD,Chicago,United States,1042,2.43,2026-11-27,02:43 PM
American Airlines,Boeing 737-823,B738,AA2274,Norfolk International Airport,ORF,Norfolk,United States,Dallas-Fort Worth International Airport,DFW,Dallas-Fort Worth,United States,1051,2.45,2026-11-27,03:01 PM
American Airlines,Boeing 737-823,B738,AA1438,Dallas-Fort Worth International Airport,DFW,Dallas-Fort Worth,United States,General Edward Lawrence Logan International Airport,BOS,Boston,United States,1355,3.09,2026-01-27,03:02 PM
American Airlines,Airbus A319-132,A319,AA2442,Dallas-Fort Worth International Airport,DFW,Dallas-Fort Worth,United States,Mc Allen International Airport,MFE,Mc Allen,United States,407,1.08,2026-11-27,03:06 PM
American Airlines,Boeing 737-823,B738,AA3018,Raleigh-Durham International Airport,RDU,Raleigh/Durham,United States,Dallas-Fort Worth International Airport,DFW,Dallas-Fort Worth,United States,920,2.17,2026-11-27,03:43 PM
United Airlines,Boeing 737 MAX 8,B38M,UA1024,George Bush Intcntl/Houston Airport,IAH,Houston,United States,Licenciado Benito Juarez International Airport,MEX,Mexico City,Mexico,665,1.63,2026-11-27,03:45 PM
American Airlines,Airbus A321-231,A321,AA1943,Miami International Airport,MIA,Miami,United States,Los Angeles International Airport,LAX,Los Angeles,United States,2032,4.53,2026-11-27,03:55 PM
United Airlines,Airbus A319-131,A319,UA241,Nashville International Airport,BNA,Nashville,United States,George Bush Intcntl/Houston Airport,IAH,Houston,United States,570,1.43,2026-11-27,05:02 PM
Spirit Airlines,Airbus A320-271N,A20N,NK13,Tampa International Airport,TPA,Tampa,United States,Charlotte/Douglas International Airport,CLT,Charlotte,United States,442,1.16,2026-11-27,05:09 PM
American Airlines,Boeing 737-823,B738,AA2329,Miami International Airport,MIA,Miami,United States,Gregorio Luperon International Airport,POP,Puerto Plata,Dominican Republic,648,1.59,2026-11-27,05:30 PM
American Airlines,Boeing 737-823,B738,AA1324,Dallas-Fort Worth International Airport,DFW,Dallas-Fort Worth,United States,Los Cabos International Airport,SJD,San Jose del Cabo,Mexico,890,2.11,2026-02-27,05:45 PM
American Airlines,Boeing 737-823,B738,AA1061,Jacksonville International Airport,JAX,Jacksonville,United States,Dallas-Fort Worth International Airport,DFW,Dallas-Fort Worth,United States,797,1.91,2026-11-27,05:49 PM
American Airlines,Airbus A321-231,A321,AA972,Tampa International Airport,TPA,Tampa,United States,Dallas-Fort Worth International Airport,DFW,Dallas-Fort Worth,United States,806,1.93,2026-11-27,05:59 PM
American Airlines,Boeing 737 MAX 8,B38M,AA3025,Miami International Airport,MIA,Miami,United States,Comayagua-Palmerola International Airport,XPL,Comayagua,Honduras,800,1.92,2026-11-27,06:59 PM
Spirit Airlines,Airbus A320-271N,A20N,NK963,Chicago O'Hare International Airport,ORD,Chicago,United States,George Bush Intcntl/Houston Airport,IAH,Houston,United States,805,1.93,2026-11-27,07:08 PM
American Airlines,Boeing 737-823,B738,AA1154,Miami International Airport,MIA,Miami,United States,Las Americas International Airport,SDQ,Santo Domingo,Dominican Republic,737,1.78,2026-02-27,07:29 PM
United Airlines,Boeing 737 MAX 9,B39M,UA1167,George Bush Intcntl/Houston Airport,IAH,Houston,United States,Cancun International Airport,CUN,Cancun,Mexico,706,1.72,2026-11-27,07:31 PM
United Airlines,Boeing 737-824,B738,UA382,Ronald Reagan Washington Ntl Airport,DCA,Washington,United States,George Bush Intcntl/Houston Airport,IAH,Houston,United States,1048,2.44,2026-11-27,07:41 PM
United Airlines,Boeing 737 MAX 8,B38M,UA1320,Denver International Airport,DEN,Denver,United States,John Wayne/Orange County Airport,SNA,Santa Ana,United States,734,1.78,2026-11-27,07:50 PM
American Airlines,Airbus A319-112,A319,AA1921,Ronald Reagan Washington Ntl Airport,DCA,Washington,United States,Jacksonville International Airport,JAX,Jacksonville,United States,552,1.39,2026-11-27,08:05 PM
United Airlines,Boeing 737 MAX 8,B38M,UA669,Philadelphia International Airport,PHL,Philadelphia,United States,George Bush Intcntl/Houston Airport,IAH,Houston,United States,1150,2.66,2026-05-27,08:08 PM
Spirit Airlines,Airbus A320-232,A320,NK344,Cancun International Airport,CUN,Cancun,Mexico,Dallas-Fort Worth International Airport,DFW,Dallas-Fort Worth,United States,895,2.12,2026-11-27,08:19 PM
Spirit Airlines,Airbus A321-231,A321,NK1845,Luis Munoz Marin International Airport,SJU,San Juan,Puerto Rico,Miami International Airport,MIA,Miami,United States,908,2.14,2026-05-27,08:51 PM
American Airlines,Boeing 737 MAX 8,B38M,AA1527,Providenciales Airport,PLS,Providenciales Island,Turks And Caicos Islands,Miami International Airport,MIA,Miami,United States,502,1.28,2026-11-27,09:03 PM
United Airlines,Boeing 737 MAX 8,B38M,UA2034,Louis Armstrong New Orleans International Airport,MSY,New Orleans,United States,George Bush Intcntl/Houston Airport,IAH,Houston,United States,264,0.78,2026-11-27,09:05 PM
American Airlines,Boeing 737-823,B738,AA3082,Laguardia Airport,LGA,New York,United States,Palm Beach International Airport,PBI,West Palm Beach,United States,901,2.13,2026-11-27,09:18 PM
American Airlines,Boeing 737-823,B738,AA2461,John Wayne/Orange County Airport,SNA,Santa Ana,United States,Dallas-Fort Worth International Airport,DFW,Dallas-Fort Worth,United States,1045,2.43,2026-11-27,09:25 PM
United Airlines,Boeing 737 MAX 8,B38M,UA1365,Denver International Airport,DEN,Denver,United States,Glacier Park International Airport,FCA,Kalispell,United States,653,1.6,2026-11-27,09:45 PM
United Airlines,Boeing 737-724,B737,UA2053,Newark Liberty International Airport,EWR,Newark,United States,Dallas-Fort Worth International Airport,DFW,Dallas-Fort Worth,United States,1190,2.74,2026-11-27,09:51 PM
American Airlines,Boeing 737-823,B738,AA2434,Austin-Bergstrom International Airport,AUS,Austin,United States,Dallas-Fort Worth International Airport,DFW,Dallas-Fort Worth,United States,165,0.57,2026-11-27,09:54 PM
American Airlines,Airbus A319-132,A319,AA2250,Miami International Airport,MIA,Miami,United States,Lynden Pindling International Airport,NAS,Nassau,Bahamas,160,0.56,2026-11-27,10:00 PM
United Airlines,Boeing 737-924(ER),B739,UA1579,Orlando International Airport,MCO,Orlando,United States,Newark Liberty International Airport,EWR,Newark,United States,816,1.95,2026-11-27,10:45 PM
American Airlines,Airbus A320-232,A320,AA1202,Phoenix Sky Harbor International Airport,PHX,Phoenix,United States,Licenciado Gustavo Diaz Ordaz International Airport,PVR,Puerto Vallarta,Mexico,846,2.01,2026-11-27,10:59 PM
Spirit Airlines,Airbus A320-271N,A20N,NK1991,Fort Lauderdale/Hollywood International Airport,FLL,Fort Lauderdale,United States,John Glenn Columbus International Airport,CMH,Columbus,United States,847,2.01,2026-11-27,11:37 PM
American Airlines,Boeing 737-823,B738,AA9601,Queen Beatrix International Airport,AUA,Oranjestad,Aruba,Charlotte/Douglas International Airport,CLT,Charlotte,United States,1487,3.37,2026-11-27,11:40 PM
Spirit Airlines,Airbus A320-232,A320,NK1905,Miami International Airport,MIA,Miami,United States,Chicago O'Hare International Airport,ORD,Chicago,United States,1042,2.43,2026-05-28,12:13 AM
American Airlines,Airbus A319-115,A319,AA2515,Mc Allen International Airport,MFE,Mc Allen,United States,Dallas-Fort Worth International Airport,DFW,Dallas-Fort Worth,United States,407,1.08,2026-11-28,12:20 AM
United Airlines,Boeing 757-224,B752,UA886,Newark Liberty International Airport,EWR,Newark,United States,Jorge Chavez International Airport,LIM,Lima,Peru,3169,6.94,2026-11-28,12:45 AM
United Airlines,Boeing 737-824,B738,UA234,Licenciado Gustavo Diaz Ordaz International Airport,PVR,Puerto Vallarta,Mexico,George Bush Intcntl/Houston Airport,IAH,Houston,United States,775,1.86,2026-11-28,12:52 AM
United Airlines,Boeing 737 MAX 8,B38M,UA1929,Orlando International Airport,MCO,Orlando,United States,Los Angeles International Airport,LAX,Los Angeles,United States,1924,4.3,2026-11-28,02:04 AM
American Airlines,Airbus A321-231,A321,AA1366,Dallas-Fort Worth International Airport,DFW,Dallas-Fort Worth,United States,General Edward Lawrence Logan International Airport,BOS,Boston,United States,1355,3.09,2026-11-28,02:07 AM
American Airlines,Boeing 737-823,B738,AA2946,Dallas-Fort Worth International Airport,DFW,Dallas-Fort Worth,United States,Fort Lauderdale/Hollywood International Airport,FLL,Fort Lauderdale,United States,972,2.28,2026-11-28,02:21 AM
Spirit Airlines,Airbus A321-271NX,A21N,NK2204,Fort Lauderdale/Hollywood International Airport,FLL,Fort Lauderdale,United States,Raleigh-Durham International Airport,RDU,Raleigh/Durham,United States,593,1.48,2026-11-28,02:27 AM
Spirit Airlines,Airbus A320-271N,A20N,NK653,Fort Lauderdale/Hollywood International Airport,FLL,Fort Lauderdale,United States,Frederick Douglass/Greater Rochester International Airport,ROC,Rochester,United States,1031,2.4,2026-11-28,02:30 AM
American Airlines,Airbus A319-132,A319,AA1858,Charlotte/Douglas International Airport,CLT,Charlotte,United States,Albany International Airport,ALB,Albany,United States,562,1.41,2026-11-28,02:40 AM
Spirit Airlines,Airbus A320-271N,A20N,NK1220,Fort Lauderdale/Hollywood International Airport,FLL,Fort Lauderdale,United States,Cleveland-Hopkins International Airport,CLE,Cleveland,United States,925,2.18,2026-11-28,02:43 AM
American Airlines,Boeing 737-823,B738,AA1291,Austin-Bergstrom International Airport,AUS,Austin,United States,Los Angeles International Airport,LAX,Los Angeles,United States,1077,2.5,2026-03-28,02:54 AM
Spirit Airlines,Airbus A320-271N,A20N,NK2165,Philadelphia International Airport,PHL,Philadelphia,United States,Luis Munoz Marin International Airport,SJU,San Juan,Puerto Rico,1373,3.13,2026-11-28,02:55 AM
United Airlines,Boeing 737-824,B738,UA720,Denver International Airport,DEN,Denver,United States,Calgary International Airport,YYC,Calgary,Canada,780,1.87,2026-11-28,03:03 AM
Spirit Airlines,Airbus A319-132,A319,NK262,Luis Munoz Marin International Airport,SJU,San Juan,Puerto Rico,Fort Lauderdale/Hollywood International Airport,FLL,Fort Lauderdale,United States,909,2.15,2026-04-28,03:07 AM
United Airlines,Boeing 737 MAX 9,B39M,UA2036,Luis Munoz Marin International Airport,SJU,San Juan,Puerto Rico,Newark Liberty International Airport,EWR,Newark,United States,1401,3.19,2026-11-28,03:16 AM
Spirit Airlines,Airbus A320-271N,A20N,NK1155,George Bush Intcntl/Houston Airport,IAH,Houston,United States,Fort Lauderdale/Hollywood International Airport,FLL,Fort Lauderdale,United States,838,2,2026-11-28,03:33 AM
United Airlines,Boeing 737-924,B739,UA2339,George Bush Intcntl/Houston Airport,IAH,Houston,United States,Harry Reid International Airport,LAS,Las Vegas,United States,1060,2.47,2026-11-28,03:46 AM
United Airlines,Airbus A319-131,A319,UA2241,George Bush Intcntl/Houston Airport,IAH,Houston,United States,Hartsfield - Jackson Atlanta International Airport,ATL,Atlanta,United States,598,1.49,2026-11-28,03:48 AM
United Airlines,Boeing 737 MAX 8,B38M,UA1023,Chicago O'Hare International Airport,ORD,Chicago,United States,Ronald Reagan Washington Ntl Airport,DCA,Washington,United States,531,1.34,2026-11-28,04:07 AM
Spirit Airlines,Airbus A321-231,A321,NK158,Chicago O'Hare International Airport,ORD,Chicago,United States,Fort Lauderdale/Hollywood International Airport,FLL,Fort Lauderdale,United States,1029,2.4,2026-11-28,04:10 AM
American Airlines,Airbus A321-231,A321,AA1430,Dallas-Fort Worth International Airport,DFW,Dallas-Fort Worth,United States,San Francisco International Airport,SFO,San Francisco,United States,1270,2.91,2026-11-28,04:18 AM
American Airlines,Boeing 737-823,B738,AA2941,Chicago O'Hare International Airport,ORD,Chicago,United States,Los Angeles International Airport,LAX,Los Angeles,United States,1513,3.43,2026-11-28,04:33 AM
American Airlines,Boeing 737-823,B738,AA1062,Charlotte/Douglas International Airport,CLT,Charlotte,United States,Bradley International Airport,BDL,Windsor Locks,United States,559,1.4,2026-11-28,04:54 AM
Spirit Airlines,Airbus A320-271N,A20N,NK1141,Fort Lauderdale/Hollywood International Airport,FLL,Fort Lauderdale,United States,Simon Bolivar International Airport,GYE,Guayaquil,Ecuador,1695,3.81,2026-05-28,05:07 AM
American Airlines,Boeing 777-223(ER),B772,AA9600,Ministro Pistarini International Airport,EZE,Ezeiza,Argentina,John F Kennedy International Airport,JFK,New York,United States,4608,9.99,2026-11-28,07:41 AM
Spirit Airlines,Airbus A319-132,A319,NK1341,Comayagua-Palmerola International Airport,XPL,Comayagua,Honduras,Fort Lauderdale/Hollywood International Airport,FLL,Fort Lauderdale,United States,818,1.95,2026-11-28,08:06 AM
United Airlines,Boeing 777-222(ER),B772,UA252,Daniel K Inouye International Airport,HNL,Honolulu,United States,George Bush Intcntl/Houston Airport,IAH,Houston,United States,3387,7.4,2026-11-28,08:14 AM
Spirit Airlines,Airbus A320-271N,A20N,NK2166,Luis Munoz Marin International Airport,SJU,San Juan,Puerto Rico,Philadelphia International Airport,PHL,Philadelphia,United States,1373,3.13,2026-07-28,08:46 AM
United Airlines,Boeing 777-222,B772,UA1735,Kahului Airport,OGG,Kahului,United States,Denver International Airport,DEN,Denver,United States,2866,6.29,2026-11-28,08:52 AM
American Airlines,Airbus A321-253NX,A21N,AA1307,Los Angeles International Airport,LAX,Los Angeles,United States,Miami International Airport,MIA,Miami,United States,2032,4.53,2026-11-28,09:03 AM
United Airlines,Boeing 737 MAX 8,B38M,UA1459,Piarco International Airport,POS,Port of Spain,Trinidad And Tobago,George Bush Intcntl/Houston Airport,IAH,Houston,United States,2227,4.94,2026-11-28,09:22 AM
United Airlines,Boeing 777-222,B772,UA1759,Ellison Onizuka Kona International At Keahole Airport,KOA,Kailua/Kona,United States,Denver International Airport,DEN,Denver,United States,2889,6.34,2026-11-28,10:58 AM
United Airlines,Boeing 737 MAX 8,B38M,UA206,El Dorado International Airport,BOG,Bogota,Colombia,George Bush Intcntl/Houston Airport,IAH,Houston,United States,1936,4.32,2026-11-28,11:26 AM
United Airlines,Boeing 787-8 Dreamliner,B788,UA3039,Faa'a International Airport,PPT,Papeete,French Polynesia,San Francisco International Airport,SFO,San Francisco,United States,3652,7.96,2026-11-28,12:22 PM
United Airlines,Boeing 787-8 Dreamliner,B788,UA984,Charles de Gaulle International Airport,CDG,Paris,France,San Francisco International Airport,SFO,San Francisco,United States,4839,10.48,2026-11-28,06:34 PM
American Airlines,Airbus A319-132,A319,AA2203,Phoenix Sky Harbor International Airport,PHX,Phoenix,United States,Eppley Airfield,OMA,Omaha,United States,900,2.13,2026-07-28,06:38 PM
United Airlines,Boeing 767-322(ER),B763,UA958,London Heathrow Airport,LHR,London,United Kingdom,Chicago O'Hare International Airport,ORD,Chicago,United States,3426,7.48,2026-07-28,06:39 PM
Spirit Airlines,Airbus A320-271N,A20N,NK902,Harry Reid International Airport,LAS,Las Vegas,United States,Newark Liberty International Airport,EWR,Newark,United States,1931,4.31,2026-11-28,06:43 PM
Spirit Airlines,Airbus A320-271N,A20N,NK885,Fort Lauderdale/Hollywood International Airport,FLL,Fort Lauderdale,United States,Queen Beatrix International Airport,AUA,Oranjestad,Aruba,996,2.33,2026-11-28,06:47 PM
American Airlines,Boeing 737 MAX 8,B38M,AA9781,Austin-Bergstrom International Airport,AUS,Austin,United States,Miami International Airport,MIA,Miami,United States,957,2.25,2026-01-28,06:53 PM
American Airlines,Boeing 737 MAX 8,B38M,AA1175,Los Angeles International Airport,LAX,Los Angeles,United States,Miami International Airport,MIA,Miami,United States,2032,4.53,2026-11-28,07:00 PM
Spirit Airlines,Airbus A320-271N,A20N,NK491,Chicago O'Hare International Airport,ORD,Chicago,United States,Luis Munoz Marin International Airport,SJU,San Juan,Puerto Rico,1802,4.04,2026-11-28,07:09 PM
American Airlines,Boeing 737-823,B738,AA2486,Charlotte/Douglas International Airport,CLT,Charlotte,United States,St Louis Lambert International Airport,STL,St Louis,United States,499,1.28,2026-11-28,07:10 PM
American Airlines,Boeing 737 MAX 8,B38M,AA2567,Miami International Airport,MIA,Miami,United States,Cheddi Jagan International Airport,GEO,Georgetown,Guyana,1714,3.85,2026-11-28,07:17 PM
Spirit Airlines,Airbus A320-232,A320,NK3395,George Bush Intcntl/Houston Airport,IAH,Houston,United States,Laguardia Airport,LGA,New York,United States,1230,2.83,2026-04-28,07:18 PM
American Airlines,Boeing 737-823,B738,AA1190,Dallas-Fort Worth International Airport,DFW,Dallas-Fort Worth,United States,Cancun International Airport,CUN,Cancun,Mexico,895,2.12,2026-11-28,07:22 PM
United Airlines,Boeing 737 MAX 8,B38M,UA1372,Los Angeles International Airport,LAX,Los Angeles,United States,Cleveland-Hopkins International Airport,CLE,Cleveland,United States,1780,3.99,2026-11-28,07:24 PM
United Airlines,Boeing 767-322(ER),B763,UA934,Newark Liberty International Airport,EWR,Newark,United States,London Heathrow Airport,LHR,London,United Kingdom,3003,6.59,2026-11-28,07:24 PM
American Airlines,Airbus A321-253NX,A21N,AA2859,Harry Reid International Airport,LAS,Las Vegas,United States,Ronald Reagan Washington Ntl Airport,DCA,Washington,United States,1811,4.06,2026-11-28,07:31 PM
Spirit Airlines,Airbus A321-271NX,A21N,NK409,Harry Reid International Airport,LAS,Las Vegas,United States,Tampa International Airport,TPA,Tampa,United States,1721,3.87,2026-11-28,07:31 PM
United Airlines,Boeing 757-224,B752,UA1783,Los Angeles International Airport,LAX,Los Angeles,United States,General Edward Lawrence Logan International Airport,BOS,Boston,United States,2264,5.02,2026-11-28,07:33 PM
United Airlines,Boeing 777-222(ER),B772,UA919,London Heathrow Airport,LHR,London,United Kingdom,Washington Dulles International Airport,IAD,Washington,United States,3190,6.98,2026-11-28,07:43 PM
United Airlines,Boeing 737-824,B738,UA422,Denver International Airport,DEN,Denver,United States,Philadelphia International Airport,PHL,Philadelphia,United States,1350,3.08,2026-03-28,07:46 PM
United Airlines,Boeing 737-824,B738,UA279,Los Angeles International Airport,LAX,Los Angeles,United States,Tampa International Airport,TPA,Tampa,United States,1872,4.19,2026-11-28,08:07 PM
United Airlines,Boeing 737-724,B737,UA297,Key West International Airport,EYW,Key West,United States,Chicago O'Hare International Airport,ORD,Chicago,United States,1090,2.53,2026-11-28,08:11 PM
American Airlines,Boeing 737 MAX 8,B38M,AA1524,Harry Reid International Airport,LAS,Las Vegas,United States,Miami International Airport,MIA,Miami,United States,1887,4.22,2026-11-28,08:12 PM
American Airlines,Boeing 737 MAX 8,B38M,AA2339,Phoenix Sky Harbor International Airport,PHX,Phoenix,United States,John F Kennedy International Airport,JFK,New York,United States,1867,4.18,2026-11-28,08:35 PM
United Airlines,Boeing 767-322(ER),B763,UA109,Munich International Airport,MUC,Munich,Germany,Washington Dulles International Airport,IAD,Washington,United States,3698,8.06,2026-11-28,08:41 PM
American Airlines,Boeing 777-223(ER),B772,AA9604,London Heathrow Airport,LHR,London,United Kingdom,Miami International Airport,MIA,Miami,United States,3838,8.36,2026-11-28,08:42 PM
United Airlines,Airbus A319-132,A319,UA2327,Denver International Airport,DEN,Denver,United States,Eppley Airfield,OMA,Omaha,United States,409,1.09,2026-11-28,09:53 PM
United Airlines,Boeing 777-222(ER),B772,UA352,Chicago O'Hare International Airport,ORD,Chicago,United States,San Francisco International Airport,SFO,San Francisco,United States,1600,3.61,2026-11-28,10:13 PM
United Airlines,Boeing 737-924(ER),B739,UA2267,Denver International Airport,DEN,Denver,United States,Albuquerque International Sunport Airport,ABQ,Albuquerque,United States,304,0.86,2026-11-28,10:17 PM
United Airlines,Boeing 737 MAX 9,B39M,UA1845,Baltimore/Washington International Thurgood Marshall Airport,BWI,Baltimore,United States,Los Angeles International Airport,LAX,Los Angeles,United States,2019,4.5,2026-11-28,10:27 PM
United Airlines,Boeing 737 MAX 8,B38M,UA1410,Fort Lauderdale/Hollywood International Airport,FLL,Fort Lauderdale,United States,George Bush Intcntl/Houston Airport,IAH,Houston,United States,838,2,2026-04-28,10:36 PM
United Airlines,Boeing 777-222(ER),B772,UA3770,George Bush Intcntl/Houston Airport,IAH,Houston,United States,Perot Field/Fort Worth Alliance Airport,AFW,Fort Worth,United States,207,0.66,2026-11-28,10:46 PM
United Airlines,Boeing 737 MAX 8,B38M,UA2158,Fort Lauderdale/Hollywood International Airport,FLL,Fort Lauderdale,United States,San Francisco International Airport,SFO,San Francisco,United States,2241,4.97,2026-11-28,11:02 PM
United Airlines,Boeing 757-224,B752,UA2400,General Edward Lawrence Logan International Airport,BOS,Boston,United States,San Francisco International Airport,SFO,San Francisco,United States,2344,5.19,2026-11-28,11:12 PM
United Airlines,Airbus A320-232,A320,UA821,San Francisco International Airport,SFO,San Francisco,United States,Licenciado Benito Juarez International Airport,MEX,Mexico City,Mexico,1635,3.69,2026-11-28,11:29 PM
American Airlines,Boeing 737-823,B738,AA2503,Licenciado Gustavo Diaz Ordaz International Airport,PVR,Puerto Vallarta,Mexico,Chicago O'Hare International Airport,ORD,Chicago,United States,1551,3.51,2026-11-28,11:33 PM
United Airlines,Boeing 737 MAX 8,B38M,UA1065,Newark Liberty International Airport,EWR,Newark,United States,Licenciado Benito Juarez International Airport,MEX,Mexico City,Mexico,1805,4.05,2026-11-28,11:35 PM
American Airlines,Boeing 737 MAX 8,B38M,AA2547,Licenciado Benito Juarez International Airport,MEX,Mexico City,Mexico,Los Angeles International Airport,LAX,Los Angeles,United States,1350,3.08,2026-08-28,11:36 PM
United Airlines,Boeing 737-824,B738,UA631,Cleveland-Hopkins International Airport,CLE,Cleveland,United States,San Francisco International Airport,SFO,San Francisco,United States,1873,4.19,2026-11-28,11:41 PM
United Airlines,Boeing 787-8 Dreamliner,B788,UA990,San Francisco International Airport,SFO,San Francisco,United States,Charles de Gaulle International Airport,CDG,Paris,France,4839,10.48,2026-11-28,11:44 PM
United Airlines,Boeing 777-222,B772,UA1831,Washington Dulles International Airport,IAD,Washington,United States,San Diego International Airport,SAN,San Diego,United States,1952,4.36,2026-11-28,11:47 PM
American Airlines,Boeing 777-223(ER),B772,AA80,Dallas-Fort Worth International Airport,DFW,Dallas-Fort Worth,United States,London Heathrow Airport,LHR,London,United Kingdom,4118,8.95,2026-11-28,11:59 PM
United Airlines,Boeing 737-724,B737,UA474,Licenciado Benito Juarez International Airport,MEX,Mexico City,Mexico,Chicago O'Hare International Airport,ORD,Chicago,United States,1468,3.33,2026-01-29,12:01 AM
Spirit Airlines,Airbus A320-232,A320,NK8802,Orlando International Airport,MCO,Orlando,United States,Nashville International Airport,BNA,Nashville,United States,536,1.36,2026-11-29,02:58 AM
Spirit Airlines,Airbus A320-271N,A20N,NK139,Tampa International Airport,TPA,Tampa,United States,Chicago O'Hare International Airport,ORD,Chicago,United States,881,2.09,2026-11-29,03:05 AM
American Airlines,Boeing 737 MAX 8,B38M,AA2995,John F Kennedy International Airport,JFK,New York,United States,Licenciado Benito Juarez International Airport,MEX,Mexico City,Mexico,1817,4.07,2026-11-29,03:38 AM
United Airlines,Airbus A320-232,A320,UA1566,Washington Dulles International Airport,IAD,Washington,United States,Licenciado Benito Juarez International Airport,MEX,Mexico City,Mexico,1618,3.65,2026-11-29,03:57 AM
United Airlines,Boeing 737 MAX 8,B38M,UA268,Newark Liberty International Airport,EWR,Newark,United States,El Dorado International Airport,BOG,Bogota,Colombia,2161,4.8,2026-11-29,04:03 AM
United Airlines,Boeing 737 MAX 8,B38M,UA438,Cheddi Jagan International Airport,GEO,Georgetown,Guyana,George Bush Intcntl/Houston Airport,IAH,Houston,United States,2522,5.57,2026-11-29,06:26 AM
United Airlines,Boeing 737-824,B738,UA1459,Piarco International Airport,POS,Port of Spain,Trinidad And Tobago,George Bush Intcntl/Houston Airport,IAH,Houston,United States,2227,4.94,2026-11-29,07:23 AM
Spirit Airlines,Airbus A321-271NX,A21N,NK2394,Harry Reid International Airport,LAS,Las Vegas,United States,George Bush Intcntl/Houston Airport,IAH,Houston,United States,1060,2.47,2026-11-29,08:31 AM
United Airlines,Boeing 737 MAX 8,B38M,UA2448,George Bush Intcntl/Houston Airport,IAH,Houston,United States,Juan Santamaria International Airport,SJO,San Jose,Costa Rica,1353,3.09,2026-11-29,03:19 PM
Spirit Airlines,Airbus A320-271N,A20N,NK2058,Fort Lauderdale/Hollywood International Airport,FLL,Fort Lauderdale,United States,Philadelphia International Airport,PHL,Philadelphia,United States,864,2.05,2026-11-29,03:33 PM
American Airlines,Boeing 737-823,B738,AA334,Charlotte/Douglas International Airport,CLT,Charlotte,United States,Queen Beatrix International Airport,AUA,Oranjestad,Aruba,1487,3.37,2026-08-29,03:43 PM
Spirit Airlines,Airbus A320-271N,A20N,NK1151,George Bush Intcntl/Houston Airport,IAH,Houston,United States,Luis Munoz Marin International Airport,SJU,San Juan,Puerto Rico,1743,3.91,2026-11-29,03:46 PM
United Airlines,Boeing 737-724,B737,UA1148,General Francisco Javier Mina International Airport,TAM,Tampico,Mexico,George Bush Intcntl/Houston Airport,IAH,Houston,United States,481,1.24,2026-11-29,03:50 PM
American Airlines,Boeing 737 MAX 8,B38M,AA816,John F Kennedy International Airport,JFK,New York,United States,Cancun International Airport,CUN,Cancun,Mexico,1353,3.09,2026-11-29,04:08 PM
American Airlines,Boeing 737 MAX 8,B38M,AA3258,Miami International Airport,MIA,Miami,United States,George Bush Intcntl/Houston Airport,IAH,Houston,United States,837,1.99,2026-11-29,04:09 PM
American Airlines,Boeing 737 MAX 8,B38M,AA682,John F Kennedy International Airport,JFK,New York,United States,Sangster International Airport,MBJ,Montego Bay,Jamaica,1346,3.07,2026-11-29,04:31 PM
American Airlines,Boeing 737-823,B738,AA1485,Punta Cana International Airport,PUJ,Punta Cana,Dominican Republic,John F Kennedy International Airport,JFK,New York,United States,1354,3.09,2026-11-29,05:32 PM
American Airlines,Boeing 737-823,B738,AA1341,Luis Munoz Marin International Airport,SJU,San Juan,Puerto Rico,Miami International Airport,MIA,Miami,United States,908,2.14,2026-11-29,05:51 PM
United Airlines,Airbus A320-232,A320,UA1594,Licenciado Benito Juarez International Airport,MEX,Mexico City,Mexico,Chicago O'Hare International Airport,ORD,Chicago,United States,1468,3.33,2026-11-29,06:10 PM
American Airlines,Boeing 737 MAX 8,B38M,AA2210,Miami International Airport,MIA,Miami,United States,John F Kennedy International Airport,JFK,New York,United States,949,2.23,2026-11-29,06:13 PM
United Airlines,Boeing 737 MAX 8,B38M,UA2319,George Bush Intcntl/Houston Airport,IAH,Houston,United States,Louis Armstrong New Orleans International Airport,MSY,New Orleans,United States,264,0.78,2026-11-29,06:18 PM
Spirit Airlines,Airbus A320-232,A320,NK3126,George Bush Intcntl/Houston Airport,IAH,Houston,United States,Tampa International Airport,TPA,Tampa,United States,683,1.67,2026-11-29,07:25 PM
United Airlines,Boeing 737 MAX 8,B38M,UA1445,Cyril E King Airport,STT,Charlotte Amalie,Virgin Islands Us,Washington Dulles International Airport,IAD,Washington,United States,1397,3.18,2026-11-29,07:36 PM
American Airlines,Boeing 737-823,B738,AA2834,Dallas-Fort Worth International Airport,DFW,Dallas-Fort Worth,United States,Norman Y Mineta San Jose International Airport,SJC,San Jose,United States,1247,2.86,2026-02-28,07:47 PM
American Airlines,Boeing 737-823,B738,AA1400,Norman Manley International Airport,KIN,Kingston,Jamaica,Miami International Airport,MIA,Miami,United States,511,1.3,2026-11-29,07:58 PM
American Airlines,Boeing 737 MAX 8,B38M,AA2217,Miami International Airport,MIA,Miami,United States,Queen Beatrix International Airport,AUA,Oranjestad,Aruba,987,2.31,2026-11-29,08:15 PM
United Airlines,Boeing 737 MAX 9,B39M,UA620,Cibao International Airport,STI,Santiago,Dominican Republic,Newark Liberty International Airport,EWR,Newark,United States,1291,2.96,2026-11-29,08:33 PM
American Airlines,Boeing 737-823,B738,AA1111,Dallas-Fort Worth International Airport,DFW,Dallas-Fort Worth,United States,Toronto Pearson International Airport,YYZ,Mississauga,Canada,1041,2.43,2026-11-29,09:10 PM
United Airlines,Boeing 777-322(ER),B77W,UA201,Daniel K Inouye International Airport,HNL,Honolulu,United States,Guam International Airport,GUM,Guam,Guam,3298,7.21,2026-11-30,08:09 AM
United Airlines,Boeing 737-824,B738,UA849,Guam International Airport,GUM,Guam,Guam,Tokyo International Airport,HND,Tokyo,Japan,1352,3.09,2026-11-30,11:13 AM
American Airlines,Boeing 777-223(ER),B772,AA280,Incheon International Airport,ICN,Seoul,South Korea,Dallas-Fort Worth International Airport,DFW,Dallas-Fort Worth,United States,5932,12.79,2026-11-30,12:28 PM
United Airlines,Boeing 777-222(ER),B772,UA34,Kansai International Airport,KIX,Osaka,Japan,San Francisco International Airport,SFO,San Francisco,United States,4693,10.17,2026-11-30,03:54 PM
United Airlines,Boeing 787-9 Dreamliner,B789,UA142,Narita International Airport,NRT,Tokyo,Japan,Denver International Airport,DEN,Denver,United States,5018,10.86,2026-11-30,05:43 PM
American Airlines,Boeing 787-8 Dreamliner,B788,AA984,Carrasco International /General C L Berisso Airport,MVD,Montevideo,Uruguay,Miami International Airport,MIA,Miami,United States,3893,8.47,2026-03-01,07:21 AM
China United Airlines,Boeing 737-89P,B738,KN2326,Taiping Airport,HRB,Harbin,China,Shijiazhuang Daguocun International Airport,SJW,Shijiazhuang,China,677,1.65,2026-12-01,03:32 PM
United Airlines,Boeing 737-824,B738,UA848,Tokyo International Airport,HND,Tokyo,Japan,Guam International Airport,GUM,Guam,Guam,1352,3.09,2026-12-01,03:39 PM
Spirit Airlines,Airbus A320-232,A320,NK3124,Luis Munoz Marin International Airport,SJU,San Juan,Puerto Rico,Baltimore/Washington International Thurgood Marshall Airport,BWI,Baltimore,United States,1363,3.11,2026-12-02,09:22 AM
Spirit Airlines,Airbus A320-271N,A20N,NK838,Luis Munoz Marin International Airport,SJU,San Juan,Puerto Rico,Hartsfield - Jackson Atlanta International Airport,ATL,Atlanta,United States,1345,3.07,2026-12-02,09:26 AM
United Airlines,Boeing 737-824,B738,UA1907,La Aurora Airport,GUA,Guatemala City,Guatemala,George Bush Intcntl/Houston Airport,IAH,Houston,United States,962,2.26,2026-12-02,10:37 AM
Spirit Airlines,Airbus A320-271N,A20N,NK894,Fort Lauderdale/Hollywood International Airport,FLL,Fort Lauderdale,United States,Cyril E King Airport,STT,Charlotte Amalie,Virgin Islands Us,962,2.26,2026-12-02,12:22 PM
Spirit Airlines,Airbus A320-271N,A20N,NK380,Fort Lauderdale/Hollywood International Airport,FLL,Fort Lauderdale,United States,Detroit Metro Wayne County Airport,DTW,Detroit,United States,982,2.3,2026-12-02,01:45 PM
American Airlines,Airbus A321-253NX,A21N,AA2575,Miami International Airport,MIA,Miami,United States,Dallas-Fort Worth International Airport,DFW,Dallas-Fort Worth,United States,973,2.28,2026-08-02,02:09 PM
Spirit Airlines,Airbus A319-132,A319,NK371,Fort Lauderdale/Hollywood International Airport,FLL,Fort Lauderdale,United States,Newark Liberty International Airport,EWR,Newark,United States,927,2.18,2026-03-02,02:53 PM
American Airlines,Boeing 737-823,B738,AA1154,Las Americas International Airport,SDQ,Santo Domingo,Dominican Republic,Miami International Airport,MIA,Miami,United States,737,1.78,2026-12-02,09:59 PM
American Airlines,Boeing 737 MAX 8,B38M,AA505,Licenciado Benito Juarez International Airport,MEX,Mexico City,Mexico,Miami International Airport,MIA,Miami,United States,1107,2.57,2026-12-02,10:04 PM
Spirit Airlines,Airbus A320-232,A320,NK239,Ernesto Cortissoz International Airport,BAQ,Barranquilla,Colombia,Fort Lauderdale/Hollywood International Airport,FLL,Fort Lauderdale,United States,961,2.26,2026-12-02,11:01 PM
American Airlines,Boeing 737-823,B738,AA1182,La Aurora Airport,GUA,Guatemala City,Guatemala,Miami International Airport,MIA,Miami,United States,886,2.1,2026-12-02,11:13 PM
American Airlines,Boeing 737-823,B738,AA2712,Punta Cana International Airport,PUJ,Punta Cana,Dominican Republic,John F Kennedy International Airport,JFK,New York,United States,1354,3.09,2026-12-02,11:51 PM
American Airlines,Boeing 777-223(ER),B772,Unknown,Dallas-Fort Worth International Airport,DFW,Dallas-Fort Worth,United States,Ministro Pistarini International Airport,EZE,Ezeiza,Argentina,4608,9.99,2026-12-03,12:39 AM
United Airlines,Boeing 737-924(ER),B739,UA1516,Daniel Oduber Quiros International Airport,LIR,Liberia,Costa Rica,George Bush Intcntl/Houston Airport,IAH,Houston,United States,1287,2.95,2026-12-03,12:41 AM
American Airlines,Airbus A320-232,A320,AA502,Licenciado Benito Juarez International Airport,MEX,Mexico City,Mexico,Phoenix Sky Harbor International Airport,PHX,Phoenix,United States,1089,2.53,2026-01-03,01:02 AM
American Airlines,Boeing 777-323(ER),B77W,Unknown,John F Kennedy International Airport,JFK,New York,United States,John F Kennedy International Airport,JFK,New York,United States,0,0.22,2026-12-03,02:08 AM
American Airlines,Boeing 737 MAX 8,B38M,AA1129,Miami International Airport,MIA,Miami,United States,Jose Maria Cordova International Airport,MDE,Rionegro,Colombia,1211,2.79,2026-12-03,02:25 AM
Spirit Airlines,Airbus A321-271NX,A21N,NK1846,Miami International Airport,MIA,Miami,United States,George Bush Intcntl/Houston Airport,IAH,Houston,United States,837,1.99,2026-12-03,02:37 AM
American Airlines,Boeing 737-823,B738,AA1267,Dallas-Fort Worth International Airport,DFW,Dallas-Fort Worth,United States,Southwest Florida International Airport,RSW,Fort Myers,United States,881,2.09,2026-12-03,02:37 AM
United Airlines,Boeing 737-824,B738,UA136,Chubu Centrair International Airport,NGO,Tokoname,Japan,Guam International Airport,GUM,Guam,Guam,1354,3.09,2026-12-03,03:09 AM
United Airlines,Boeing 737-824,B738,UA2357,George Bush Intcntl/Houston Airport,IAH,Houston,United States,Southwest Florida International Airport,RSW,Fort Myers,United States,746,1.8,2026-01-03,03:18 AM
American Airlines,Boeing 737-823,B738,AA2738,Dallas-Fort Worth International Airport,DFW,Dallas-Fort Worth,United States,Piedmont Triad International Airport,GSO,Greensboro,United States,866,2.05,2026-12-03,04:03 AM
Spirit Airlines,Airbus A321-271NX,A21N,NK1847,George Bush Intcntl/Houston Airport,IAH,Houston,United States,Miami International Airport,MIA,Miami,United States,837,1.99,2026-12-03,04:55 AM
United Airlines,Boeing 737 MAX 9,B39M,UA1411,Newark Liberty International Airport,EWR,Newark,United States,Palm Beach International Airport,PBI,West Palm Beach,United States,891,2.11,2026-12-03,04:56 AM
United Airlines,Boeing 757-224,B752,UA2645,Newark Liberty International Airport,EWR,Newark,United States,Fort Lauderdale/Hollywood International Airport,FLL,Fort Lauderdale,United States,927,2.18,2026-03-03,04:58 AM
United Airlines,Airbus A320-232,A320,UA1547,Chicago O'Hare International Airport,ORD,Chicago,United States,Licenciado Benito Juarez International Airport,MEX,Mexico City,Mexico,1468,3.33,2026-07-03,05:10 AM
Spirit Airlines,Airbus A321-231,A321,NK159,Fort Lauderdale/Hollywood International Airport,FLL,Fort Lauderdale,United States,Hartsfield - Jackson Atlanta International Airport,ATL,Atlanta,United States,506,1.29,2026-01-03,05:21 AM
American Airlines,Airbus A321-253NX,A21N,AA286,Lihue Airport,LIH,Lihue,United States,Los Angeles International Airport,LAX,Los Angeles,United States,2269,5.03,2026-12-03,05:45 AM
United Airlines,Boeing 767-322(ER),B763,UA3030,Daniel K Inouye International Airport,HNL,Honolulu,United States,Newark Liberty International Airport,EWR,Newark,United States,4305,9.35,2026-12-03,05:46 AM
United Airlines,Boeing 777-224(ER),B772,UA916,Daniel K Inouye International Airport,HNL,Honolulu,United States,San Francisco International Airport,SFO,San Francisco,United States,2082,4.63,2026-12-03,05:47 AM
United Airlines,Boeing 737 MAX 8,B38M,UA1749,San Francisco International Airport,SFO,San Francisco,United States,Kahului Airport,OGG,Kahului,United States,2030,4.52,2026-12-03,06:14 AM
United Airlines,Boeing 737-924(ER),B739,UA2095,George Bush Intcntl/Houston Airport,IAH,Houston,United States,Los Angeles International Airport,LAX,Los Angeles,United States,1196,2.75,2026-12-03,06:41 AM
American Airlines,Airbus A321-253NX,A21N,AA669,Miami International Airport,MIA,Miami,United States,Los Angeles International Airport,LAX,Los Angeles,United States,2032,4.53,2026-12-03,08:22 AM
American Airlines,Boeing 777-223(ER),B772,Unknown,Ministro Pistarini International Airport,EZE,Ezeiza,Argentina,Miami International Airport,MIA,Miami,United States,3844,8.37,2026-12-03,08:52 AM
Spirit Airlines,Airbus A320-232,A320,NK1756,Juan Santamaria International Airport,SJO,San Jose,Costa Rica,Fort Lauderdale/Hollywood International Airport,FLL,Fort Lauderdale,United States,993,2.32,2026-12-03,09:31 AM
American Airlines,Boeing 737 MAX 8,B38M,AA1498,Licenciado Benito Juarez International Airport,MEX,Mexico City,Mexico,Miami International Airport,MIA,Miami,United States,1107,2.57,2026-12-03,02:24 PM
United Airlines,Boeing 737-924(ER),B739,UA1059,Cancun International Airport,CUN,Cancun,Mexico,George Bush Intcntl/Houston Airport,IAH,Houston,United States,706,1.72,2026-12-03,03:10 PM
American Airlines,Boeing 737-823,B738,AA2725,Sir Grantley Adams International Airport,BGI,Bridgetown,Barbados,Miami International Airport,MIA,Miami,United States,1400,3.19,2026-04-03,03:33 PM
American Airlines,Boeing 737 MAX 8,B38M,AA2112,Miami International Airport,MIA,Miami,United States,Ronald Reagan Washington Ntl Airport,DCA,Washington,United States,801,1.92,2026-12-03,05:42 PM
American Airlines,Boeing 737 MAX 8,B38M,AA1391,Miami International Airport,MIA,Miami,United States,Cyril E King Airport,STT,Charlotte Amalie,Virgin Islands Us,962,2.26,2026-12-03,06:35 PM
United Airlines,Boeing 737 MAX 8,B38M,UA693,George Bush Intcntl/Houston Airport,IAH,Houston,United States,John Wayne/Orange County Airport,SNA,Santa Ana,United States,1168,2.7,2026-03-03,07:19 PM
American Airlines,Airbus A321-211,A321,AA2915,Charlotte/Douglas International Airport,CLT,Charlotte,United States,Tampa International Airport,TPA,Tampa,United States,442,1.16,2026-04-03,07:57 PM
United Airlines,Boeing 737-824,B738,UA824,Francisco C Ada/Saipan International Airport,SPN,Saipan Island,Northern Mariana Islands,Narita International Airport,NRT,Tokyo,Japan,1272,2.92,2026-12-04,09:28 AM
United Airlines,Boeing 737 MAX 8,B38M,UA2484,Ramon Villeda Morales International Airport,SAP,La Mesa,Honduras,George Bush Intcntl/Houston Airport,IAH,Houston,United States,964,2.26,2026-12-04,03:15 PM
American Airlines,Boeing 737-823,B738,AA3151,Miami International Airport,MIA,Miami,United States,Juan Santamaria International Airport,SJO,San Jose,Costa Rica,975,2.29,2026-02-04,04:40 PM
American Airlines,Boeing 737-823,B738,AA1400,Miami International Airport,MIA,Miami,United States,Norman Manley International Airport,KIN,Kingston,Jamaica,511,1.3,2026-03-04,05:18 PM
United Airlines,Boeing 737 MAX 9,B39M,UA2089,Luis Munoz Marin International Airport,SJU,San Juan,Puerto Rico,Chicago O'Hare International Airport,ORD,Chicago,United States,1802,4.04,2026-12-04,05:19 PM
American Airlines,Boeing 737 MAX 8,B38M,AA1527,Miami International Airport,MIA,Miami,United States,Providenciales Airport,PLS,Providenciales Island,Turks And Caicos Islands,502,1.28,2026-12-04,05:39 PM
United Airlines,Boeing 737 MAX 8,B38M,UA1913,George Bush Intcntl/Houston Airport,IAH,Houston,United States,Harry Reid International Airport,LAS,Las Vegas,United States,1060,2.47,2026-12-04,07:11 PM
United Airlines,Boeing 737 MAX 9,B39M,UA1516,Daniel Oduber Quiros International Airport,LIR,Liberia,Costa Rica,George Bush Intcntl/Houston Airport,IAH,Houston,United States,1287,2.95,2026-12-04,09:51 PM
United Airlines,Boeing 737 MAX 9,B39M,UA1455,Lynden Pindling International Airport,NAS,Nassau,Bahamas,George Bush Intcntl/Houston Airport,IAH,Houston,United States,996,2.33,2026-12-04,09:59 PM
Spirit Airlines,Airbus A320-271N,A20N,NK926,Luis Munoz Marin International Airport,SJU,San Juan,Puerto Rico,Baltimore/Washington International Thurgood Marshall Airport,BWI,Baltimore,United States,1363,3.11,2026-12-04,10:30 PM
Spirit Airlines,Airbus A321-271NX,A21N,NK408,Alfonso Bonilla Aragon International Airport,CLO,Cali,Colombia,Fort Lauderdale/Hollywood International Airport,FLL,Fort Lauderdale,United States,1370,3.12,2026-12-04,10:55 PM
American Airlines,Boeing 737-823,B738,AA3143,Miami International Airport,MIA,Miami,United States,Chicago O'Hare International Airport,ORD,Chicago,United States,1042,2.43,2026-12-04,11:03 PM
American Airlines,Boeing 737 MAX 8,B38M,AA2490,St Louis Lambert International Airport,STL,St Louis,United States,Dallas-Fort Worth International Airport,DFW,Dallas-Fort Worth,United States,478,1.23,2026-12-04,11:13 PM
American Airlines,Airbus A321-231,A321,AA879,Providenciales Airport,PLS,Providenciales Island,Turks And Caicos Islands,Charlotte/Douglas International Airport,CLT,Charlotte,United States,927,2.18,2026-08-04,11:19 PM
American Airlines,Boeing 737-823,B738,AA2550,Mc Ghee Tyson Airport,TYS,Knoxville,United States,Dallas-Fort Worth International Airport,DFW,Dallas-Fort Worth,United States,669,1.64,2026-12-04,11:30 PM
United Airlines,Boeing 737 MAX 8,B38M,UA1160,Sangster International Airport,MBJ,Montego Bay,Jamaica,Chicago O'Hare International Airport,ORD,Chicago,United States,1499,3.4,2026-12-04,11:37 PM
United Airlines,Boeing 737-824,B738,UA1990,Austin-Bergstrom International Airport,AUS,Austin,United States,Chicago O'Hare International Airport,ORD,Chicago,United States,850,2.02,2026-12-05,12:38 AM
Spirit Airlines,Airbus A320-271N,A20N,NK1178,Fort Lauderdale/Hollywood International Airport,FLL,Fort Lauderdale,United States,Bradley International Airport,BDL,Windsor Locks,United States,1022,2.39,2026-12-05,12:53 AM
American Airlines,Airbus A319-112,A319,AA3257,Huntsville International-Carl T Jones Field,HSV,Huntsville,United States,Dallas-Fort Worth International Airport,DFW,Dallas-Fort Worth,United States,523,1.33,2026-03-05,01:00 AM
American Airlines,Airbus A319-115,A319,AA29,Charlotte/Douglas International Airport,CLT,Charlotte,United States,Savannah/Hilton Head International Airport,SAV,Savannah,United States,186,0.61,2026-01-05,01:24 AM
United Airlines,Boeing 737 MAX 8,B38M,UA1786,Phoenix Sky Harbor International Airport,PHX,Phoenix,United States,Denver International Airport,DEN,Denver,United States,523,1.33,2026-12-05,01:28 AM
United Airlines,Airbus A319-131,A319,UA1025,Licenciado Benito Juarez International Airport,MEX,Mexico City,Mexico,George Bush Intcntl/Houston Airport,IAH,Houston,United States,665,1.63,2026-12-05,01:33 AM
American Airlines,Boeing 737-823,B738,AA322,Miami International Airport,MIA,Miami,United States,Newark Liberty International Airport,EWR,Newark,United States,945,2.22,2026-05-05,01:35 AM
American Airlines,Boeing 737-823,B738,AA1903,Charlotte/Douglas International Airport,CLT,Charlotte,United States,Kansas City International Airport,MCI,Kansas City,United States,701,1.71,2026-12-05,01:46 AM
American Airlines,Airbus A321-253NX,A21N,AA2633,Tampa International Airport,TPA,Tampa,United States,Los Angeles International Airport,LAX,Los Angeles,United States,1872,4.19,2026-12-05,01:47 AM
American Airlines,Boeing 737-823,B738,AA2092,Laguardia Airport,LGA,New York,United States,Dallas-Fort Worth International Airport,DFW,Dallas-Fort Worth,United States,1205,2.77,2026-12-05,01:54 AM
American Airlines,Boeing 737-823,B738,AA458,Miami International Airport,MIA,Miami,United States,Minneapolis-St Paul International/Wold-Chamberlain Airport,MSP,Minneapolis,United States,1306,2.99,2026-12-05,02:08 AM
Spirit Airlines,Airbus A320-271N,A20N,NK2707,Laguardia Airport,LGA,New York,United States,Dallas-Fort Worth International Airport,DFW,Dallas-Fort Worth,United States,1205,2.77,2026-07-05,02:33 AM
American Airlines,Boeing 737-823,B738,AA2578,Miami International Airport,MIA,Miami,United States,San Diego International Airport,SAN,San Diego,United States,1967,4.39,2026-12-05,02:50 AM
United Airlines,Boeing 737-924(ER),B739,UA1393,Newark Liberty International Airport,EWR,Newark,United States,General Edward Lawrence Logan International Airport,BOS,Boston,United States,174,0.59,2026-01-05,02:59 AM
American Airlines,Boeing 737-823,B738,AA1484,Dallas-Fort Worth International Airport,DFW,Dallas-Fort Worth,United States,Cleveland-Hopkins International Airport,CLE,Cleveland,United States,886,2.1,2026-04-05,03:07 AM
United Airlines,Boeing 737-824,B738,UA357,Chicago O'Hare International Airport,ORD,Chicago,United States,Hartsfield - Jackson Atlanta International Airport,ATL,Atlanta,United States,527,1.34,2026-12-05,03:12 AM
United Airlines,Boeing 737-924(ER),B739,UA2396,Newark Liberty International Airport,EWR,Newark,United States,Southwest Florida International Airport,RSW,Fort Myers,United States,933,2.2,2026-12-05,03:16 AM
Spirit Airlines,Airbus A320-271N,A20N,NK866,Miami International Airport,MIA,Miami,United States,Newark Liberty International Airport,EWR,Newark,United States,945,2.22,2026-12-05,03:17 AM
Spirit Airlines,Airbus A319-132,A319,NK973,Fort Lauderdale/Hollywood International Airport,FLL,Fort Lauderdale,United States,Jose Maria Cordova International Airport,MDE,Rionegro,Colombia,1226,2.82,2026-12-05,03:32 AM
American Airlines,Airbus A319-115,A319,AA1050,Dallas-Fort Worth International Airport,DFW,Dallas-Fort Worth,United States,Birmingham-Shuttlesworth International Airport,BHM,Birmingham,United States,518,1.32,2026-12-05,03:40 AM
American Airlines,Boeing 777-223(ER),B772,AA70,Dallas-Fort Worth International Airport,DFW,Dallas-Fort Worth,United States,Frankfurt am Main International Airport,FRA,Frankfurt am Main,Germany,4458,9.67,2026-12-05,04:19 AM
American Airlines,Boeing 787-8 Dreamliner,B788,AA991,Miami International Airport,MIA,Miami,United States,Galeao - Antonio Carlos Jobim International Airport,GIG,Rio De Janeiro,Brazil,3627,7.91,2026-12-05,05:05 AM
United Airlines,Boeing 767-322(ER),B763,UA3046,Galeao - Antonio Carlos Jobim International Airport,GIG,Rio De Janeiro,Brazil,George Bush Intcntl/Houston Airport,IAH,Houston,United States,4367,9.48,2026-12-05,08:19 AM
Spirit Airlines,Airbus A320-271N,A20N,NK2154,La Aurora Airport,GUA,Guatemala City,Guatemala,Fort Lauderdale/Hollywood International Airport,FLL,Fort Lauderdale,United States,903,2.13,2026-12-05,09:56 AM
Spirit Airlines,Airbus A319-132,A319,NK974,Jose Maria Cordova International Airport,MDE,Rionegro,Colombia,Fort Lauderdale/Hollywood International Airport,FLL,Fort Lauderdale,United States,1226,2.82,2026-05-05,10:00 AM
American Airlines,Airbus A321-253NX,A21N,AA1307,Miami International Airport,MIA,Miami,United States,Jorge Chavez International Airport,LIM,Lima,Peru,2278,5.05,2026-12-05,10:23 AM
Spirit Airlines,Airbus A320-271N,A20N,NK978,Jorge Chavez International Airport,LIM,Lima,Peru,Fort Lauderdale/Hollywood International Airport,FLL,Fort Lauderdale,United States,2294,5.08,2026-12-05,10:26 AM
Spirit Airlines,Airbus A320-271N,A20N,NK422,Fort Lauderdale/Hollywood International Airport,FLL,Fort Lauderdale,United States,Birmingham-Shuttlesworth International Airport,BHM,Birmingham,United States,566,1.42,2026-12-05,12:09 PM
United Airlines,Boeing 737 MAX 9,B39M,UA1472,Las Americas International Airport,SDQ,Santo Domingo,Dominican Republic,Newark Liberty International Airport,EWR,Newark,United States,1357,3.1,2026-12-05,12:43 PM
American Airlines,Boeing 737-823,B738,AA892,Kansas City International Airport,MCI,Kansas City,United States,Miami International Airport,MIA,Miami,United States,1088,2.53,2026-12-05,12:47 PM
Spirit Airlines,Airbus A320-232,A320,NK385,Fort Lauderdale/Hollywood International Airport,FLL,Fort Lauderdale,United States,Newark Liberty International Airport,EWR,Newark,United States,927,2.18,2026-12-05,12:55 PM
Spirit Airlines,Airbus A320-232,A320,NK1897,Miami International Airport,MIA,Miami,United States,Newark Liberty International Airport,EWR,Newark,United States,945,2.22,2026-12-05,01:16 PM
Spirit Airlines,Airbus A320-271N,A20N,NK3785,Orlando International Airport,MCO,Orlando,United States,Detroit Metro Wayne County Airport,DTW,Detroit,United States,834,1.99,2026-04-05,01:18 PM
American Airlines,Boeing 737-823,B738,AA1618,Dallas-Fort Worth International Airport,DFW,Dallas-Fort Worth,United States,Ronald Reagan Washington Ntl Airport,DCA,Washington,United States,1034,2.41,2026-12-05,01:20 PM
United Airlines,Airbus A320-232,A320,UA1085,Licenciado Benito Juarez International Airport,MEX,Mexico City,Mexico,George Bush Intcntl/Houston Airport,IAH,Houston,United States,665,1.63,2026-12-05,01:24 PM
United Airlines,Boeing 737-924(ER),B739,UA3900,Chicago O'Hare International Airport,ORD,Chicago,United States,Denver International Airport,DEN,Denver,United States,770,1.85,2026-12-05,01:41 PM
American Airlines,Airbus A321-231,A321,AA1593,Phoenix Sky Harbor International Airport,PHX,Phoenix,United States,Dallas-Fort Worth International Airport,DFW,Dallas-Fort Worth,United States,753,1.82,2026-12-05,01:46 PM
Spirit Airlines,Airbus A321-231,A321,NK120,Fort Lauderdale/Hollywood International Airport,FLL,Fort Lauderdale,United States,Baltimore/Washington International Thurgood Marshall Airport,BWI,Baltimore,United States,806,1.93,2026-12-05,01:48 PM
American Airlines,Airbus A321-231,A321,AA1260,Dallas-Fort Worth International Airport,DFW,Dallas-Fort Worth,United States,Philadelphia International Airport,PHL,Philadelphia,United States,1130,2.61,2026-12-05,01:52 PM
Spirit Airlines,Airbus A321-271NX,A21N,NK740,Fort Lauderdale/Hollywood International Airport,FLL,Fort Lauderdale,United States,Hartsfield - Jackson Atlanta International Airport,ATL,Atlanta,United States,506,1.29,2026-12-05,01:53 PM
United Airlines,Boeing 737 MAX 8,B38M,UA1493,Orlando International Airport,MCO,Orlando,United States,Newark Liberty International Airport,EWR,Newark,United States,816,1.95,2026-08-05,03:46 PM
Spirit Airlines,Airbus A321-231,A321,NK1317,Pittsburgh International Airport,PIT,Pittsburgh,United States,Tampa International Airport,TPA,Tampa,United States,760,1.83,2026-12-05,03:53 PM
American Airlines,Boeing 737-823,B738,AA1410,Miami International Airport,MIA,Miami,United States,General Edward Lawrence Logan International Airport,BOS,Boston,United States,1095,2.54,2026-12-05,04:07 PM
United Airlines,Boeing 757-224,B752,UA571,Newark Liberty International Airport,EWR,Newark,United States,George Bush Intcntl/Houston Airport,IAH,Houston,United States,1215,2.79,2026-12-05,04:09 PM
American Airlines,Boeing 737-823,B738,AA1585,Chicago O'Hare International Airport,ORD,Chicago,United States,Sangster International Airport,MBJ,Montego Bay,Jamaica,1499,3.4,2026-12-05,04:15 PM
American Airlines,Boeing 737-823,B738,AA615,Charlotte/Douglas International Airport,CLT,Charlotte,United States,Detroit Metro Wayne County Airport,DTW,Detroit,United States,435,1.14,2026-12-05,04:23 PM
American Airlines,Boeing 737-823,B738,AA847,Philadelphia International Airport,PHL,Philadelphia,United States,Charlotte/Douglas International Airport,CLT,Charlotte,United States,390,1.05,2026-12-05,04:37 PM
Spirit Airlines,Airbus A320-271N,A20N,NK1938,George Bush Intcntl/Houston Airport,IAH,Houston,United States,Newark Liberty International Airport,EWR,Newark,United States,1215,2.79,2026-12-05,05:02 PM
American Airlines,Boeing 737-823,B738,AA1971,Chicago O'Hare International Airport,ORD,Chicago,United States,Harry Reid International Airport,LAS,Las Vegas,United States,1313,3,2026-12-05,05:04 PM
United Airlines,Boeing 737-824,B738,UA307,Chicago O'Hare International Airport,ORD,Chicago,United States,San Antonio International Airport,SAT,San Antonio,United States,906,2.14,2026-12-05,05:05 PM
American Airlines,Airbus A321-231,A321,AA2562,Philadelphia International Airport,PHL,Philadelphia,United States,Dallas-Fort Worth International Airport,DFW,Dallas-Fort Worth,United States,1130,2.61,2026-12-05,05:14 PM
United Airlines,Boeing 737-924(ER),B739,UA2031,Newark Liberty International Airport,EWR,Newark,United States,Felipe Carrillo Puerto International Airport,TQO,Tulum,Mexico,1413,3.21,2026-12-05,05:36 PM
United Airlines,Boeing 737-824,B738,UA537,George Bush Intcntl/Houston Airport,IAH,Houston,United States,Calgary International Airport,YYC,Calgary,Canada,1519,3.44,2026-12-05,05:36 PM
United Airlines,Boeing 777-222(ER),B772,UA927,Frankfurt am Main International Airport,FRA,Frankfurt am Main,Germany,General Edward Lawrence Logan International Airport,BOS,Boston,United States,3179,6.96,2026-12-05,06:00 PM
United Airlines,Boeing 777-222,B772,UA1293,George Bush Intcntl/Houston Airport,IAH,Houston,United States,San Francisco International Airport,SFO,San Francisco,United States,1419,3.23,2026-12-05,06:02 PM
American Airlines,Boeing 737-823,B738,AA2398,Chicago O'Hare International Airport,ORD,Chicago,United States,Seattle-Tacoma International Airport,SEA,Seattle,United States,1491,3.38,2026-12-05,06:08 PM
United Airlines,Boeing 757-224,B752,UA2058,Denver International Airport,DEN,Denver,United States,Newark Liberty International Airport,EWR,Newark,United States,1391,3.17,2026-12-05,06:09 PM
American Airlines,Boeing 737-823,B738,AA1327,John F Kennedy International Airport,JFK,New York,United States,Cancun International Airport,CUN,Cancun,Mexico,1353,3.09,2026-12-05,06:10 PM
United Airlines,Boeing 737 MAX 9,B39M,UA1514,Newark Liberty International Airport,EWR,Newark,United States,Punta Cana International Airport,PUJ,Punta Cana,Dominican Republic,1362,3.11,2026-12-05,06:30 PM
Spirit Airlines,Airbus A321-271NX,A21N,NK401,Fort Lauderdale/Hollywood International Airport,FLL,Fort Lauderdale,United States,Alfonso Bonilla Aragon International Airport,CLO,Cali,Colombia,1370,3.12,2026-12-05,06:38 PM
United Airlines,Boeing 737 MAX 9,B39M,UA1307,Newark Liberty International Airport,EWR,Newark,United States,Palm Beach International Airport,PBI,West Palm Beach,United States,891,2.11,2026-12-05,06:50 PM
Spirit Airlines,Airbus A320-232,A320,NK1469,Harry Reid International Airport,LAS,Las Vegas,United States,Kansas City International Airport,MCI,Kansas City,United States,988,2.31,2026-12-05,06:51 PM
American Airlines,Airbus A319-115,A319,AA871,Miami International Airport,MIA,Miami,United States,Juan Manuel Galvez International Airport,RTB,Roatan Island,Honduras,667,1.63,2026-12-05,06:57 PM
American Airlines,Boeing 737-823,B738,AA1022,Charlotte/Douglas International Airport,CLT,Charlotte,United States,Detroit Metro Wayne County Airport,DTW,Detroit,United States,435,1.14,2026-12-05,07:09 PM
United Airlines,Boeing 737-924(ER),B739,UA1405,Philip S. W. Goldson International Airport,BZE,Belize City,Belize,George Bush Intcntl/Houston Airport,IAH,Houston,United States,841,2,2026-02-05,07:33 PM
American Airlines,Boeing 737-823,B738,AA1899,Los Angeles International Airport,LAX,Los Angeles,United States,Indianapolis International Airport,IND,Indianapolis,United States,1573,3.55,2026-12-05,07:38 PM
American Airlines,Boeing 737-823,B738,AA1231,Albuquerque International Sunport Airport,ABQ,Albuquerque,United States,Dallas-Fort Worth International Airport,DFW,Dallas-Fort Worth,United States,493,1.26,2026-12-05,07:42 PM
United Airlines,Boeing 737 MAX 9,B39M,UA1920,Newark Liberty International Airport,EWR,Newark,United States,Orlando International Airport,MCO,Orlando,United States,816,1.95,2026-12-05,07:46 PM
United Airlines,Boeing 787-9 Dreamliner,B789,UA152,Los Angeles International Airport,LAX,Los Angeles,United States,Chek Lap Kok International Airport,HKG,Hong Kong,Hong Kong,6298,13.57,2026-03-06,10:44 PM
American Airlines,Boeing 737-823,B738,AA1912,Princess Juliana International Airport,SXM,Saint Martin,Netherlands,Miami International Airport,MIA,Miami,United States,1063,2.47,2026-12-06,11:00 PM
American Airlines,Boeing 737-823,B738,AA2586,Sir Grantley Adams International Airport,BGI,Bridgetown,Barbados,Charlotte/Douglas International Airport,CLT,Charlotte,United States,1766,3.96,2026-12-06,11:13 PM
United Airlines,Boeing 737-924(ER),B739,UA1601,Felipe Carrillo Puerto International Airport,TQO,Tulum,Mexico,George Bush Intcntl/Houston Airport,IAH,Houston,United States,722,1.75,2026-12-06,11:24 PM
American Airlines,Boeing 737 MAX 8,B38M,AA476,Juan Santamaria International Airport,SJO,San Jose,Costa Rica,Dallas-Fort Worth International Airport,DFW,Dallas-Fort Worth,United States,1547,3.5,2026-05-06,11:32 PM
American Airlines,Boeing 737-823,B738,AA2814,Sangster International Airport,MBJ,Montego Bay,Jamaica,Dallas-Fort Worth International Airport,DFW,Dallas-Fort Worth,United States,1344,3.07,2026-12-06,11:59 PM
American Airlines,Boeing 737 MAX 8,B38M,AA2100,Comayagua-Palmerola International Airport,XPL,Comayagua,Honduras,Miami International Airport,MIA,Miami,United States,800,1.92,2026-12-07,12:04 AM
United Airlines,Boeing 737-924(ER),B739,UA1019,Cancun International Airport,CUN,Cancun,Mexico,George Bush Intcntl/Houston Airport,IAH,Houston,United States,706,1.72,2026-12-07,12:27 AM
American Airlines,Boeing 737-823,B738,AA1346,Queen Beatrix International Airport,AUA,Oranjestad,Aruba,Charlotte/Douglas International Airport,CLT,Charlotte,United States,1487,3.37,2026-12-07,01:07 AM
American Airlines,Boeing 737 MAX 8,B38M,AA2916,Miami International Airport,MIA,Miami,United States,Salt Lake City International Airport,SLC,Salt Lake City,United States,1813,4.06,2026-12-07,01:10 AM
Spirit Airlines,Airbus A320-271N,A20N,NK1895,Fort Lauderdale/Hollywood International Airport,FLL,Fort Lauderdale,United States,Baltimore/Washington International Thurgood Marshall Airport,BWI,Baltimore,United States,806,1.93,2026-12-07,02:06 AM
American Airlines,Boeing 737-823,B738,AA2124,V.C. Bird International Airport,ANU,St. George,Antigua And Barbuda,Charlotte/Douglas International Airport,CLT,Charlotte,United States,1492,3.38,2026-12-07,02:15 AM
Spirit Airlines,Airbus A320-232,A320,NK256,El Salvador International Airport,SAL,Santa Clara,El Salvador,George Bush Intcntl/Houston Airport,IAH,Houston,United States,1053,2.45,2026-12-07,02:42 AM
United Airlines,Boeing 737-824,B738,UA2648,George Bush Intcntl/Houston Airport,IAH,Houston,United States,St Louis Lambert International Airport,STL,St Louis,United States,581,1.45,2026-12-07,02:46 AM
United Airlines,Boeing 737-924(ER),B739,UA465,George Bush Intcntl/Houston Airport,IAH,Houston,United States,Indianapolis International Airport,IND,Indianapolis,United States,734,1.78,2026-12-07,02:53 AM
United Airlines,Boeing 737-824,B738,UA1904,George Bush Intcntl/Houston Airport,IAH,Houston,United States,Harry Reid International Airport,LAS,Las Vegas,United States,1060,2.47,2026-12-07,03:02 AM
Spirit Airlines,Airbus A320-271N,A20N,NK1222,Fort Lauderdale/Hollywood International Airport,FLL,Fort Lauderdale,United States,Charlotte/Douglas International Airport,CLT,Charlotte,United States,550,1.39,2026-04-07,03:09 AM
American Airlines,Boeing 737 MAX 8,B38M,AA3281,Miami International Airport,MIA,Miami,United States,Los Angeles International Airport,LAX,Los Angeles,United States,2032,4.53,2026-12-07,03:13 AM
American Airlines,Boeing 737-823,B738,AA1496,Dallas-Fort Worth International Airport,DFW,Dallas-Fort Worth,United States,John Glenn Columbus International Airport,CMH,Columbus,United States,804,1.92,2026-12-07,03:22 AM
Spirit Airlines,Airbus A320-271N,A20N,NK1033,Fort Lauderdale/Hollywood International Airport,FLL,Fort Lauderdale,United States,Norfolk International Airport,ORF,Norfolk,United States,680,1.66,2026-12-07,03:28 AM
American Airlines,Boeing 737 MAX 8,B38M,AA3167,Miami International Airport,MIA,Miami,United States,Austin-Bergstrom International Airport,AUS,Austin,United States,957,2.25,2026-12-07,03:37 AM
Spirit Airlines,Airbus A319-132,A319,NK973,Fort Lauderdale/Hollywood International Airport,FLL,Fort Lauderdale,United States,Alfonso Bonilla Aragon International Airport,CLO,Cali,Colombia,1370,3.12,2026-12-07,04:00 AM
American Airlines,Airbus A321-231,A321,AA2623,Charlotte/Douglas International Airport,CLT,Charlotte,United States,Harry Reid International Airport,LAS,Las Vegas,United States,1661,3.74,2026-12-07,04:40 AM
Spirit Airlines,Airbus A320-271N,A20N,NK1755,Fort Lauderdale/Hollywood International Airport,FLL,Fort Lauderdale,United States,Juan Santamaria International Airport,SJO,San Jose,Costa Rica,993,2.32,2026-12-07,04:57 AM
United Airlines,Boeing 777-222(ER),B772,UA70,Newark Liberty International Airport,EWR,Newark,United States,Amsterdam Airport Schiphol,AMS,Amsterdam,Netherlands,3169,6.94,2026-12-07,05:46 AM
United Airlines,Boeing 767-322(ER),B763,UA3,Chicago O'Hare International Airport,ORD,Chicago,United States,Zurich Airport,ZRH,Zurich,Switzerland,3850,8.38,2026-12-07,05:49 AM
United Airlines,Boeing 737 MAX 8,B38M,UA2727,Chicago O'Hare International Airport,ORD,Chicago,United States,Portland International Airport,PDX,Portland,United States,1507,3.41,2026-12-07,05:52 AM
United Airlines,Boeing 757-224,B752,UA798,Denver International Airport,DEN,Denver,United States,Washington Dulles International Airport,IAD,Washington,United States,1258,2.89,2026-12-07,06:07 AM
United Airlines,Boeing 767-322(ER),B763,UA108,Washington Dulles International Airport,IAD,Washington,United States,Munich International Airport,MUC,Munich,Germany,3698,8.06,2026-01-07,06:13 AM
United Airlines,Boeing 787-9 Dreamliner,B789,UA27,Denver International Airport,DEN,Denver,United States,London Heathrow Airport,LHR,London,United Kingdom,4048,8.8,2026-12-07,06:14 AM
United Airlines,Boeing 787-10 Dreamliner,B78X,UA953,Chicago O'Hare International Airport,ORD,Chicago,United States,Munich International Airport,MUC,Munich,Germany,3925,8.54,2026-12-07,06:15 AM
United Airlines,Boeing 737-924(ER),B739,UA2665,Chicago O'Hare International Airport,ORD,Chicago,United States,George Bush Intcntl/Houston Airport,IAH,Houston,United States,805,1.93,2026-12-07,06:21 AM
American Airlines,Boeing 787-8 Dreamliner,B788,AA728,Philadelphia International Airport,PHL,Philadelphia,United States,London Heathrow Airport,LHR,London,United Kingdom,3072,6.73,2026-12-07,06:57 AM
American Airlines,Boeing 777-223(ER),B772,AA9604,Miami International Airport,MIA,Miami,United States,London Heathrow Airport,LHR,London,United Kingdom,3838,8.36,2026-04-07,07:12 AM
Spirit Airlines,Airbus A320-232,A320,NK390,Charlotte/Douglas International Airport,CLT,Charlotte,United States,Los Angeles International Airport,LAX,Los Angeles,United States,1842,4.12,2026-12-07,07:24 AM
United Airlines,Boeing 737-824,B738,UA1434,San Francisco International Airport,SFO,San Francisco,United States,Tampa International Airport,TPA,Tampa,United States,2076,4.62,2026-07-07,07:40 AM
United Airlines,Boeing 767-424(ER),B764,UA51,Newark Liberty International Airport,EWR,Newark,United States,Madrid Barajas International Airport,MAD,Madrid,Spain,3125,6.84,2026-12-07,07:59 AM
American Airlines,Boeing 787-9 Dreamliner,B789,Unknown,John F Kennedy International Airport,JFK,New York,United States,Guarulhos - Governador Andre Franco Montoro International Airport,GRU,Sao Paulo,Brazil,4138,8.99,2026-12-07,08:14 AM
American Airlines,Airbus A321-253NX,A21N,AA1991,Seattle-Tacoma International Airport,SEA,Seattle,United States,Dallas-Fort Worth International Airport,DFW,Dallas-Fort Worth,United States,1441,3.27,2026-12-07,08:21 AM
American Airlines,Airbus A321-231,A321,AA3183,San Francisco International Airport,SFO,San Francisco,United States,Charlotte/Douglas International Airport,CLT,Charlotte,United States,1991,4.44,2026-12-07,08:41 AM
American Airlines,Boeing 787-8 Dreamliner,B788,AA48,Dallas-Fort Worth International Airport,DFW,Dallas-Fort Worth,United States,Charles de Gaulle International Airport,CDG,Paris,France,4289,9.31,2026-12-07,08:47 AM
American Airlines,Boeing 737 MAX 8,B38M,AA752,Salt Lake City International Airport,SLC,Salt Lake City,United States,Miami International Airport,MIA,Miami,United States,1813,4.06,2026-12-07,08:55 AM
United Airlines,Boeing 767-424(ER),B764,UA942,Washington Dulles International Airport,IAD,Washington,United States,Lisbon Portela Airport,LIS,Lisbon,Portugal,3116,6.82,2026-12-07,09:13 AM
American Airlines,Boeing 787-8 Dreamliner,B788,AA722,Philadelphia International Airport,PHL,Philadelphia,United States,Dublin Airport,DUB,Dublin,Ireland,2836,6.23,2026-12-07,09:16 AM
United Airlines,Boeing 787-9 Dreamliner,B789,UA760,Denver International Airport,DEN,Denver,United States,Munich International Airport,MUC,Munich,Germany,4528,9.82,2026-12-07,09:27 AM
Spirit Airlines,Airbus A320-271N,A20N,NK1341,Comayagua-Palmerola International Airport,XPL,Comayagua,Honduras,Fort Lauderdale/Hollywood International Airport,FLL,Fort Lauderdale,United States,818,1.95,2026-12-07,09:36 AM
United Airlines,Boeing 767-322(ER),B763,UA957,Geneva Cointrin International Airport,GVA,Geneva,Switzerland,Newark Liberty International Airport,EWR,Newark,United States,3361,7.34,2026-12-07,09:53 AM
United Airlines,Boeing 757-224,B752,UA2488,San Francisco International Airport,SFO,San Francisco,United States,General Edward Lawrence Logan International Airport,BOS,Boston,United States,2344,5.19,2026-12-07,10:03 AM
American Airlines,Boeing 737 MAX 8,B38M,AA867,Los Angeles International Airport,LAX,Los Angeles,United States,Miami International Airport,MIA,Miami,United States,2032,4.53,2026-12-07,10:16 AM
United Airlines,Boeing 777-222(ER),B772,UA21,Amsterdam Airport Schiphol,AMS,Amsterdam,Netherlands,George Bush Intcntl/Houston Airport,IAH,Houston,United States,4346,9.43,2026-12-07,10:26 AM
United Airlines,Boeing 777-222,B772,UA1169,Daniel K Inouye International Airport,HNL,Honolulu,United States,Los Angeles International Airport,LAX,Los Angeles,United States,2218,4.92,2026-01-07,10:36 AM
United Airlines,Boeing 737 MAX 9,B39M,UA2379,Seattle-Tacoma International Airport,SEA,Seattle,United States,George Bush Intcntl/Houston Airport,IAH,Houston,United States,1627,3.67,2026-12-07,10:37 AM
United Airlines,Boeing 767-424(ER),B764,UA41,Leonardo Da Vinci (Fiumicino) International Airport,FCO,Rome,Italy,Newark Liberty International Airport,EWR,Newark,United States,3721,8.11,2026-12-07,10:38 AM
United Airlines,Boeing 737-924(ER),B739,UA1075,Los Angeles International Airport,LAX,Los Angeles,United States,Cancun International Airport,CUN,Cancun,Mexico,1839,4.12,2026-08-07,10:49 AM
United Airlines,Boeing 777-224(ER),B772,UA5,George Bush Intcntl/Houston Airport,IAH,Houston,United States,London Heathrow Airport,LHR,London,United Kingdom,4192,9.11,2026-12-07,10:57 AM
United Airlines,Boeing 787-9 Dreamliner,B789,UA923,Los Angeles International Airport,LAX,Los Angeles,United States,London Heathrow Airport,LHR,London,United Kingdom,4730,10.25,2026-12-07,11:04 AM
Spirit Airlines,Airbus A320-271N,A20N,NK521,Newark Liberty International Airport,EWR,Newark,United States,Fort Lauderdale/Hollywood International Airport,FLL,Fort Lauderdale,United States,927,2.18,2026-12-07,11:10 AM
Spirit Airlines,Airbus A320-271N,A20N,NK182,Harry Reid International Airport,LAS,Las Vegas,United States,Chicago O'Hare International Airport,ORD,Chicago,United States,1313,3,2026-12-07,11:25 AM
American Airlines,Boeing 737-823,B738,AA2820,El Salvador International Airport,SAL,Santa Clara,El Salvador,Miami International Airport,MIA,Miami,United States,891,2.11,2026-12-07,12:30 PM
American Airlines,Boeing 787-8 Dreamliner,B788,AA83,Los Angeles International Airport,LAX,Los Angeles,United States,Auckland International Airport,AKL,Auckland,New Zealand,5662,12.22,2026-05-07,01:38 PM
United Airlines,Boeing 737 MAX 8,B38M,UA1901,La Aurora Airport,GUA,Guatemala City,Guatemala,George Bush Intcntl/Houston Airport,IAH,Houston,United States,962,2.26,2026-12-07,02:12 PM
United Airlines,Boeing 787-9 Dreamliner,B789,UA99,Melbourne International Airport,MEL,Melbourne,Australia,Daniel K Inouye International Airport,HNL,Honolulu,United States,4792,10.38,2026-12-08,07:40 AM
United Airlines,Boeing 787-8 Dreamliner,B788,UA1387,Chicago O'Hare International Airport,ORD,Chicago,United States,San Francisco International Airport,SFO,San Francisco,United States,1600,3.61,2026-12-08,05:29 PM
American Airlines,Airbus A319-115,A319,AA3071,Miami International Airport,MIA,Miami,United States,Casa De Campo International Airport,LRM,La Romana,Dominican Republic,771,1.85,2026-05-08,05:31 PM
United Airlines,Boeing 737-824,B738,UA2207,Sacramento International Airport,SMF,Sacramento,United States,Chicago O'Hare International Airport,ORD,Chicago,United States,1544,3.49,2026-12-08,05:31 PM
Spirit Airlines,Airbus A321-271NX,A21N,NK895,Cyril E King Airport,STT,Charlotte Amalie,Virgin Islands Us,Fort Lauderdale/Hollywood International Airport,FLL,Fort Lauderdale,United States,962,2.26,2026-12-08,05:34 PM
American Airlines,Boeing 737-823,B738,AA1379,Charlotte/Douglas International Airport,CLT,Charlotte,United States,Bradley International Airport,BDL,Windsor Locks,United States,559,1.4,2026-12-08,05:41 PM
Spirit Airlines,Airbus A320-271N,A20N,NK2059,Alfonso Bonilla Aragon International Airport,CLO,Cali,Colombia,Fort Lauderdale/Hollywood International Airport,FLL,Fort Lauderdale,United States,1370,3.12,2026-12-08,05:49 PM
United Airlines,Boeing 737-724,B737,UA221,George Bush Intcntl/Houston Airport,IAH,Houston,United States,Palm Springs International Airport,PSP,Palm Springs,United States,1101,2.55,2026-12-08,06:07 PM
United Airlines,Boeing 757-224,B752,UA2074,Newark Liberty International Airport,EWR,Newark,United States,Tampa International Airport,TPA,Tampa,United States,868,2.06,2026-05-08,06:11 PM
Spirit Airlines,Airbus A320-232,A320,NK3133,Orlando International Airport,MCO,Orlando,United States,John Glenn Columbus International Airport,CMH,Columbus,United States,699,1.7,2026-12-08,06:15 PM
Spirit Airlines,Airbus A320-232,A320,NK1025,Baltimore/Washington International Thurgood Marshall Airport,BWI,Baltimore,United States,Cancun International Airport,CUN,Cancun,Mexico,1209,2.78,2026-12-08,06:31 PM
American Airlines,Boeing 737-823,B738,AA3029,Phoenix Sky Harbor International Airport,PHX,Phoenix,United States,Cancun International Airport,CUN,Cancun,Mexico,1528,3.46,2026-12-08,06:33 PM
American Airlines,Boeing 777-223(ER),B772,AA9602,Guarulhos - Governador Andre Franco Montoro International Airport,GRU,Sao Paulo,Brazil,Miami International Airport,MIA,Miami,United States,3550,7.75,2026-12-08,07:03 PM
United Airlines,Airbus A319-132,A319,UA2142,Norman Y Mineta San Jose International Airport,SJC,San Jose,United States,George Bush Intcntl/Houston Airport,IAH,Houston,United States,1395,3.18,2026-12-08,07:12 PM
American Airlines,Boeing 737-823,B738,AA2043,Nashville International Airport,BNA,Nashville,United States,Charlotte/Douglas International Airport,CLT,Charlotte,United States,285,0.82,2026-12-08,07:21 PM
United Airlines,Airbus A319-131,A319,UA2130,Norman Y Mineta San Jose International Airport,SJC,San Jose,United States,Denver International Airport,DEN,Denver,United States,822,1.96,2026-12-08,07:27 PM
American Airlines,Airbus A320-232,A320,AA1851,Gerald R Ford International Airport,GRR,Grand Rapids,United States,Dallas-Fort Worth International Airport,DFW,Dallas-Fort Worth,United States,809,1.93,2026-02-08,07:29 PM
United Airlines,Boeing 757-224,B752,UA1986,San Francisco International Airport,SFO,San Francisco,United States,Denver International Airport,DEN,Denver,United States,838,2,2026-12-08,07:42 PM
United Airlines,Boeing 737 MAX 8,B38M,UA502,Los Angeles International Airport,LAX,Los Angeles,United States,Phoenix Sky Harbor International Airport,PHX,Phoenix,United States,321,0.9,2026-12-08,07:45 PM
American Airlines,Boeing 737-823,B738,AA767,Phoenix Sky Harbor International Airport,PHX,Phoenix,United States,Los Angeles International Airport,LAX,Los Angeles,United States,321,0.9,2026-12-08,08:00 PM
American Airlines,Boeing 737-823,B738,AA1582,John F Kennedy International Airport,JFK,New York,United States,Dallas-Fort Worth International Airport,DFW,Dallas-Fort Worth,United States,1207,2.78,2026-12-08,08:01 PM
Spirit Airlines,Airbus A320-271N,A20N,NK1909,Tampa International Airport,TPA,Tampa,United States,General Edward Lawrence Logan International Airport,BOS,Boston,United States,1030,2.4,2026-12-08,08:13 PM
United Airlines,Boeing 737-724,B737,UA2144,Newark Liberty International Airport,EWR,Newark,United States,St Louis Lambert International Airport,STL,St Louis,United States,756,1.82,2026-12-08,08:15 PM
United Airlines,Boeing 737-824,B738,UA1495,Sacramento International Airport,SMF,Sacramento,United States,Denver International Airport,DEN,Denver,United States,788,1.89,2026-12-08,08:18 PM
United Airlines,Boeing 757-224,B752,UA2496,Harry Reid International Airport,LAS,Las Vegas,United States,Newark Liberty International Airport,EWR,Newark,United States,1931,4.31,2026-12-08,08:19 PM
United Airlines,Airbus A319-131,A319,UA1478,Newark Liberty International Airport,EWR,Newark,United States,Hartsfield - Jackson Atlanta International Airport,ATL,Atlanta,United States,648,1.59,2026-12-08,08:33 PM
United Airlines,Boeing 737 MAX 8,B38M,UA2075,John Wayne/Orange County Airport,SNA,Santa Ana,United States,Chicago O'Hare International Airport,ORD,Chicago,United States,1497,3.39,2026-12-08,08:41 PM
United Airlines,Boeing 737 MAX 8,B38M,UA1728,San Francisco International Airport,SFO,San Francisco,United States,Dallas-Fort Worth International Airport,DFW,Dallas-Fort Worth,United States,1270,2.91,2026-12-08,08:58 PM
Spirit Airlines,Airbus A321-231,A321,NK1068,Los Angeles International Airport,LAX,Los Angeles,United States,Chicago O'Hare International Airport,ORD,Chicago,United States,1513,3.43,2026-12-08,08:58 PM
United Airlines,Boeing 737-924(ER),B739,UA2654,Chicago O'Hare International Airport,ORD,Chicago,United States,Newark Liberty International Airport,EWR,Newark,United States,624,1.54,2026-12-08,09:20 PM
United Airlines,Boeing 787-10 Dreamliner,B78X,UA1855,Los Angeles International Airport,LAX,Los Angeles,United States,Newark Liberty International Airport,EWR,Newark,United States,2128,4.73,2026-01-08,09:21 PM
United Airlines,Airbus A319-131,A319,UA2182,Chicago O'Hare International Airport,ORD,Chicago,United States,Laguardia Airport,LGA,New York,United States,636,1.57,2026-12-08,09:29 PM
United Airlines,Boeing 737-824,B738,UA1585,San Francisco International Airport,SFO,San Francisco,United States,Licenciado Gustavo Diaz Ordaz International Airport,PVR,Puerto Vallarta,Mexico,1352,3.09,2026-12-08,09:59 PM
United Airlines,Airbus A319-132,A319,UA539,Chicago O'Hare International Airport,ORD,Chicago,United States,Eppley Airfield,OMA,Omaha,United States,360,0.98,2026-12-08,10:19 PM
Spirit Airlines,Airbus A320-271N,A20N,NK3718,Newark Liberty International Airport,EWR,Newark,United States,Dallas-Fort Worth International Airport,DFW,Dallas-Fort Worth,United States,1190,2.74,2026-12-08,10:21 PM
United Airlines,Boeing 737-724,B737,UA543,John Wayne/Orange County Airport,SNA,Santa Ana,United States,George Bush Intcntl/Houston Airport,IAH,Houston,United States,1168,2.7,2026-03-08,10:23 PM
United Airlines,Boeing 737-724,B737,UA2429,Austin-Bergstrom International Airport,AUS,Austin,United States,Newark Liberty International Airport,EWR,Newark,United States,1305,2.99,2026-12-08,10:39 PM
United Airlines,Boeing 737-824,B738,UA2173,Boise Air Trml/Gowen Field,BOI,Boise,United States,Denver International Airport,DEN,Denver,United States,563,1.41,2026-12-08,10:40 PM
American Airlines,Boeing 787-9 Dreamliner,B789,AA3193,Philadelphia International Airport,PHL,Philadelphia,United States,Dallas-Fort Worth International Airport,DFW,Dallas-Fort Worth,United States,1130,2.61,2026-12-09,01:15 AM
American Airlines,Boeing 737-823,B738,AA1733,Tampa International Airport,TPA,Tampa,United States,Ronald Reagan Washington Ntl Airport,DCA,Washington,United States,708,1.72,2026-12-09,01:19 AM
Spirit Airlines,Airbus A320-271N,A20N,NK503,Orlando International Airport,MCO,Orlando,United States,Dallas-Fort Worth International Airport,DFW,Dallas-Fort Worth,United States,854,2.03,2026-12-09,01:39 AM
United Airlines,Boeing 787-8 Dreamliner,B788,UA3887,Rick Husband Amarillo International Airport,AMA,Amarillo,United States,Chicago O'Hare International Airport,ORD,Chicago,United States,763,1.84,2026-12-09,01:41 AM
American Airlines,Boeing 737 MAX 8,B38M,AA923,Miami International Airport,MIA,Miami,United States,Jose Maria Cordova International Airport,MDE,Rionegro,Colombia,1211,2.79,2026-12-09,01:42 AM
United Airlines,Boeing 737 MAX 8,B38M,UA1535,John Wayne/Orange County Airport,SNA,Santa Ana,United States,Chicago O'Hare International Airport,ORD,Chicago,United States,1497,3.39,2026-12-09,01:48 AM
American Airlines,Airbus A321-231,A321,AA32,Los Angeles International Airport,LAX,Los Angeles,United States,John F Kennedy International Airport,JFK,New York,United States,2146,4.77,2026-12-09,01:57 AM
United Airlines,Airbus A319-131,A319,UA345,Nashville International Airport,BNA,Nashville,United States,Denver International Airport,DEN,Denver,United States,879,2.08,2026-12-09,01:59 AM
United Airlines,Boeing 787-9 Dreamliner,B789,UA448,Newark Liberty International Airport,EWR,Newark,United States,San Francisco International Airport,SFO,San Francisco,United States,2224,4.93,2026-12-09,02:00 AM
United Airlines,Boeing 757-224,B752,UA1482,Harry Reid International Airport,LAS,Las Vegas,United States,Newark Liberty International Airport,EWR,Newark,United States,1931,4.31,2026-12-09,02:12 AM
United Airlines,Boeing 737-824,B738,UA1027,Denver International Airport,DEN,Denver,United States,General Edward Lawrence Logan International Airport,BOS,Boston,United States,1520,3.44,2026-12-09,02:16 AM
United Airlines,Boeing 777-222,B772,UA2034,George Bush Intcntl/Houston Airport,IAH,Houston,United States,San Francisco International Airport,SFO,San Francisco,United States,1419,3.23,2026-12-09,02:42 AM
United Airlines,Boeing 757-224,B752,UA2307,Denver International Airport,DEN,Denver,United States,Lihue Airport,LIH,Lihue,United States,2963,6.5,2026-12-09,02:42 AM
American Airlines,Airbus A320-214,A320,AA2900,John Glenn Columbus International Airport,CMH,Columbus,United States,Phoenix Sky Harbor International Airport,PHX,Phoenix,United States,1449,3.29,2026-12-09,02:52 AM
Spirit Airlines,Airbus A320-271N,A20N,NK3790,Detroit Metro Wayne County Airport,DTW,Detroit,United States,Harry Reid International Airport,LAS,Las Vegas,United States,1516,3.43,2026-03-09,03:14 AM
American Airlines,Airbus A321-211,A321,AA2031,Charlotte/Douglas International Airport,CLT,Charlotte,United States,Laguardia Airport,LGA,New York,United States,473,1.22,2026-12-09,03:43 AM
United Airlines,Boeing 737 MAX 8,B38M,UA407,Newark Liberty International Airport,EWR,Newark,United States,Harry Reid International Airport,LAS,Las Vegas,United States,1931,4.31,2026-12-09,03:49 AM
United Airlines,Boeing 757-224,B752,UA755,Washington Dulles International Airport,IAD,Washington,United States,General Edward Lawrence Logan International Airport,BOS,Boston,United States,361,0.98,2026-12-09,04:20 AM
United Airlines,Boeing 737-824,B738,UA1317,Denver International Airport,DEN,Denver,United States,Austin-Bergstrom International Airport,AUS,Austin,United States,674,1.65,2026-12-09,04:22 AM
Spirit Airlines,Airbus A320-271N,A20N,NK3175,Miami International Airport,MIA,Miami,United States,Dallas-Fort Worth International Airport,DFW,Dallas-Fort Worth,United States,973,2.28,2026-12-09,04:41 AM
United Airlines,Boeing 787-8 Dreamliner,B788,UA915,Washington Dulles International Airport,IAD,Washington,United States,Charles de Gaulle International Airport,CDG,Paris,France,3350,7.32,2026-12-09,05:15 AM
American Airlines,Boeing 737-823,B738,AA2151,Chicago O'Hare International Airport,ORD,Chicago,United States,San Francisco International Airport,SFO,San Francisco,United States,1600,3.61,2026-03-09,05:50 AM
American Airlines,Boeing 777-223(ER),B772,AA704,Charlotte/Douglas International Airport,CLT,Charlotte,United States,Frankfurt am Main International Airport,FRA,Frankfurt am Main,Germany,3811,8.3,2026-12-09,06:20 AM
United Airlines,Boeing 787-10 Dreamliner,B78X,UA3774,Harry Reid International Airport,LAS,Las Vegas,United States,Los Angeles International Airport,LAX,Los Angeles,United States,205,0.65,2026-12-09,06:26 AM
Spirit Airlines,Airbus A320-271N,A20N,NK330,Chicago O'Hare International Airport,ORD,Chicago,United States,Harry Reid International Airport,LAS,Las Vegas,United States,1313,3,2026-12-09,06:41 AM
United Airlines,Boeing 777-224(ER),B772,UA830,Sydney Kingsford Smith International Airport,SYD,Sydney,Australia,San Francisco International Airport,SFO,San Francisco,United States,6452,13.9,2026-12-09,12:15 PM
United Airlines,Boeing 787-10 Dreamliner,B78X,UA38,Tokyo International Airport,HND,Tokyo,Japan,Los Angeles International Airport,LAX,Los Angeles,United States,4758,10.31,2026-12-09,05:18 PM
United Airlines,Boeing 787-9 Dreamliner,B789,UA3021,O. R. Tambo International Airport,JNB,Johannesburg,South Africa,Newark Liberty International Airport,EWR,Newark,United States,6946,14.94,2026-12-09,11:22 PM
United Airlines,Boeing 737-824,B738,UA1300,Denver International Airport,DEN,Denver,United States,San Francisco International Airport,SFO,San Francisco,United States,838,2,2026-03-10,12:13 AM
United Airlines,Boeing 737-824,B738,UA755,Phoenix Sky Harbor International Airport,PHX,Phoenix,United States,Washington Dulles International Airport,IAD,Washington,United States,1694,3.81,2026-12-10,12:14 AM
United Airlines,Boeing 737-724,B737,UA1559,John Wayne/Orange County Airport,SNA,Santa Ana,United States,Newark Liberty International Airport,EWR,Newark,United States,2110,4.69,2026-12-10,12:17 AM
United Airlines,Airbus A319-132,A319,UA2407,Raleigh-Durham International Airport,RDU,Raleigh/Durham,United States,George Bush Intcntl/Houston Airport,IAH,Houston,United States,905,2.14,2026-12-10,12:17 AM
United Airlines,Boeing 737-824,B738,UA2472,George Bush Intcntl/Houston Airport,IAH,Houston,United States,Ronald Reagan Washington Ntl Airport,DCA,Washington,United States,1048,2.44,2026-01-10,12:18 AM
United Airlines,Boeing 737-824,B738,UA1281,Denver International Airport,DEN,Denver,United States,San Diego International Airport,SAN,San Diego,United States,740,1.79,2026-12-10,12:18 AM
American Airlines,Boeing 737-823,B738,AA2753,Dallas-Fort Worth International Airport,DFW,Dallas-Fort Worth,United States,Chicago O'Hare International Airport,ORD,Chicago,United States,697,1.7,2026-12-10,12:26 AM
Spirit Airlines,Airbus A320-232,A320,NK523,Ramon Villeda Morales International Airport,SAP,La Mesa,Honduras,George Bush Intcntl/Houston Airport,IAH,Houston,United States,964,2.26,2026-12-10,12:27 AM
American Airlines,Boeing 737-823,B738,AA1985,Miami International Airport,MIA,Miami,United States,Ronald Reagan Washington Ntl Airport,DCA,Washington,United States,801,1.92,2026-12-10,12:32 AM
United Airlines,Boeing 737-824,B738,UA1226,Phoenix Sky Harbor International Airport,PHX,Phoenix,United States,Denver International Airport,DEN,Denver,United States,523,1.33,2026-12-10,12:38 AM
United Airlines,Boeing 787-8 Dreamliner,B788,UA468,San Francisco International Airport,SFO,San Francisco,United States,Chicago O'Hare International Airport,ORD,Chicago,United States,1600,3.61,2026-12-10,12:38 AM
American Airlines,Boeing 737-823,B738,AA2541,Miami International Airport,MIA,Miami,United States,George Bush Intcntl/Houston Airport,IAH,Houston,United States,837,1.99,2026-12-10,12:39 AM
American Airlines,Boeing 737-823,B738,AA2465,John Wayne/Orange County Airport,SNA,Santa Ana,United States,Dallas-Fort Worth International Airport,DFW,Dallas-Fort Worth,United States,1045,2.43,2026-12-10,12:41 AM
American Airlines,Boeing 737 MAX 8,B38M,AA1388,Phoenix Sky Harbor International Airport,PHX,Phoenix,United States,John F Kennedy International Airport,JFK,New York,United States,1867,4.18,2026-12-10,12:43 AM
American Airlines,Boeing 737-823,B738,AA2867,Miami International Airport,MIA,Miami,United States,Raleigh-Durham International Airport,RDU,Raleigh/Durham,United States,610,1.51,2026-12-10,12:43 AM
American Airlines,Boeing 737-823,B738,AA2271,Miami International Airport,MIA,Miami,United States,Laguardia Airport,LGA,New York,United States,955,2.24,2026-12-10,01:08 AM
American Airlines,Airbus A320-232,A320,AA1835,General Mitchell International Airport,MKE,Milwaukee,United States,Phoenix Sky Harbor International Airport,PHX,Phoenix,United States,1267,2.91,2026-12-10,01:11 AM
American Airlines,Boeing 777-223(ER),B772,AA716,Charlotte/Douglas International Airport,CLT,Charlotte,United States,Munich International Airport,MUC,Munich,Germany,3969,8.63,2026-12-10,01:15 AM
United Airlines,Boeing 777-222(ER),B772,UA548,Newark Liberty International Airport,EWR,Newark,United States,San Francisco International Airport,SFO,San Francisco,United States,2224,4.93,2026-12-10,01:19 AM
American Airlines,Boeing 737-823,B738,AA3163,Miami International Airport,MIA,Miami,United States,Philadelphia International Airport,PHL,Philadelphia,United States,882,2.09,2026-12-10,01:29 AM
American Airlines,Boeing 737-823,B738,AA3219,Indianapolis International Airport,IND,Indianapolis,United States,Los Angeles International Airport,LAX,Los Angeles,United States,1573,3.55,2026-12-10,02:00 AM
United Airlines,Airbus A319-132,A319,UA1015,George Bush Intcntl/Houston Airport,IAH,Houston,United States,Laguardia Airport,LGA,New York,United States,1230,2.83,2026-12-10,02:03 AM
Spirit Airlines,Airbus A320-232,A320,NK225,Baltimore/Washington International Thurgood Marshall Airport,BWI,Baltimore,United States,George Bush Intcntl/Houston Airport,IAH,Houston,United States,1072,2.49,2026-12-10,02:25 AM
United Airlines,Boeing 737-824,B738,UA1691,Los Angeles International Airport,LAX,Los Angeles,United States,San Francisco International Airport,SFO,San Francisco,United States,293,0.84,2026-12-10,03:15 AM
United Airlines,Airbus A319-131,A319,UA516,Chicago O'Hare International Airport,ORD,Chicago,United States,Dallas-Fort Worth International Airport,DFW,Dallas-Fort Worth,United States,697,1.7,2026-08-10,03:22 AM
United Airlines,Boeing 777-224(ER),B772,UA1724,Newark Liberty International Airport,EWR,Newark,United States,San Francisco International Airport,SFO,San Francisco,United States,2224,4.93,2026-12-10,03:32 AM
American Airlines,Boeing 777-223(ER),B772,AA748,Charlotte/Douglas International Airport,CLT,Charlotte,United States,Madrid Barajas International Airport,MAD,Madrid,Spain,3562,7.77,2026-12-10,03:40 AM
United Airlines,Boeing 737-824,B738,UA2382,Washington Dulles International Airport,IAD,Washington,United States,Raleigh-Durham International Airport,RDU,Raleigh/Durham,United States,192,0.63,2026-12-10,03:41 AM
American Airlines,Boeing 737-823,B738,AA1551,Miami International Airport,MIA,Miami,United States,Memphis International Airport,MEM,Memphis,United States,747,1.8,2026-12-10,03:43 AM
United Airlines,Boeing 757-224,B752,UA1997,Washington Dulles International Airport,IAD,Washington,United States,Newark Liberty International Airport,EWR,Newark,United States,188,0.62,2026-12-10,03:45 AM
Spirit Airlines,Airbus A320-232,A320,NK3175,Miami International Airport,MIA,Miami,United States,Dallas-Fort Worth International Airport,DFW,Dallas-Fort Worth,United States,973,2.28,2026-12-10,04:00 AM
United Airlines,Boeing 787-9 Dreamliner,B789,UA2276,Washington Dulles International Airport,IAD,Washington,United States,Los Angeles International Airport,LAX,Los Angeles,United States,1982,4.42,2026-12-10,04:06 AM
United Airlines,Boeing 737 MAX 8,B38M,UA483,Nashville International Airport,BNA,Nashville,United States,San Francisco International Airport,SFO,San Francisco,United States,1707,3.84,2026-12-10,04:07 AM
Spirit Airlines,Airbus A320-271N,A20N,NK837,Hartsfield - Jackson Atlanta International Airport,ATL,Atlanta,United States,Dallas-Fort Worth International Airport,DFW,Dallas-Fort Worth,United States,634,1.56,2026-12-10,04:07 AM
United Airlines,Boeing 737-824,B738,UA1593,Denver International Airport,DEN,Denver,United States,City Of Colorado Springs Municipal Airport,COS,Colorado Springs,United States,63,0.35,2026-12-10,04:23 AM
Spirit Airlines,Airbus A320-271N,A20N,NK3397,Orlando International Airport,MCO,Orlando,United States,Luis Munoz Marin International Airport,SJU,San Juan,Puerto Rico,1033,2.41,2026-01-10,04:25 AM
Spirit Airlines,Airbus A320-271N,A20N,NK305,Los Angeles International Airport,LAX,Los Angeles,United States,Kansas City International Airport,MCI,Kansas City,United States,1182,2.72,2026-12-10,04:37 AM
American Airlines,Boeing 737-823,B738,AA542,Dallas-Fort Worth International Airport,DFW,Dallas-Fort Worth,United States,Raleigh-Durham International Airport,RDU,Raleigh/Durham,United States,920,2.17,2026-12-10,04:39 AM
Spirit Airlines,Airbus A320-232,A320,NK1726,Detroit Metro Wayne County Airport,DTW,Detroit,United States,Harry Reid International Airport,LAS,Las Vegas,United States,1516,3.43,2026-12-10,04:54 AM
American Airlines,Airbus A320-232,A320,AA1559,Chicago O'Hare International Airport,ORD,Chicago,United States,Dallas-Fort Worth International Airport,DFW,Dallas-Fort Worth,United States,697,1.7,2026-12-10,04:57 AM
American Airlines,Airbus A319-132,A319,AA1724,Phoenix Sky Harbor International Airport,PHX,Phoenix,United States,Eppley Airfield,OMA,Omaha,United States,900,2.13,2026-12-10,05:11 AM
Spirit Airlines,Airbus A320-232,A320,NK891,Harry Reid International Airport,LAS,Las Vegas,United States,John Wayne/Orange County Airport,SNA,Santa Ana,United States,197,0.64,2026-05-10,05:41 AM
American Airlines,Boeing 787-8 Dreamliner,B788,AA82,Auckland International Airport,AKL,Auckland,New Zealand,Los Angeles International Airport,LAX,Los Angeles,United States,5662,12.22,2026-12-10,06:53 AM
American Airlines,Boeing 737 MAX 8,B38M,AA2054,Phoenix Sky Harbor International Airport,PHX,Phoenix,United States,Miami International Airport,MIA,Miami,United States,1711,3.85,2026-12-10,09:07 AM
United Airlines,Boeing 777-222,B772,UA476,San Francisco International Airport,SFO,San Francisco,United States,Chicago O'Hare International Airport,ORD,Chicago,United States,1600,3.61,2026-12-10,09:07 AM
Spirit Airlines,Airbus A320-232,A320,NK1032,El Salvador International Airport,SAL,Santa Clara,El Salvador,Fort Lauderdale/Hollywood International Airport,FLL,Fort Lauderdale,United States,909,2.15,2026-12-10,09:28 AM
United Airlines,Boeing 777-224(ER),B772,UA396,San Francisco International Airport,SFO,San Francisco,United States,Newark Liberty International Airport,EWR,Newark,United States,2224,4.93,2026-12-10,09:36 AM
United Airlines,Boeing 737 MAX 8,B38M,UA203,Sacramento International Airport,SMF,Sacramento,United States,Newark Liberty International Airport,EWR,Newark,United States,2167,4.81,2026-12-10,09:42 AM
United Airlines,Boeing 777-222,B772,UA2622,Los Angeles International Airport,LAX,Los Angeles,United States,Chicago O'Hare International Airport,ORD,Chicago,United States,1513,3.43,2026-07-10,10:12 AM
United Airlines,Boeing 737 MAX 9,B39M,UA1375,Phoenix Sky Harbor International Airport,PHX,Phoenix,United States,Newark Liberty International Airport,EWR,Newark,United States,1850,4.14,2026-12-10,10:22 AM
American Airlines,Boeing 737-823,B738,AA3190,Phoenix Sky Harbor International Airport,PHX,Phoenix,United States,Chicago O'Hare International Airport,ORD,Chicago,United States,1249,2.87,2026-12-10,10:23 AM
Spirit Airlines,Airbus A320-232,A320,NK393,Los Angeles International Airport,LAX,Los Angeles,United States,Newark Liberty International Airport,EWR,Newark,United States,2128,4.73,2026-12-10,10:24 AM
American Airlines,Boeing 737-823,B738,AA3208,Harry Reid International Airport,LAS,Las Vegas,United States,Chicago O'Hare International Airport,ORD,Chicago,United States,1313,3,2026-12-10,10:29 AM
United Airlines,Boeing 787-10 Dreamliner,B78X,UA1602,Los Angeles International Airport,LAX,Los Angeles,United States,Newark Liberty International Airport,EWR,Newark,United States,2128,4.73,2026-12-10,10:33 AM
American Airlines,Airbus A321-253NX,A21N,AA2891,Sacramento International Airport,SMF,Sacramento,United States,Miami International Airport,MIA,Miami,United States,2214,4.91,2026-12-10,10:48 AM
American Airlines,Airbus A321-253N,A21N,AA1093,Harry Reid International Airport,LAS,Las Vegas,United States,Miami International Airport,MIA,Miami,United States,1887,4.22,2026-12-10,11:30 AM
United Airlines,Boeing 757-224,B752,UA1288,San Francisco International Airport,SFO,San Francisco,United States,Newark Liberty International Airport,EWR,Newark,United States,2224,4.93,2026-12-10,11:47 AM
United Airlines,Boeing 737 MAX 9,B39M,UA1772,Orlando International Airport,MCO,Orlando,United States,Denver International Airport,DEN,Denver,United States,1343,3.07,2026-12-10,01:12 PM
American Airlines,Airbus A321-231,A321,AA179,John F Kennedy International Airport,JFK,New York,United States,San Francisco International Airport,SFO,San Francisco,United States,2242,4.97,2026-12-10,01:19 PM
Spirit Airlines,Airbus A320-271N,A20N,NK3393,Detroit Metro Wayne County Airport,DTW,Detroit,United States,Laguardia Airport,LGA,New York,United States,435,1.14,2026-12-10,01:32 PM
American Airlines,Airbus A321-253NX,A21N,AA1975,Ronald Reagan Washington Ntl Airport,DCA,Washington,United States,Harry Reid International Airport,LAS,Las Vegas,United States,1811,4.06,2026-12-10,01:33 PM
American Airlines,Boeing 737-823,B738,AA1627,Miami International Airport,MIA,Miami,United States,Ronald Reagan Washington Ntl Airport,DCA,Washington,United States,801,1.92,2026-12-10,01:41 PM
United Airlines,Boeing 737 MAX 8,B38M,UA1125,Raleigh-Durham International Airport,RDU,Raleigh/Durham,United States,Denver International Airport,DEN,Denver,United States,1245,2.86,2026-12-10,01:42 PM
United Airlines,Boeing 737 MAX 9,B39M,UA1330,Newark Liberty International Airport,EWR,Newark,United States,Seattle-Tacoma International Airport,SEA,Seattle,United States,2082,4.63,2026-12-10,02:07 PM
American Airlines,Boeing 787-8 Dreamliner,B788,AA3030,Miami International Airport,MIA,Miami,United States,John F Kennedy International Airport,JFK,New York,United States,949,2.23,2026-12-10,02:13 PM
United Airlines,Boeing 737 MAX 8,B38M,UA1443,Washington Dulles International Airport,IAD,Washington,United States,Cyril E King Airport,STT,Charlotte Amalie,Virgin Islands Us,1397,3.18,2026-12-10,02:29 PM
American Airlines,Boeing 737 MAX 8,B38M,AA1145,Miami International Airport,MIA,Miami,United States,El Dorado International Airport,BOG,Bogota,Colombia,1315,3.01,2026-12-10,02:30 PM
Spirit Airlines,Airbus A320-232,A320,NK905,Philadelphia International Airport,PHL,Philadelphia,United States,Harry Reid International Airport,LAS,Las Vegas,United States,1887,4.22,2026-12-10,03:12 PM
American Airlines,Airbus A321-211,A321,AA1935,Charlotte/Douglas International Airport,CLT,Charlotte,United States,Southwest Florida International Airport,RSW,Fort Myers,United States,525,1.33,2026-12-10,03:17 PM
Spirit Airlines,Airbus A320-271N,A20N,NK206,Charlotte/Douglas International Airport,CLT,Charlotte,United States,Laguardia Airport,LGA,New York,United States,473,1.22,2026-12-10,03:21 PM
United Airlines,Boeing 737-932(ER),B739,UA2641,Newark Liberty International Airport,EWR,Newark,United States,Hartsfield - Jackson Atlanta International Airport,ATL,Atlanta,United States,648,1.59,2026-12-10,03:33 PM
United Airlines,Boeing 737 MAX 8,B38M,UA500,Indianapolis International Airport,IND,Indianapolis,United States,San Francisco International Airport,SFO,San Francisco,United States,1685,3.79,2026-05-10,03:55 PM
United Airlines,Boeing 737 MAX 9,B39M,UA1982,Miami International Airport,MIA,Miami,United States,San Francisco International Airport,SFO,San Francisco,United States,2243,4.97,2026-08-10,03:58 PM
American Airlines,Boeing 777-223(ER),B772,AA142,John F Kennedy International Airport,JFK,New York,United States,London Heathrow Airport,LHR,London,United Kingdom,2991,6.56,2026-07-10,04:02 PM
American Airlines,Boeing 787-9 Dreamliner,B789,AA9601,Brisbane International Airport,BNE,Brisbane,Australia,Dallas-Fort Worth International Airport,DFW,Dallas-Fort Worth,United States,7216,15.52,2026-12-10,04:02 PM
American Airlines,Airbus A321-253NX,A21N,AA1417,Philadelphia International Airport,PHL,Philadelphia,United States,Phoenix Sky Harbor International Airport,PHX,Phoenix,United States,1800,4.04,2026-12-10,04:10 PM
American Airlines,Boeing 737 MAX 8,B38M,AA605,Miami International Airport,MIA,Miami,United States,Laguardia Airport,LGA,New York,United States,955,2.24,2026-03-10,04:12 PM
United Airlines,Boeing 737 MAX 9,B39M,UA1996,Chicago O'Hare International Airport,ORD,Chicago,United States,Luis Munoz Marin International Airport,SJU,San Juan,Puerto Rico,1802,4.04,2026-12-10,04:17 PM
United Airlines,Boeing 737-824,B738,UA192,Ninoy Aquino International Airport,MNL,Manila,Philippines,Palau International Airport,ROR,Babelthuap Island,Palau,901,2.13,2026-12-10,05:05 PM
American Airlines,Boeing 737 MAX 8,B38M,AA3121,Piarco International Airport,POS,Port of Spain,Trinidad And Tobago,Miami International Airport,MIA,Miami,United States,1411,3.21,2026-06-20,02:31 PM
Spirit Airlines,Airbus A320-271N,A20N,NK2534,Luis Munoz Marin International Airport,SJU,San Juan,Puerto Rico,Chicago O'Hare International Airport,ORD,Chicago,United States,1802,4.04,2026-06-20,04:30 PM
American Airlines,Airbus A319-112,A319,AA2381,Dallas-Fort Worth International Airport,DFW,Dallas-Fort Worth,United States,Savannah/Hilton Head International Airport,SAV,Savannah,United States,802,1.92,2026-06-20,05:18 PM
American Airlines,Boeing 737 MAX 8,B38M,AA2579,Miami International Airport,MIA,Miami,United States,V.C. Bird International Airport,ANU,St. George,Antigua And Barbuda,1155,2.67,2026-06-20,06:07 PM
United Airlines,Airbus A319-132,A319,UA537,George Bush Intcntl/Houston Airport,IAH,Houston,United States,Calgary International Airport,YYC,Calgary,Canada,1519,3.44,2026-06-20,06:26 PM
American Airlines,Boeing 737 MAX 8,B38M,AA2422,Miami International Airport,MIA,Miami,United States,Cancun International Airport,CUN,Cancun,Mexico,462,1.2,2026-06-20,06:37 PM
American Airlines,Airbus A320-232,A320,AA2468,Dallas-Fort Worth International Airport,DFW,Dallas-Fort Worth,United States,Xoxocotlan International Airport,OAX,Oaxaca,Mexico,955,2.24,2026-06-20,06:48 PM
United Airlines,Boeing 737 MAX 8,B38M,UA2313,Juan Santamaria International Airport,SJO,San Jose,Costa Rica,San Francisco International Airport,SFO,San Francisco,United States,2642,5.82,2026-06-20,07:45 PM
American Airlines,Boeing 737-823,B738,AA1830,Don Miguel Hidalgo Y Costilla International Airport,GDL,Guadalajara,Mexico,Dallas-Fort Worth International Airport,DFW,Dallas-Fort Worth,United States,815,1.95,2026-06-20,08:02 PM
United Airlines,Boeing 777-222(ER),B772,UA3893,Daniel K Inouye International Airport,HNL,Honolulu,United States,Xiamen Gaoqi International Airport,XMN,Xiamen,China,4569,9.91,2026-06-21,12:34 AM
American Airlines,Boeing 787-8 Dreamliner,B788,AA906,Guarulhos - Governador Andre Franco Montoro International Airport,GRU,Sao Paulo,Brazil,Miami International Airport,MIA,Miami,United States,3550,7.75,2026-05-21,06:37 AM
United Airlines,Boeing 777-224(ER),B772,UA870,Sydney Kingsford Smith International Airport,SYD,Sydney,Australia,San Francisco International Airport,SFO,San Francisco,United States,6452,13.9,2026-06-21,10:25 AM
United Airlines,Boeing 787-10 Dreamliner,B78X,UA416,Chicago O'Hare International Airport,ORD,Chicago,United States,Malpensa International Airport,MXP,Milan,Italy,3920,8.53,2026-06-21,01:12 PM
United Airlines,Boeing 787-8 Dreamliner,B788,UA109,Munich International Airport,MUC,Munich,Germany,Washington Dulles International Airport,IAD,Washington,United States,3698,8.06,2026-06-21,01:47 PM
United Airlines,Boeing 787-8 Dreamliner,B788,UA983,Eleftherios Venizelos International Airport,ATH,Athens,Greece,Washington Dulles International Airport,IAD,Washington,United States,4484,9.73,2026-06-21,01:50 PM
American Airlines,Boeing 787-8 Dreamliner,B788,AA715,Venezia / Tessera -  Marco Polo Airport,VCE,Venezia,Italy,Philadelphia International Airport,PHL,Philadelphia,United States,3682,8.02,2026-06-21,07:07 PM
American Airlines,Boeing 787-8 Dreamliner,B788,AA3060,Miami International Airport,MIA,Miami,United States,Philadelphia International Airport,PHL,Philadelphia,United States,882,2.09,2026-06-21,11:48 PM
American Airlines,Boeing 737-823,B738,AA2343,San Diego International Airport,SAN,San Diego,United States,Chicago O'Hare International Airport,ORD,Chicago,United States,1494,3.39,2026-06-21,11:48 PM
American Airlines,Boeing 737-823,B738,AA627,Chicago O'Hare International Airport,ORD,Chicago,United States,Charlotte/Douglas International Airport,CLT,Charlotte,United States,521,1.32,2026-06-21,11:51 PM
United Airlines,Boeing 737-724,B737,UA1625,Chicago O'Hare International Airport,ORD,Chicago,United States,Eagle County Regional Airport,EGE,Eagle,United States,873,2.07,2026-06-21,11:52 PM
Spirit Airlines,Airbus A320-232,A320,NK2821,Indianapolis International Airport,IND,Indianapolis,United States,Orlando International Airport,MCO,Orlando,United States,721,1.75,2026-06-21,11:57 PM
United Airlines,Boeing 767-322(ER),B763,UA964,Newark Liberty International Airport,EWR,Newark,United States,Napoli / Capodichino International Airport,NAP,Napoli,Italy,3828,8.33,2026-06-22,12:11 AM
United Airlines,Boeing 737 MAX 8,B38M,UA2208,Cyril E King Airport,STT,Charlotte Amalie,Virgin Islands Us,George Bush Intcntl/Houston Airport,IAH,Houston,United States,1797,4.03,2026-06-22,12:11 AM
American Airlines,Boeing 787-8 Dreamliner,B788,AA2973,Dallas-Fort Worth International Airport,DFW,Dallas-Fort Worth,United States,Philadelphia International Airport,PHL,Philadelphia,United States,1130,2.61,2026-06-22,12:23 AM
United Airlines,Airbus A320-232,A320,UA597,Denver International Airport,DEN,Denver,United States,General Edward Lawrence Logan International Airport,BOS,Boston,United States,1520,3.44,2026-06-22,12:30 AM
Spirit Airlines,Airbus A320-232,A320,NK2811,Fort Lauderdale/Hollywood International Airport,FLL,Fort Lauderdale,United States,John Glenn Columbus International Airport,CMH,Columbus,United States,847,2.01,2026-06-22,12:48 AM
Spirit Airlines,Airbus A320-232,A320,NK1049,Punta Cana International Airport,PUJ,Punta Cana,Dominican Republic,Fort Lauderdale/Hollywood International Airport,FLL,Fort Lauderdale,United States,794,1.9,2026-06-22,12:50 AM
Spirit Airlines,Airbus A320-271N,A20N,NK2865,Charlotte/Douglas International Airport,CLT,Charlotte,United States,Los Angeles International Airport,LAX,Los Angeles,United States,1842,4.12,2026-06-22,01:05 AM
United Airlines,Boeing 737-724,B737,UA1788,George Bush Intcntl/Houston Airport,IAH,Houston,United States,Washington Dulles International Airport,IAD,Washington,United States,1030,2.4,2026-06-22,01:05 AM
American Airlines,Airbus A319-132,A319,AA310,Gerald R Ford International Airport,GRR,Grand Rapids,United States,Dallas-Fort Worth International Airport,DFW,Dallas-Fort Worth,United States,809,1.93,2026-06-22,01:14 AM
American Airlines,Boeing 737-823,B738,AA472,Dallas-Fort Worth International Airport,DFW,Dallas-Fort Worth,United States,Ronald Reagan Washington Ntl Airport,DCA,Washington,United States,1034,2.41,2026-06-22,01:26 AM
American Airlines,Boeing 787-8 Dreamliner,B788,AA220,Dallas-Fort Worth International Airport,DFW,Dallas-Fort Worth,United States,Amsterdam Airport Schiphol,AMS,Amsterdam,Netherlands,4266,9.26,2026-06-22,01:30 AM
United Airlines,Boeing 737-824,B738,UA653,Sangster International Airport,MBJ,Montego Bay,Jamaica,Washington Dulles International Airport,IAD,Washington,United States,1225,2.82,2026-06-22,01:34 AM
United Airlines,Boeing 737 MAX 9,B39M,UA389,Sir Grantley Adams International Airport,BGI,Bridgetown,Barbados,Newark Liberty International Airport,EWR,Newark,United States,1829,4.1,2026-06-22,01:37 AM
United Airlines,Boeing 757-224,B752,UA1981,Los Angeles International Airport,LAX,Los Angeles,United States,Newark Liberty International Airport,EWR,Newark,United States,2128,4.73,2026-06-22,01:45 AM
Spirit Airlines,Airbus A320-271N,A20N,NK3704,Fort Lauderdale/Hollywood International Airport,FLL,Fort Lauderdale,United States,San Antonio International Airport,SAT,San Antonio,United States,994,2.33,2026-03-22,01:52 AM
American Airlines,Airbus A319-112,A319,AA2386,Wilmington International Airport,ILM,Wilmington,United States,Chicago O'Hare International Airport,ORD,Chicago,United States,660,1.62,2026-06-22,02:07 AM
American Airlines,Airbus A320-232,A320,AA1284,Licenciado Gustavo Diaz Ordaz International Airport,PVR,Puerto Vallarta,Mexico,Phoenix Sky Harbor International Airport,PHX,Phoenix,United States,846,2.01,2026-06-22,02:20 AM
United Airlines,Boeing 737-724,B737,UA2005,Chicago O'Hare International Airport,ORD,Chicago,United States,Mc Ghee Tyson Airport,TYS,Knoxville,United States,413,1.09,2026-05-22,03:37 AM
American Airlines,Boeing 737-823,B738,AA1564,Licenciado Gustavo Diaz Ordaz International Airport,PVR,Puerto Vallarta,Mexico,Los Angeles International Airport,LAX,Los Angeles,United States,1059,2.46,2026-01-22,03:41 AM
American Airlines,Boeing 737-823,B738,AA2752,Dallas-Fort Worth International Airport,DFW,Dallas-Fort Worth,United States,Ronald Reagan Washington Ntl Airport,DCA,Washington,United States,1034,2.41,2026-06-22,03:52 AM
United Airlines,Boeing 737 MAX 9,B39M,UA2038,Newark Liberty International Airport,EWR,Newark,United States,Nashville International Airport,BNA,Nashville,United States,648,1.59,2026-06-22,04:14 AM
American Airlines,Boeing 787-8 Dreamliner,B788,AA110,Chicago O'Hare International Airport,ORD,Chicago,United States,Leonardo Da Vinci (Fiumicino) International Airport,FCO,Rome,Italy,4181,9.08,2026-06-22,04:25 AM
Spirit Airlines,Airbus A320-271N,A20N,NK2379,George Bush Intcntl/Houston Airport,IAH,Houston,United States,Harry Reid International Airport,LAS,Las Vegas,United States,1060,2.47,2026-06-22,04:43 AM
Spirit Airlines,Airbus A320-271N,A20N,NK2380,Harry Reid International Airport,LAS,Las Vegas,United States,George Bush Intcntl/Houston Airport,IAH,Houston,United States,1060,2.47,2026-06-22,04:58 AM
American Airlines,Boeing 737-823,B738,AA2392,Charlotte/Douglas International Airport,CLT,Charlotte,United States,Memphis International Airport,MEM,Memphis,United States,443,1.16,2026-06-22,05:02 AM
American Airlines,Boeing 737-823,B738,AA766,Dallas-Fort Worth International Airport,DFW,Dallas-Fort Worth,United States,Indianapolis International Airport,IND,Indianapolis,United States,661,1.62,2026-06-22,05:07 AM
United Airlines,Boeing 757-224,B752,UA633,Newark Liberty International Airport,EWR,Newark,United States,Bilbao Airport,BIO,Bilbao,Spain,3084,6.76,2026-06-22,05:11 AM
American Airlines,Boeing 787-9 Dreamliner,B789,AA98,Chicago O'Hare International Airport,ORD,Chicago,United States,London Heathrow Airport,LHR,London,United Kingdom,3426,7.48,2026-02-22,05:33 AM
United Airlines,Boeing 787-10 Dreamliner,B78X,UA124,Newark Liberty International Airport,EWR,Newark,United States,Eleftherios Venizelos International Airport,ATH,Athens,Greece,4296,9.33,2026-06-22,05:53 AM
United Airlines,Boeing 737 MAX 8,B38M,UA1566,Washington Dulles International Airport,IAD,Washington,United States,Licenciado Benito Juarez International Airport,MEX,Mexico City,Mexico,1618,3.65,2026-07-22,05:59 AM
United Airlines,Airbus A319-131,A319,UA1420,George Bush Intcntl/Houston Airport,IAH,Houston,United States,Portland International Airport,PDX,Portland,United States,1584,3.58,2026-06-22,06:12 AM
American Airlines,Boeing 737-823,B738,AA2600,Chicago O'Hare International Airport,ORD,Chicago,United States,Dallas-Fort Worth International Airport,DFW,Dallas-Fort Worth,United States,697,1.7,2026-06-22,06:36 AM
American Airlines,Airbus A319-112,A319,AA2923,Chicago O'Hare International Airport,ORD,Chicago,United States,Cleveland-Hopkins International Airport,CLE,Cleveland,United States,273,0.8,2026-06-22,06:55 AM
American Airlines,Boeing 777-223(ER),B772,AA931,Miami International Airport,MIA,Miami,United States,Ministro Pistarini International Airport,EZE,Ezeiza,Argentina,3844,8.37,2026-06-22,08:08 AM
United Airlines,Boeing 787-8 Dreamliner,B788,UA769,Chicago O'Hare International Airport,ORD,Chicago,United States,Barcelona International Airport,BCN,Barcelona,Spain,3830,8.34,2026-06-22,09:37 AM
United Airlines,Boeing 777-222,B772,UA394,Daniel K Inouye International Airport,HNL,Honolulu,United States,George Bush Intcntl/Houston Airport,IAH,Houston,United States,3387,7.4,2026-06-22,10:01 AM
Spirit Airlines,Airbus A320-271N,A20N,NK2573,Harry Reid International Airport,LAS,Las Vegas,United States,Hartsfield - Jackson Atlanta International Airport,ATL,Atlanta,United States,1515,3.43,2026-06-22,10:14 AM
Spirit Airlines,Airbus A320-271N,A20N,NK2705,Harry Reid International Airport,LAS,Las Vegas,United States,San Antonio International Airport,SAT,San Antonio,United States,927,2.18,2026-06-22,10:53 AM
United Airlines,Boeing 777-222,B772,UA1731,Ellison Onizuka Kona International At Keahole Airport,KOA,Kailua/Kona,United States,Denver International Airport,DEN,Denver,United States,2889,6.34,2026-06-22,10:59 AM
American Airlines,Boeing 787-8 Dreamliner,B788,AA126,Chicago O'Hare International Airport,ORD,Chicago,United States,Madrid Barajas International Airport,MAD,Madrid,Spain,3642,7.94,2026-03-22,11:15 AM
American Airlines,Boeing 787-8 Dreamliner,B788,AA180,Chicago O'Hare International Airport,ORD,Chicago,United States,Napoli / Capodichino International Airport,NAP,Napoli,Italy,4287,9.31,2026-06-22,11:59 AM
Spirit Airlines,Airbus A320-271N,A20N,NK2155,Baltimore/Washington International Thurgood Marshall Airport,BWI,Baltimore,United States,Fort Lauderdale/Hollywood International Airport,FLL,Fort Lauderdale,United States,806,1.93,2026-06-22,12:52 PM
Spirit Airlines,Airbus A320-271N,A20N,NK2023,Tampa International Airport,TPA,Tampa,United States,George Bush Intcntl/Houston Airport,IAH,Houston,United States,683,1.67,2026-06-22,12:59 PM
American Airlines,Boeing 737-823,B738,AA1554,Dallas-Fort Worth International Airport,DFW,Dallas-Fort Worth,United States,Cleveland-Hopkins International Airport,CLE,Cleveland,United States,886,2.1,2026-06-22,01:23 PM
American Airlines,Boeing 737-823,B738,AA2458,Chicago O'Hare International Airport,ORD,Chicago,United States,Southwest Florida International Airport,RSW,Fort Myers,United States,977,2.29,2026-06-22,01:25 PM
American Airlines,Boeing 787-9 Dreamliner,B789,AA719,Leonardo Da Vinci (Fiumicino) International Airport,FCO,Rome,Italy,Philadelphia International Airport,PHL,Philadelphia,United States,3789,8.25,2026-06-22,01:48 PM
American Airlines,Boeing 737-823,B738,AA3080,Chicago O'Hare International Airport,ORD,Chicago,United States,Harry Reid International Airport,LAS,Las Vegas,United States,1313,3,2026-06-22,01:57 PM
United Airlines,Boeing 737-824,B738,UA539,Hartsfield - Jackson Atlanta International Airport,ATL,Atlanta,United States,San Francisco International Airport,SFO,San Francisco,United States,1855,4.15,2026-01-22,01:58 PM
Spirit Airlines,Airbus A320-232,A320,NK2251,Nashville International Airport,BNA,Nashville,United States,Orlando International Airport,MCO,Orlando,United States,536,1.36,2026-06-22,02:00 PM
United Airlines,Boeing 737-824,B738,UA2412,Baltimore/Washington International Thurgood Marshall Airport,BWI,Baltimore,United States,Denver International Airport,DEN,Denver,United States,1292,2.96,2026-06-22,02:19 PM
United Airlines,Boeing 737 MAX 8,B38M,UA820,Licenciado Benito Juarez International Airport,MEX,Mexico City,Mexico,San Francisco International Airport,SFO,San Francisco,United States,1635,3.69,2026-06-22,02:44 PM
United Airlines,Boeing 787-9 Dreamliner,B789,UA114,Faa'a International Airport,PPT,Papeete,French Polynesia,San Francisco International Airport,SFO,San Francisco,United States,3652,7.96,2026-06-22,02:50 PM
American Airlines,Boeing 737 MAX 8,B38M,AA2017,John F Kennedy International Airport,JFK,New York,United States,Miami International Airport,MIA,Miami,United States,949,2.23,2026-01-22,02:52 PM
United Airlines,Boeing 737 MAX 8,B38M,UA1939,Baltimore/Washington International Thurgood Marshall Airport,BWI,Baltimore,United States,San Francisco International Airport,SFO,San Francisco,United States,2130,4.73,2026-06-22,02:58 PM
United Airlines,Boeing 737 MAX 8,B38M,UA2320,Newark Liberty International Airport,EWR,Newark,United States,Bozeman Yellowstone International Airport,BZN,Bozeman,United States,1631,3.68,2026-06-22,03:30 PM
United Airlines,Boeing 767-322(ER),B763,UA967,Napoli / Capodichino International Airport,NAP,Napoli,Italy,Newark Liberty International Airport,EWR,Newark,United States,3828,8.33,2026-06-22,03:32 PM
United Airlines,Boeing 737-824,B738,UA2009,George Bush Intcntl/Houston Airport,IAH,Houston,United States,Daniel Oduber Quiros International Airport,LIR,Liberia,Costa Rica,1287,2.95,2026-06-22,03:40 PM
American Airlines,Boeing 737 MAX 8,B38M,AA1801,Miami International Airport,MIA,Miami,United States,Newark Liberty International Airport,EWR,Newark,United States,945,2.22,2026-06-22,03:48 PM
Spirit Airlines,Airbus A320-271N,A20N,NK2531,Dallas-Fort Worth International Airport,DFW,Dallas-Fort Worth,United States,Luis Munoz Marin International Airport,SJU,San Juan,Puerto Rico,1880,4.2,2026-06-22,03:56 PM
United Airlines,Boeing 737 MAX 8,B38M,UA1259,Baltimore/Washington International Thurgood Marshall Airport,BWI,Baltimore,United States,San Francisco International Airport,SFO,San Francisco,United States,2130,4.73,2026-06-22,04:05 PM
United Airlines,Boeing 777-222,B772,UA2715,Washington Dulles International Airport,IAD,Washington,United States,Los Angeles International Airport,LAX,Los Angeles,United States,1982,4.42,2026-06-22,04:07 PM
Spirit Airlines,Airbus A320-271N,A20N,NK2511,Louis Armstrong New Orleans International Airport,MSY,New Orleans,United States,Harry Reid International Airport,LAS,Las Vegas,United States,1301,2.98,2026-03-22,04:08 PM
American Airlines,Boeing 777-223(ER),B772,AA333,Eleftherios Venizelos International Airport,ATH,Athens,Greece,John F Kennedy International Airport,JFK,New York,United States,4283,9.3,2026-06-22,04:20 PM
American Airlines,Boeing 737-823,B738,AA2049,Dallas-Fort Worth International Airport,DFW,Dallas-Fort Worth,United States,John F Kennedy International Airport,JFK,New York,United States,1207,2.78,2026-03-22,04:35 PM
American Airlines,Boeing 737-823,B738,AA1365,El Paso International Airport,ELP,El Paso,United States,Dallas-Fort Worth International Airport,DFW,Dallas-Fort Worth,United States,478,1.23,2026-06-22,05:02 PM
United Airlines,Boeing 757-224,B752,UA634,Bilbao Airport,BIO,Bilbao,Spain,Newark Liberty International Airport,EWR,Newark,United States,3084,6.76,2026-06-22,05:25 PM
American Airlines,Boeing 777-223(ER),B772,AA53,Leonardo Da Vinci (Fiumicino) International Airport,FCO,Rome,Italy,Miami International Airport,MIA,Miami,United States,4498,9.75,2026-06-22,05:26 PM
Spirit Airlines,Airbus A320-271N,A20N,NK2386,Harry Reid International Airport,LAS,Las Vegas,United States,Norman Y Mineta San Jose International Airport,SJC,San Jose,United States,335,0.93,2026-03-22,05:42 PM
United Airlines,Boeing 737 MAX 8,B38M,UA3871,San Francisco International Airport,SFO,San Francisco,United States,Newark Liberty International Airport,EWR,Newark,United States,2224,4.93,2026-06-22,10:35 PM
American Airlines,Boeing 737-823,B738,AA1772,San Luis Obispo County Regional Airport,SBP,San Luis Obispo,United States,Dallas-Fort Worth International Airport,DFW,Dallas-Fort Worth,United States,1178,2.72,2026-06-22,10:37 PM
United Airlines,Airbus A319-132,A319,UA750,Calgary International Airport,YYC,Calgary,Canada,George Bush Intcntl/Houston Airport,IAH,Houston,United States,1519,3.44,2026-01-22,10:39 PM
American Airlines,Boeing 737 MAX 8,B38M,AA2285,John Wayne/Orange County Airport,SNA,Santa Ana,United States,Chicago O'Hare International Airport,ORD,Chicago,United States,1497,3.39,2026-06-22,10:43 PM
United Airlines,Boeing 777-224(ER),B772,UA949,London Heathrow Airport,LHR,London,United Kingdom,San Francisco International Airport,SFO,San Francisco,United States,4652,10.08,2026-06-22,10:49 PM
United Airlines,Boeing 777-224(ER),B772,UA4,London Heathrow Airport,LHR,London,United Kingdom,George Bush Intcntl/Houston Airport,IAH,Houston,United States,4192,9.11,2026-06-22,10:54 PM
United Airlines,Boeing 787-10 Dreamliner,B78X,UA219,Chicago O'Hare International Airport,ORD,Chicago,United States,Daniel K Inouye International Airport,HNL,Honolulu,United States,3682,8.02,2026-06-22,11:00 PM
American Airlines,Boeing 737-823,B738,AA1003,Charlotte/Douglas International Airport,CLT,Charlotte,United States,Kansas City International Airport,MCI,Kansas City,United States,701,1.71,2026-06-22,11:07 PM
American Airlines,Airbus A319-132,A319,AA3246,Dallas-Fort Worth International Airport,DFW,Dallas-Fort Worth,United States,Savannah/Hilton Head International Airport,SAV,Savannah,United States,802,1.92,2026-06-22,11:26 PM
American Airlines,Boeing 737-823,B738,AA2067,Dallas-Fort Worth International Airport,DFW,Dallas-Fort Worth,United States,Richmond International Airport,RIC,Richmond,United States,1004,2.35,2026-06-22,11:26 PM
American Airlines,Boeing 737-823,B738,AA3092,Providenciales Airport,PLS,Providenciales Island,Turks And Caicos Islands,Dallas-Fort Worth International Airport,DFW,Dallas-Fort Worth,United States,1475,3.35,2026-06-22,11:30 PM
United Airlines,Boeing 787-9 Dreamliner,B789,UA3026,Newark Liberty International Airport,EWR,Newark,United States,Denver International Airport,DEN,Denver,United States,1391,3.17,2026-06-22,11:36 PM
American Airlines,Boeing 737 MAX 8,B38M,AA1501,Bozeman Yellowstone International Airport,BZN,Bozeman,United States,Chicago O'Hare International Airport,ORD,Chicago,United States,1028,2.4,2026-06-22,11:43 PM
United Airlines,Boeing 787-9 Dreamliner,B789,UA78,Narita International Airport,NRT,Tokyo,Japan,Newark Liberty International Airport,EWR,Newark,United States,5837,12.59,2026-06-22,11:45 PM
United Airlines,Boeing 777-222(ER),B772,UA933,Frankfurt am Main International Airport,FRA,Frankfurt am Main,Germany,Washington Dulles International Airport,IAD,Washington,United States,3540,7.72,2026-06-23,12:04 AM
American Airlines,Boeing 787-8 Dreamliner,B788,AA181,Napoli / Capodichino International Airport,NAP,Napoli,Italy,Chicago O'Hare International Airport,ORD,Chicago,United States,4287,9.31,2026-02-23,12:08 AM
American Airlines,Boeing 737-823,B738,AA574,Dallas-Fort Worth International Airport,DFW,Dallas-Fort Worth,United States,Buffalo Niagara International Airport,BUF,Buffalo,United States,1052,2.45,2026-06-23,12:26 AM
United Airlines,Boeing 737-724,B737,UA2060,General Edward Lawrence Logan International Airport,BOS,Boston,United States,George Bush Intcntl/Houston Airport,IAH,Houston,United States,1386,3.16,2026-06-23,12:35 AM
American Airlines,Boeing 737-823,B738,AA2943,Denver International Airport,DEN,Denver,United States,Philadelphia International Airport,PHL,Philadelphia,United States,1350,3.08,2026-06-23,12:39 AM
American Airlines,Boeing 737-823,B738,AA1565,Nashville International Airport,BNA,Nashville,United States,Charlotte/Douglas International Airport,CLT,Charlotte,United States,285,0.82,2026-06-23,01:13 AM
American Airlines,Airbus A319-112,A319,AA3108,Dallas-Fort Worth International Airport,DFW,Dallas-Fort Worth,United States,Detroit Metro Wayne County Airport,DTW,Detroit,United States,857,2.04,2026-06-23,01:13 AM
American Airlines,Boeing 737-823,B738,AA2881,Dallas-Fort Worth International Airport,DFW,Dallas-Fort Worth,United States,Chicago O'Hare International Airport,ORD,Chicago,United States,697,1.7,2026-06-23,01:21 AM
United Airlines,Boeing 737-724,B737,UA1383,John Wayne/Orange County Airport,SNA,Santa Ana,United States,Newark Liberty International Airport,EWR,Newark,United States,2110,4.69,2026-08-23,01:27 AM
American Airlines,Boeing 737-823,B738,AA1158,Ronald Reagan Washington Ntl Airport,DCA,Washington,United States,Dallas-Fort Worth International Airport,DFW,Dallas-Fort Worth,United States,1034,2.41,2026-06-23,01:33 AM
United Airlines,Boeing 737-824,B738,UA2659,George Bush Intcntl/Houston Airport,IAH,Houston,United States,Laguardia Airport,LGA,New York,United States,1230,2.83,2026-06-23,01:40 AM
United Airlines,Boeing 737 MAX 8,B38M,UA1615,Denver International Airport,DEN,Denver,United States,Cincinnati/Northern Kentucky International Airport,CVG,Covington,United States,927,2.18,2026-06-23,01:49 AM
Spirit Airlines,Airbus A320-232,A320,NK2759,Los Angeles International Airport,LAX,Los Angeles,United States,Fort Lauderdale/Hollywood International Airport,FLL,Fort Lauderdale,United States,2032,4.53,2026-06-23,02:01 AM
Spirit Airlines,Airbus A320-271N,A20N,NK2394,Arnold Palmer Regional Airport,LBE,Latrobe,United States,Orlando International Airport,MCO,Orlando,United States,717,1.74,2026-06-23,02:05 AM
American Airlines,Boeing 787-8 Dreamliner,B788,AA112,Miami International Airport,MIA,Miami,United States,Barcelona International Airport,BCN,Barcelona,Spain,4074,8.86,2026-06-23,02:12 AM
Spirit Airlines,Airbus A320-271N,A20N,NK2024,George Bush Intcntl/Houston Airport,IAH,Houston,United States,Tampa International Airport,TPA,Tampa,United States,683,1.67,2026-06-23,02:17 AM
United Airlines,Boeing 737-824,B738,UA1488,Denver International Airport,DEN,Denver,United States,Miami International Airport,MIA,Miami,United States,1484,3.37,2026-06-23,02:59 AM
Spirit Airlines,Airbus A320-271N,A20N,NK2483,General Mitchell International Airport,MKE,Milwaukee,United States,Orlando International Airport,MCO,Orlando,United States,928,2.19,2026-06-23,03:02 AM
American Airlines,Boeing 737 MAX 8,B38M,AA2752,Dallas-Fort Worth International Airport,DFW,Dallas-Fort Worth,United States,Ronald Reagan Washington Ntl Airport,DCA,Washington,United States,1034,2.41,2026-06-23,03:08 AM
United Airlines,Boeing 737-824,B738,UA2254,Denver International Airport,DEN,Denver,United States,Bradley International Airport,BDL,Windsor Locks,United States,1449,3.29,2026-06-23,03:14 AM
American Airlines,Boeing 737-823,B738,AA1060,Charlotte/Douglas International Airport,CLT,Charlotte,United States,Laguardia Airport,LGA,New York,United States,473,1.22,2026-06-23,03:15 AM
United Airlines,Boeing 757-224,B752,UA118,Chicago O'Hare International Airport,ORD,Chicago,United States,Edinburgh Airport,EDI,Edinburgh,United Kingdom,3217,7.04,2026-06-23,03:16 AM
United Airlines,Boeing 737-724,B737,UA2224,George Bush Intcntl/Houston Airport,IAH,Houston,United States,Ronald Reagan Washington Ntl Airport,DCA,Washington,United States,1048,2.44,2026-06-23,03:19 AM
American Airlines,Boeing 777-223(ER),B772,AA1084,Dallas-Fort Worth International Airport,DFW,Dallas-Fort Worth,United States,Los Angeles International Airport,LAX,Los Angeles,United States,1071,2.49,2026-06-23,03:19 AM
American Airlines,Airbus A319-132,A319,AA2901,Philadelphia International Airport,PHL,Philadelphia,United States,Kansas City International Airport,MCI,Kansas City,United States,900,2.13,2026-06-23,03:22 AM
American Airlines,Boeing 737-823,B738,AA680,Dallas-Fort Worth International Airport,DFW,Dallas-Fort Worth,United States,Pittsburgh International Airport,PIT,Pittsburgh,United States,926,2.18,2026-01-23,03:42 AM
United Airlines,Boeing 777-222,B772,UA285,George Bush Intcntl/Houston Airport,IAH,Houston,United States,Los Angeles International Airport,LAX,Los Angeles,United States,1196,2.75,2026-06-23,04:01 AM
American Airlines,Boeing 737-823,B738,AA2176,Charlotte/Douglas International Airport,CLT,Charlotte,United States,Minneapolis-St Paul International/Wold-Chamberlain Airport,MSP,Minneapolis,United States,808,1.93,2026-06-23,04:01 AM
Spirit Airlines,Airbus A320-271N,A20N,NK2210,Los Angeles International Airport,LAX,Los Angeles,United States,Louis Armstrong New Orleans International Airport,MSY,New Orleans,United States,1449,3.29,2026-06-23,04:08 AM
American Airlines,Boeing 737 MAX 8,B38M,AA1048,Dallas-Fort Worth International Airport,DFW,Dallas-Fort Worth,United States,General Edward Lawrence Logan International Airport,BOS,Boston,United States,1355,3.09,2026-06-23,04:19 AM
American Airlines,Boeing 787-8 Dreamliner,B788,AA957,Miami International Airport,MIA,Miami,United States,Comodoro Arturo Merino Benitez International Airport,SCL,Santiago,Chile,3595,7.84,2026-06-23,04:31 AM
United Airlines,Airbus A319-132,A319,UA403,Chicago O'Hare International Airport,ORD,Chicago,United States,John Glenn Columbus International Airport,CMH,Columbus,United States,256,0.76,2026-06-23,04:32 AM
American Airlines,Airbus A319-112,A319,AA3123,Charlotte/Douglas International Airport,CLT,Charlotte,United States,Myrtle Beach International Airport,MYR,Myrtle Beach,United States,136,0.51,2026-03-23,04:43 AM
American Airlines,Boeing 777-223(ER),B772,AA154,Dallas-Fort Worth International Airport,DFW,Dallas-Fort Worth,United States,London Heathrow Airport,LHR,London,United Kingdom,4118,8.95,2026-06-23,04:51 AM
United Airlines,Boeing 737-824,B738,UA739,Chicago O'Hare International Airport,ORD,Chicago,United States,Bozeman Yellowstone International Airport,BZN,Bozeman,United States,1028,2.4,2026-06-23,05:00 AM
American Airlines,Boeing 777-223(ER),B772,AA6,Daniel K Inouye International Airport,HNL,Honolulu,United States,Dallas-Fort Worth International Airport,DFW,Dallas-Fort Worth,United States,3283,7.18,2026-06-23,05:09 AM
Spirit Airlines,Airbus A321-271NX,A21N,NK2062,Fort Lauderdale/Hollywood International Airport,FLL,Fort Lauderdale,United States,George Bush Intcntl/Houston Airport,IAH,Houston,United States,838,2,2026-06-23,05:23 AM
American Airlines,Boeing 737-823,B738,AA3097,Dallas-Fort Worth International Airport,DFW,Dallas-Fort Worth,United States,San Antonio International Airport,SAT,San Antonio,United States,215,0.67,2026-06-23,05:36 AM
American Airlines,Boeing 777-223(ER),B772,AA954,Ministro Pistarini International Airport,EZE,Ezeiza,Argentina,John F Kennedy International Airport,JFK,New York,United States,4608,9.99,2026-06-23,05:39 AM
American Airlines,Boeing 787-8 Dreamliner,B788,AA912,Comodoro Arturo Merino Benitez International Airport,SCL,Santiago,Chile,Miami International Airport,MIA,Miami,United States,3595,7.84,2026-06-23,06:15 AM
American Airlines,Boeing 737 MAX 8,B38M,AA2259,Miami International Airport,MIA,Miami,United States,Nuevo Aeropuerto Internacional Mariscal Sucre,UIO,Quito,Ecuador,1561,3.53,2026-06-23,06:44 AM
United Airlines,Boeing 737 MAX 8,B38M,UA559,El Dorado International Airport,BOG,Bogota,Colombia,Newark Liberty International Airport,EWR,Newark,United States,2161,4.8,2026-06-23,07:36 AM
American Airlines,Boeing 777-323(ER),B77W,AA930,Guarulhos - Governador Andre Franco Montoro International Airport,GRU,Sao Paulo,Brazil,Miami International Airport,MIA,Miami,United States,3550,7.75,2026-06-23,07:50 AM
American Airlines,Boeing 777-223(ER),B772,AA900,Ministro Pistarini International Airport,EZE,Ezeiza,Argentina,Miami International Airport,MIA,Miami,United States,3844,8.37,2026-06-23,08:14 AM
United Airlines,Boeing 777-222,B772,UA676,San Francisco International Airport,SFO,San Francisco,United States,Newark Liberty International Airport,EWR,Newark,United States,2224,4.93,2026-06-23,08:32 AM
United Airlines,Boeing 737-924(ER),B739,UA427,San Diego International Airport,SAN,San Diego,United States,Newark Liberty International Airport,EWR,Newark,United States,2103,4.68,2026-06-23,08:32 AM
Spirit Airlines,Airbus A320-232,A320,NK2396,Luis Munoz Marin International Airport,SJU,San Juan,Puerto Rico,Orlando International Airport,MCO,Orlando,United States,1033,2.41,2026-06-23,08:38 AM
American Airlines,Airbus A321-231,A321,AA2453,Los Angeles International Airport,LAX,Los Angeles,United States,General Edward Lawrence Logan International Airport,BOS,Boston,United States,2264,5.02,2026-03-23,08:43 AM
United Airlines,Boeing 757-224,B752,UA567,San Francisco International Airport,SFO,San Francisco,United States,Newark Liberty International Airport,EWR,Newark,United States,2224,4.93,2026-06-23,08:44 AM
United Airlines,Boeing 737 MAX 8,B38M,UA216,Newark Liberty International Airport,EWR,Newark,United States,Joao Paulo II Airport,PDL,Ponta Delgada,Portugal,2233,4.95,2026-06-23,08:49 AM
United Airlines,Boeing 737 MAX 9,B39M,UA1572,San Francisco International Airport,SFO,San Francisco,United States,St Louis Lambert International Airport,STL,St Louis,United States,1504,3.41,2026-06-23,08:55 AM
United Airlines,Airbus A319-132,A319,UA1597,Denver International Airport,DEN,Denver,United States,Raleigh-Durham International Airport,RDU,Raleigh/Durham,United States,1245,2.86,2026-06-23,08:56 AM
Spirit Airlines,Airbus A321-231,A321,NK2324,Phoenix Sky Harbor International Airport,PHX,Phoenix,United States,Detroit Metro Wayne County Airport,DTW,Detroit,United States,1449,3.29,2026-06-23,09:04 AM
United Airlines,Airbus A319-131,A319,UA1577,San Francisco International Airport,SFO,San Francisco,United States,Detroit Metro Wayne County Airport,DTW,Detroit,United States,1802,4.04,2026-06-23,09:14 AM
American Airlines,Boeing 737 MAX 8,B38M,AA2996,Licenciado Benito Juarez International Airport,MEX,Mexico City,Mexico,John F Kennedy International Airport,JFK,New York,United States,1817,4.07,2026-06-23,09:15 AM
United Airlines,Boeing 737 MAX 9,B39M,UA2854,San Francisco International Airport,SFO,San Francisco,United States,Nashville International Airport,BNA,Nashville,United States,1707,3.84,2026-03-23,09:19 AM
United Airlines,Boeing 737 MAX 8,B38M,UA258,La Aurora Airport,GUA,Guatemala City,Guatemala,Newark Liberty International Airport,EWR,Newark,United States,1786,4.01,2026-07-23,09:28 AM
Spirit Airlines,Airbus A320-232,A320,NK2698,Harry Reid International Airport,LAS,Las Vegas,United States,Miami International Airport,MIA,Miami,United States,1887,4.22,2026-06-23,09:40 AM
United Airlines,Boeing 737 MAX 8,B38M,UA2741,George Bush Intcntl/Houston Airport,IAH,Houston,United States,Jose Maria Cordova International Airport,MDE,Rionegro,Colombia,1820,4.08,2026-06-23,09:41 AM
United Airlines,Boeing 737-724,B737,UA1061,John Wayne/Orange County Airport,SNA,Santa Ana,United States,Newark Liberty International Airport,EWR,Newark,United States,2110,4.69,2026-06-23,09:54 AM
Spirit Airlines,Airbus A321-271NX,A21N,NK2297,Harry Reid International Airport,LAS,Las Vegas,United States,Orlando International Airport,MCO,Orlando,United States,1769,3.97,2026-06-23,09:57 AM
United Airlines,Boeing 737-824,B738,UA1944,San Francisco International Airport,SFO,San Francisco,United States,Dallas-Fort Worth International Airport,DFW,Dallas-Fort Worth,United States,1270,2.91,2026-06-23,10:02 AM
United Airlines,Boeing 737 MAX 8,B38M,UA451,San Francisco International Airport,SFO,San Francisco,United States,Fort Lauderdale/Hollywood International Airport,FLL,Fort Lauderdale,United States,2241,4.97,2026-06-23,10:07 AM
American Airlines,Boeing 787-9 Dreamliner,B789,AA293,Heydar Aliyev International Airport,GYD,Baku,Azerbaijan,London Heathrow Airport,LHR,London,United Kingdom,2161,4.8,2026-03-23,10:13 AM
American Airlines,Boeing 737-823,B738,AA1852,Los Angeles International Airport,LAX,Los Angeles,United States,Raleigh-Durham International Airport,RDU,Raleigh/Durham,United States,1941,4.33,2026-06-23,10:22 AM
American Airlines,Boeing 737-823,B738,AA3140,Phoenix Sky Harbor International Airport,PHX,Phoenix,United States,Detroit Metro Wayne County Airport,DTW,Detroit,United States,1449,3.29,2026-06-23,10:28 AM
American Airlines,Boeing 737-823,B738,AA2742,Luis Munoz Marin International Airport,SJU,San Juan,Puerto Rico,Dallas-Fort Worth International Airport,DFW,Dallas-Fort Worth,United States,1880,4.2,2026-06-23,10:31 AM
United Airlines,Boeing 757-33N,B753,UA1871,San Francisco International Airport,SFO,San Francisco,United States,Orlando International Airport,MCO,Orlando,United States,2122,4.72,2026-06-23,10:36 AM
American Airlines,Boeing 777-223(ER),B772,AA953,John F Kennedy International Airport,JFK,New York,United States,Ministro Pistarini International Airport,EZE,Ezeiza,Argentina,4608,9.99,2026-07-23,10:45 AM
United Airlines,Boeing 737 MAX 8,B38M,UA1730,Los Angeles International Airport,LAX,Los Angeles,United States,Orlando International Airport,MCO,Orlando,United States,1924,4.3,2026-06-23,10:46 AM
American Airlines,Boeing 787-8 Dreamliner,B788,AA995,Miami International Airport,MIA,Miami,United States,Guarulhos - Governador Andre Franco Montoro International Airport,GRU,Sao Paulo,Brazil,3550,7.75,2026-06-23,11:45 AM
Spirit Airlines,Airbus A321-271NX,A21N,NK2403,Los Angeles International Airport,LAX,Los Angeles,United States,Hartsfield - Jackson Atlanta International Airport,ATL,Atlanta,United States,1688,3.8,2026-06-23,11:51 AM
American Airlines,Airbus A321-231,A321,AA28,Los Angeles International Airport,LAX,Los Angeles,United States,John F Kennedy International Airport,JFK,New York,United States,2146,4.77,2026-06-23,12:04 PM
Spirit Airlines,Airbus A320-271N,A20N,NK2268,Philadelphia International Airport,PHL,Philadelphia,United States,Detroit Metro Wayne County Airport,DTW,Detroit,United States,393,1.05,2026-06-23,12:13 PM
American Airlines,Boeing 737-823,B738,AA1429,Dallas-Fort Worth International Airport,DFW,Dallas-Fort Worth,United States,Fort Lauderdale/Hollywood International Airport,FLL,Fort Lauderdale,United States,972,2.28,2026-08-23,12:57 PM
American Airlines,Airbus A321-253NX,A21N,AA2315,General Edward Lawrence Logan International Airport,BOS,Boston,United States,Phoenix Sky Harbor International Airport,PHX,Phoenix,United States,1994,4.45,2026-06-23,01:06 PM
American Airlines,Boeing 787-8 Dreamliner,B788,AA781,Napoli / Capodichino International Airport,NAP,Napoli,Italy,Philadelphia International Airport,PHL,Philadelphia,United States,3896,8.48,2026-07-23,01:12 PM
United Airlines,Boeing 737 MAX 9,B39M,UA1095,Washington Dulles International Airport,IAD,Washington,United States,San Francisco International Airport,SFO,San Francisco,United States,2095,4.66,2026-06-23,01:13 PM
United Airlines,Boeing 737-924(ER),B739,UA1330,Newark Liberty International Airport,EWR,Newark,United States,Seattle-Tacoma International Airport,SEA,Seattle,United States,2082,4.63,2026-06-23,01:40 PM
American Airlines,Boeing 737-823,B738,AA2418,Chicago O'Hare International Airport,ORD,Chicago,United States,San Francisco International Airport,SFO,San Francisco,United States,1600,3.61,2026-06-23,01:52 PM
United Airlines,Boeing 737-824,B738,UA2418,Chicago O'Hare International Airport,ORD,Chicago,United States,Philadelphia International Airport,PHL,Philadelphia,United States,588,1.47,2026-05-23,01:53 PM
American Airlines,Boeing 787-8 Dreamliner,B788,AA551,Miami International Airport,MIA,Miami,United States,Philadelphia International Airport,PHL,Philadelphia,United States,882,2.09,2026-06-23,01:55 PM
United Airlines,Boeing 737 MAX 8,B38M,UA2199,George Bush Intcntl/Houston Airport,IAH,Houston,United States,Laguardia Airport,LGA,New York,United States,1230,2.83,2026-06-23,01:57 PM
United Airlines,Boeing 737-924(ER),B739,UA372,Billings Logan International Airport,BIL,Billings,United States,Denver International Airport,DEN,Denver,United States,395,1.06,2026-06-23,02:01 PM
United Airlines,Boeing 737 MAX 9,B39M,UA2631,Newark Liberty International Airport,EWR,Newark,United States,Sarasota/Bradenton International Airport,SRQ,Sarasota/Bradenton,United States,900,2.13,2026-06-23,02:01 PM
United Airlines,Boeing 737-924(ER),B739,UA320,Denver International Airport,DEN,Denver,United States,George Bush Intcntl/Houston Airport,IAH,Houston,United States,749,1.81,2026-06-23,02:16 PM
Spirit Airlines,Airbus A320-271N,A20N,NK2078,Fort Lauderdale/Hollywood International Airport,FLL,Fort Lauderdale,United States,Dallas-Fort Worth International Airport,DFW,Dallas-Fort Worth,United States,972,2.28,2026-06-23,02:28 PM
United Airlines,Boeing 737 MAX 8,B38M,UA2726,Washington Dulles International Airport,IAD,Washington,United States,Vancouver International Airport,YVR,Richmond,Canada,2032,4.53,2026-06-23,02:59 PM
American Airlines,Boeing 737 MAX 8,B38M,AA1851,Miami International Airport,MIA,Miami,United States,Harry Reid International Airport,LAS,Las Vegas,United States,1887,4.22,2026-01-23,03:13 PM
American Airlines,Airbus A321-253NX,A21N,AA713,Miami International Airport,MIA,Miami,United States,Los Angeles International Airport,LAX,Los Angeles,United States,2032,4.53,2026-06-23,03:23 PM
United Airlines,Boeing 737 MAX 8,B38M,UA2337,Newark Liberty International Airport,EWR,Newark,United States,Chicago O'Hare International Airport,ORD,Chicago,United States,624,1.54,2026-06-23,03:36 PM
Spirit Airlines,Airbus A320-271N,A20N,NK2215,Nashville International Airport,BNA,Nashville,United States,Newark Liberty International Airport,EWR,Newark,United States,648,1.59,2026-06-23,03:39 PM
United Airlines,Boeing 737 MAX 9,B39M,UA311,General Edward Lawrence Logan International Airport,BOS,Boston,United States,Los Angeles International Airport,LAX,Los Angeles,United States,2264,5.02,2026-06-23,03:54 PM
United Airlines,Boeing 737 MAX 8,B38M,UA247,Raleigh-Durham International Airport,RDU,Raleigh/Durham,United States,Chicago O'Hare International Airport,ORD,Chicago,United States,561,1.41,2026-06-23,04:05 PM
American Airlines,Boeing 737 MAX 8,B38M,AA943,Miami International Airport,MIA,Miami,United States,Cyril E King Airport,STT,Charlotte Amalie,Virgin Islands Us,962,2.26,2026-06-23,04:08 PM
Spirit Airlines,Airbus A320-271N,A20N,NK1629,George Bush Intcntl/Houston Airport,IAH,Houston,United States,Comayagua-Palmerola International Airport,XPL,Comayagua,Honduras,1030,2.4,2026-06-23,04:45 PM
Spirit Airlines,Airbus A321-271NX,A21N,NK2799,Luis Munoz Marin International Airport,SJU,San Juan,Puerto Rico,Detroit Metro Wayne County Airport,DTW,Detroit,United States,1679,3.78,2026-06-23,04:50 PM
United Airlines,Airbus A320-232,A320,UA625,George Bush Intcntl/Houston Airport,IAH,Houston,United States,Nashville International Airport,BNA,Nashville,United States,570,1.43,2026-06-23,10:09 PM
Spirit Airlines,Airbus A320-271N,A20N,NK2819,Lovell Field,CHA,Chattanooga,United States,Newark Liberty International Airport,EWR,Newark,United States,623,1.54,2026-06-23,10:18 PM
United Airlines,Boeing 737 MAX 8,B38M,UA1478,George Bush Intcntl/Houston Airport,IAH,Houston,United States,Tampa International Airport,TPA,Tampa,United States,683,1.67,2026-06-23,10:26 PM
Spirit Airlines,Airbus A320-271N,A20N,NK2736,Newark Liberty International Airport,EWR,Newark,United States,Harry Reid International Airport,LAS,Las Vegas,United States,1931,4.31,2026-06-23,10:41 PM
United Airlines,Boeing 737-71Q,B737,UA1540,George Bush Intcntl/Houston Airport,IAH,Houston,United States,Ronald Reagan Washington Ntl Airport,DCA,Washington,United States,1048,2.44,2026-06-23,10:53 PM
United Airlines,Boeing 737-724,B737,UA1655,Calgary International Airport,YYC,Calgary,Canada,Chicago O'Hare International Airport,ORD,Chicago,United States,1201,2.77,2026-06-23,10:54 PM
United Airlines,Boeing 767-322(ER),B763,UA3904,Amsterdam Airport Schiphol,AMS,Amsterdam,Netherlands,George Bush Intcntl/Houston Airport,IAH,Houston,United States,4346,9.43,2026-06-23,10:55 PM
Spirit Airlines,Airbus A320-232,A320,NK2521,Chicago O'Hare International Airport,ORD,Chicago,United States,Myrtle Beach International Airport,MYR,Myrtle Beach,United States,655,1.61,2026-08-23,11:03 PM
United Airlines,Airbus A319-131,A319,UA2356,San Francisco International Airport,SFO,San Francisco,United States,Louis Armstrong New Orleans International Airport,MSY,New Orleans,United States,1657,3.73,2026-06-23,11:05 PM
United Airlines,Boeing 737-824,B738,UA602,Sarasota/Bradenton International Airport,SRQ,Sarasota/Bradenton,United States,Chicago O'Hare International Airport,ORD,Chicago,United States,914,2.16,2026-06-23,11:09 PM
United Airlines,Boeing 757-224,B752,UA2645,San Francisco International Airport,SFO,San Francisco,United States,Newark Liberty International Airport,EWR,Newark,United States,2224,4.93,2026-03-23,11:10 PM
American Airlines,Boeing 737-823,B738,AA1037,Los Angeles International Airport,LAX,Los Angeles,United States,John Glenn Columbus International Airport,CMH,Columbus,United States,1730,3.89,2026-06-23,11:24 PM
United Airlines,Boeing 777-222,B772,UA2380,San Francisco International Airport,SFO,San Francisco,United States,Daniel K Inouye International Airport,HNL,Honolulu,United States,2082,4.63,2026-06-23,11:32 PM
American Airlines,Airbus A319-115,A319,AA1923,Jackson Hole Airport,JAC,Jackson,United States,Dallas-Fort Worth International Airport,DFW,Dallas-Fort Worth,United States,909,2.15,2026-06-23,11:33 PM
American Airlines,Boeing 737-823,B738,AA1758,Dallas-Fort Worth International Airport,DFW,Dallas-Fort Worth,United States,Memphis International Airport,MEM,Memphis,United States,374,1.01,2026-06-23,11:43 PM
United Airlines,Boeing 777-222(ER),B772,UA925,London Heathrow Airport,LHR,London,United Kingdom,Washington Dulles International Airport,IAD,Washington,United States,3190,6.98,2026-06-23,11:48 PM
American Airlines,Boeing 737 MAX 8,B38M,AA1051,Harry Reid International Airport,LAS,Las Vegas,United States,John F Kennedy International Airport,JFK,New York,United States,1949,4.35,2026-06-24,12:05 AM
United Airlines,Boeing 787-8 Dreamliner,B788,UA415,Malpensa International Airport,MXP,Milan,Italy,Chicago O'Hare International Airport,ORD,Chicago,United States,3920,8.53,2026-06-24,12:20 AM
American Airlines,Boeing 737-823,B738,AA2237,Dallas-Fort Worth International Airport,DFW,Dallas-Fort Worth,United States,Louis Armstrong New Orleans International Airport,MSY,New Orleans,United States,388,1.04,2026-03-24,12:26 AM
American Airlines,Boeing 737-823,B738,AA3108,Dallas-Fort Worth International Airport,DFW,Dallas-Fort Worth,United States,Detroit Metro Wayne County Airport,DTW,Detroit,United States,857,2.04,2026-05-24,12:30 AM
American Airlines,Boeing 737-823,B738,AA453,Chicago O'Hare International Airport,ORD,Chicago,United States,Kansas City International Airport,MCI,Kansas City,United States,349,0.96,2026-06-24,12:33 AM
American Airlines,Boeing 737-823,B738,AA1533,Ronald Reagan Washington Ntl Airport,DCA,Washington,United States,Miami International Airport,MIA,Miami,United States,801,1.92,2026-06-24,12:50 AM
American Airlines,Airbus A319-115,A319,AA856,Chicago O'Hare International Airport,ORD,Chicago,United States,Des Moines International Airport,DSM,Des Moines,United States,261,0.77,2026-07-24,01:04 AM
United Airlines,Boeing 737-824,B738,UA2627,Laguardia Airport,LGA,New York,United States,Chicago O'Hare International Airport,ORD,Chicago,United States,636,1.57,2026-06-24,01:05 AM
United Airlines,Boeing 737-824,B738,UA472,Chicago O'Hare International Airport,ORD,Chicago,United States,Laguardia Airport,LGA,New York,United States,636,1.57,2026-06-24,01:11 AM
United Airlines,Boeing 737-824,B738,UA1147,Denver International Airport,DEN,Denver,United States,Cleveland-Hopkins International Airport,CLE,Cleveland,United States,1041,2.43,2026-06-24,01:12 AM
American Airlines,Airbus A319-115,A319,AA3263,Cyril E King Airport,STT,Charlotte Amalie,Virgin Islands Us,Dallas-Fort Worth International Airport,DFW,Dallas-Fort Worth,United States,1933,4.32,2026-06-24,01:14 AM
American Airlines,Boeing 737-823,B738,AA1247,Orlando International Airport,MCO,Orlando,United States,Chicago O'Hare International Airport,ORD,Chicago,United States,875,2.07,2026-06-24,01:40 AM
United Airlines,Airbus A319-132,A319,UA644,Portland International Airport,PDX,Portland,United States,San Francisco International Airport,SFO,San Francisco,United States,479,1.23,2026-06-24,01:43 AM
United Airlines,Boeing 757-224,B752,UA2700,Newark Liberty International Airport,EWR,Newark,United States,San Francisco International Airport,SFO,San Francisco,United States,2224,4.93,2026-06-24,01:48 AM
American Airlines,Boeing 777-223(ER),B772,AA141,London Heathrow Airport,LHR,London,United Kingdom,John F Kennedy International Airport,JFK,New York,United States,2991,6.56,2026-06-24,01:53 AM
American Airlines,Boeing 737-823,B738,AA2457,Dallas-Fort Worth International Airport,DFW,Dallas-Fort Worth,United States,John Wayne/Orange County Airport,SNA,Santa Ana,United States,1045,2.43,2026-02-24,02:01 AM
American Airlines,Airbus A319-115,A319,AA2094,Charlotte/Douglas International Airport,CLT,Charlotte,United States,Sarasota/Bradenton International Airport,SRQ,Sarasota/Bradenton,United States,477,1.23,2026-06-24,02:06 AM
American Airlines,Boeing 737-823,B738,AA1217,Raleigh-Durham International Airport,RDU,Raleigh/Durham,United States,Dallas-Fort Worth International Airport,DFW,Dallas-Fort Worth,United States,920,2.17,2026-06-24,02:07 AM
United Airlines,Boeing 737-924,B739,UA2071,George Bush Intcntl/Houston Airport,IAH,Houston,United States,Seattle-Tacoma International Airport,SEA,Seattle,United States,1627,3.67,2026-06-24,02:18 AM
American Airlines,Airbus A319-115,A319,AA2320,Frederick Douglass/Greater Rochester International Airport,ROC,Rochester,United States,Charlotte/Douglas International Airport,CLT,Charlotte,United States,498,1.27,2026-07-24,02:25 AM
Spirit Airlines,Airbus A320-271N,A20N,NK2258,Orlando International Airport,MCO,Orlando,United States,General Edward Lawrence Logan International Airport,BOS,Boston,United States,975,2.29,2026-06-24,02:30 AM
American Airlines,Boeing 737-823,B738,AA1715,Chicago O'Hare International Airport,ORD,Chicago,United States,Austin-Bergstrom International Airport,AUS,Austin,United States,850,2.02,2026-06-24,02:36 AM
Spirit Airlines,Airbus A320-271N,A20N,NK2424,San Antonio International Airport,SAT,San Antonio,United States,Baltimore/Washington International Thurgood Marshall Airport,BWI,Baltimore,United States,1221,2.81,2026-06-24,03:08 AM
United Airlines,Boeing 737-724,B737,UA2650,Newark Liberty International Airport,EWR,Newark,United States,Savannah/Hilton Head International Airport,SAV,Savannah,United States,616,1.52,2026-06-24,03:12 AM
American Airlines,Boeing 737 MAX 8,B38M,AA726,Miami International Airport,MIA,Miami,United States,Harry Reid International Airport,LAS,Las Vegas,United States,1887,4.22,2026-06-24,03:18 AM
United Airlines,Boeing 777-224(ER),B772,UA918,Washington Dulles International Airport,IAD,Washington,United States,London Heathrow Airport,LHR,London,United Kingdom,3190,6.98,2026-06-24,03:22 AM
Spirit Airlines,Airbus A321-271NX,A21N,NK2143,Detroit Metro Wayne County Airport,DTW,Detroit,United States,Harry Reid International Airport,LAS,Las Vegas,United States,1516,3.43,2026-06-24,03:32 AM
American Airlines,Boeing 737-823,B738,AA3145,Philadelphia International Airport,PHL,Philadelphia,United States,Palm Beach International Airport,PBI,West Palm Beach,United States,828,1.97,2026-06-24,03:43 AM
United Airlines,Boeing 757-224,B752,UA281,Newark Liberty International Airport,EWR,Newark,United States,Faro Airport,FAO,Faro,Portugal,3029,6.64,2026-06-24,03:51 AM
United Airlines,Boeing 787-8 Dreamliner,B788,UA980,Chicago O'Hare International Airport,ORD,Chicago,United States,Dublin Airport,DUB,Dublin,Ireland,3183,6.97,2026-06-24,03:53 AM
Spirit Airlines,Airbus A320-271N,A20N,NK2229,Fort Lauderdale/Hollywood International Airport,FLL,Fort Lauderdale,United States,Philadelphia International Airport,PHL,Philadelphia,United States,864,2.05,2026-08-24,03:56 AM
American Airlines,Boeing 737 MAX 8,B38M,AA2883,Miami International Airport,MIA,Miami,United States,Sacramento International Airport,SMF,Sacramento,United States,2214,4.91,2026-04-24,04:25 AM
Spirit Airlines,Airbus A320-271N,A20N,NK2702,San Antonio International Airport,SAT,San Antonio,United States,Harry Reid International Airport,LAS,Las Vegas,United States,927,2.18,2026-06-24,04:46 AM
United Airlines,Boeing 787-9 Dreamliner,B789,UA930,San Francisco International Airport,SFO,San Francisco,United States,London Heathrow Airport,LHR,London,United Kingdom,4652,10.08,2026-06-24,04:59 AM
United Airlines,Boeing 737-824,B738,UA1348,Washington Dulles International Airport,IAD,Washington,United States,San Francisco International Airport,SFO,San Francisco,United States,2095,4.66,2026-06-24,05:15 AM
United Airlines,Boeing 777-322(ER),B77W,UA148,Guarulhos - Governador Andre Franco Montoro International Airport,GRU,Sao Paulo,Brazil,Newark Liberty International Airport,EWR,Newark,United States,4149,9.01,2026-06-24,07:27 AM
American Airlines,Boeing 787-8 Dreamliner,B788,AA907,Miami International Airport,MIA,Miami,United States,Ministro Pistarini International Airport,EZE,Ezeiza,Argentina,3844,8.37,2026-05-24,08:10 AM
United Airlines,Boeing 737 MAX 8,B38M,UA1620,San Francisco International Airport,SFO,San Francisco,United States,Raleigh-Durham International Airport,RDU,Raleigh/Durham,United States,2081,4.63,2026-06-24,08:43 AM
Spirit Airlines,Airbus A320-271N,A20N,NK954,Harry Reid International Airport,LAS,Las Vegas,United States,Fort Lauderdale/Hollywood International Airport,FLL,Fort Lauderdale,United States,1886,4.22,2026-06-24,08:56 AM
American Airlines,Boeing 737-823,B738,AA804,Salt Lake City International Airport,SLC,Salt Lake City,United States,Miami International Airport,MIA,Miami,United States,1813,4.06,2026-06-24,09:21 AM
Spirit Airlines,Airbus A320-271N,A20N,NK2530,Luis Munoz Marin International Airport,SJU,San Juan,Puerto Rico,Dallas-Fort Worth International Airport,DFW,Dallas-Fort Worth,United States,1880,4.2,2026-06-24,09:24 AM
American Airlines,Boeing 777-223(ER),B772,AA192,Dallas-Fort Worth International Airport,DFW,Dallas-Fort Worth,United States,Barcelona International Airport,BCN,Barcelona,Spain,4504,9.77,2026-06-24,09:44 AM
United Airlines,Boeing 737 MAX 9,B39M,UA427,San Diego International Airport,SAN,San Diego,United States,Newark Liberty International Airport,EWR,Newark,United States,2103,4.68,2026-06-24,09:52 AM
United Airlines,Boeing 737 MAX 9,B39M,UA1230,Denver International Airport,DEN,Denver,United States,Miami International Airport,MIA,Miami,United States,1484,3.37,2026-06-24,10:06 AM
United Airlines,Boeing 737-824,B738,UA1074,San Francisco International Airport,SFO,San Francisco,United States,Baltimore/Washington International Thurgood Marshall Airport,BWI,Baltimore,United States,2130,4.73,2026-01-24,10:40 AM
American Airlines,Boeing 777-223(ER),B772,AA52,Miami International Airport,MIA,Miami,United States,Leonardo Da Vinci (Fiumicino) International Airport,FCO,Rome,Italy,4498,9.75,2026-06-24,10:57 AM
United Airlines,Boeing 767-322(ER),B763,UA938,Chicago O'Hare International Airport,ORD,Chicago,United States,London Heathrow Airport,LHR,London,United Kingdom,3426,7.48,2026-06-24,11:17 AM
Spirit Airlines,Airbus A320-271N,A20N,NK1040,Baltimore/Washington International Thurgood Marshall Airport,BWI,Baltimore,United States,Punta Cana International Airport,PUJ,Punta Cana,Dominican Republic,1311,3,2026-06-24,01:21 PM
United Airlines,Boeing 767-424(ER),B764,UA509,Leonardo Da Vinci (Fiumicino) International Airport,FCO,Rome,Italy,Newark Liberty International Airport,EWR,Newark,United States,3721,8.11,2026-06-24,01:26 PM
United Airlines,Boeing 737 MAX 9,B39M,UA2051,Pittsburgh International Airport,PIT,Pittsburgh,United States,San Francisco International Airport,SFO,San Francisco,United States,1954,4.36,2026-06-24,02:00 PM
American Airlines,Boeing 787-8 Dreamliner,B788,AA113,Barcelona International Airport,BCN,Barcelona,Spain,Miami International Airport,MIA,Miami,United States,4074,8.86,2026-04-24,02:04 PM
American Airlines,Boeing 787-9 Dreamliner,B789,AA747,Nice-Cote d'Azur Airport,NCE,Nice,France,Philadelphia International Airport,PHL,Philadelphia,United States,3541,7.73,2026-06-24,02:10 PM
American Airlines,Boeing 737-823,B738,AA820,Dallas-Fort Worth International Airport,DFW,Dallas-Fort Worth,United States,Hartsfield - Jackson Atlanta International Airport,ATL,Atlanta,United States,634,1.56,2026-06-24,02:12 PM
American Airlines,Boeing 777-223(ER),B772,AA37,Madrid Barajas International Airport,MAD,Madrid,Spain,Dallas-Fort Worth International Airport,DFW,Dallas-Fort Worth,United States,4305,9.35,2026-06-24,03:20 PM
American Airlines,Boeing 777-223(ER),B772,AA721,Leonardo Da Vinci (Fiumicino) International Airport,FCO,Rome,Italy,Charlotte/Douglas International Airport,CLT,Charlotte,United States,4172,9.06,2026-06-24,03:28 PM
United Airlines,Boeing 767-424(ER),B764,UA273,Nice-Cote d'Azur Airport,NCE,Nice,France,Newark Liberty International Airport,EWR,Newark,United States,3473,7.58,2026-06-24,03:30 PM
American Airlines,Boeing 787-9 Dreamliner,B789,AA743,Barcelona International Airport,BCN,Barcelona,Spain,Philadelphia International Airport,PHL,Philadelphia,United States,3402,7.43,2026-06-24,03:38 PM
United Airlines,Boeing 767-322(ER),B763,UA135,Zurich Airport,ZRH,Zurich,Switzerland,Halifax Robert L. Stanfield International Airport,YHZ,Halifax,Canada,2889,6.34,2026-03-24,04:11 PM
American Airlines,Boeing 787-8 Dreamliner,B788,AA759,Eleftherios Venizelos International Airport,ATH,Athens,Greece,Philadelphia International Airport,PHL,Philadelphia,United States,4364,9.47,2026-06-24,04:16 PM
American Airlines,Boeing 737-823,B738,AA554,Licenciado Gustavo Diaz Ordaz International Airport,PVR,Puerto Vallarta,Mexico,Phoenix Sky Harbor International Airport,PHX,Phoenix,United States,846,2.01,2026-06-24,09:37 PM
United Airlines,Airbus A319-132,A319,UA1852,George Bush Intcntl/Houston Airport,IAH,Houston,United States,General Mariano Escobedo International Airport,MTY,Monterrey,Mexico,357,0.98,2026-06-24,09:43 PM
Spirit Airlines,Airbus A321-271NX,A21N,NK2294,Charlotte/Douglas International Airport,CLT,Charlotte,United States,Harry Reid International Airport,LAS,Las Vegas,United States,1661,3.74,2026-06-24,10:00 PM
American Airlines,Boeing 787-8 Dreamliner,B788,AA125,Madrid Barajas International Airport,MAD,Madrid,Spain,Chicago O'Hare International Airport,ORD,Chicago,United States,3642,7.94,2026-06-24,10:05 PM
United Airlines,Boeing 787-9 Dreamliner,B789,UA1227,Newark Liberty International Airport,EWR,Newark,United States,San Francisco International Airport,SFO,San Francisco,United States,2224,4.93,2026-06-24,10:29 PM
United Airlines,Boeing 737 MAX 9,B39M,BOE907,Renton Municipal Airport,RNT,Renton,United States,Portland International Airport,PDX,Portland,United States,115,0.46,2026-02-24,11:09 PM
Spirit Airlines,Airbus A320-271N,A20N,NK2088,Orlando International Airport,MCO,Orlando,United States,Myrtle Beach International Airport,MYR,Myrtle Beach,United States,338,0.94,2026-06-24,11:13 PM
American Airlines,Boeing 737-823,B738,AA2907,Dallas-Fort Worth International Airport,DFW,Dallas-Fort Worth,United States,Louisville Muhammad Ali International Airport,SDF,Louisville,United States,636,1.57,2026-07-25,12:33 AM
American Airlines,Boeing 737-823,B738,AA947,Bozeman Yellowstone International Airport,BZN,Bozeman,United States,Dallas-Fort Worth International Airport,DFW,Dallas-Fort Worth,United States,1011,2.36,2026-06-25,01:19 AM
United Airlines,Boeing 737 MAX 9,B39M,UA794,Tampa International Airport,TPA,Tampa,United States,San Francisco International Airport,SFO,San Francisco,United States,2076,4.62,2026-06-25,01:22 AM
American Airlines,Airbus A319-132,A319,AA3027,Nashville International Airport,BNA,Nashville,United States,Philadelphia International Airport,PHL,Philadelphia,United States,585,1.46,2026-04-25,01:39 AM
United Airlines,Boeing 737-724,B737,UA2147,Chicago O'Hare International Airport,ORD,Chicago,United States,Albany International Airport,ALB,Albany,United States,627,1.55,2026-05-25,01:43 AM
United Airlines,Boeing 777-224(ER),B772,UA507,San Francisco International Airport,SFO,San Francisco,United States,Leonardo Da Vinci (Fiumicino) International Airport,FCO,Rome,Italy,5431,11.73,2026-06-25,02:00 AM
American Airlines,Boeing 737-823,B738,AA1702,Miami International Airport,MIA,Miami,United States,Pittsburgh International Airport,PIT,Pittsburgh,United States,882,2.09,2026-06-25,02:26 AM
American Airlines,Boeing 737-823,B738,AA539,Los Angeles International Airport,LAX,Los Angeles,United States,Austin-Bergstrom International Airport,AUS,Austin,United States,1077,2.5,2026-06-25,02:27 AM
United Airlines,Boeing 737-724,B737,UA1429,Newark Liberty International Airport,EWR,Newark,United States,John Wayne/Orange County Airport,SNA,Santa Ana,United States,2110,4.69,2026-06-25,02:57 AM
American Airlines,Boeing 777-223(ER),B772,AA132,Dallas-Fort Worth International Airport,DFW,Dallas-Fort Worth,United States,Dublin Airport,DUB,Dublin,Ireland,3877,8.44,2026-06-25,03:31 AM
United Airlines,Boeing 777-224(ER),B772,UA968,San Francisco International Airport,SFO,San Francisco,United States,Amsterdam Airport Schiphol,AMS,Amsterdam,Netherlands,4744,10.28,2026-06-25,04:10 AM
United Airlines,Boeing 787-9 Dreamliner,B789,UA892,Incheon International Airport,ICN,Seoul,South Korea,San Francisco International Airport,SFO,San Francisco,United States,4906,10.62,2026-06-25,02:45 PM
American Airlines,Boeing 737-823,B738,AA2247,General Edward Lawrence Logan International Airport,BOS,Boston,United States,Miami International Airport,MIA,Miami,United States,1095,2.54,2026-06-25,09:55 PM
United Airlines,Boeing 787-9 Dreamliner,B789,UA935,London Heathrow Airport,LHR,London,United Kingdom,Los Angeles International Airport,LAX,Los Angeles,United States,4730,10.25,2026-06-25,10:39 PM
United Airlines,Boeing 737-824,B738,UA1504,General Edward Lawrence Logan International Airport,BOS,Boston,United States,Chicago O'Hare International Airport,ORD,Chicago,United States,751,1.81,2026-06-25,10:52 PM
American Airlines,Boeing 737 MAX 8,B38M,AA1622,Kansas City International Airport,MCI,Kansas City,United States,Phoenix Sky Harbor International Airport,PHX,Phoenix,United States,905,2.14,2026-06-25,10:56 PM
Spirit Airlines,Airbus A320-271N,A20N,NK1630,Comayagua-Palmerola International Airport,XPL,Comayagua,Honduras,George Bush Intcntl/Houston Airport,IAH,Houston,United States,1030,2.4,2026-06-25,10:57 PM
United Airlines,Boeing 737-7V3,B737,UA455,Chicago O'Hare International Airport,ORD,Chicago,United States,Edmonton International Airport,YEG,Edmonton,Canada,1231,2.83,2026-06-25,11:21 PM
American Airlines,Boeing 777-223(ER),B772,AA131,Venezia / Tessera -  Marco Polo Airport,VCE,Venezia,Italy,Dallas-Fort Worth International Airport,DFW,Dallas-Fort Worth,United States,4739,10.27,2026-03-25,11:29 PM
American Airlines,Boeing 787-9 Dreamliner,B789,AA2321,Los Angeles International Airport,LAX,Los Angeles,United States,Chicago O'Hare International Airport,ORD,Chicago,United States,1513,3.43,2026-06-26,12:06 AM
American Airlines,Airbus A319-115,A319,AA960,Tocumen International Airport,PTY,Tocumen,Panama,Miami International Airport,MIA,Miami,United States,1005,2.35,2026-06-26,12:20 AM
United Airlines,Boeing 737-724,B737,UA1200,George Bush Intcntl/Houston Airport,IAH,Houston,United States,Queretaro Intercontinental Airport,QRO,Queretaro,Mexico,621,1.54,2026-06-26,01:19 AM
American Airlines,Boeing 737-823,B738,AA1881,Miami International Airport,MIA,Miami,United States,Chicago O'Hare International Airport,ORD,Chicago,United States,1042,2.43,2026-06-26,01:31 AM
United Airlines,Boeing 777-224(ER),B772,UA672,San Francisco International Airport,SFO,San Francisco,United States,Barcelona International Airport,BCN,Barcelona,Spain,5176,11.19,2026-06-26,01:37 AM
American Airlines,Boeing 737-823,B738,AA1353,Miami International Airport,MIA,Miami,United States,Juan Santamaria International Airport,SJO,San Jose,Costa Rica,975,2.29,2026-06-26,02:11 AM
United Airlines,Boeing 787-8 Dreamliner,B788,UA415,Chicago/Rockford International Airport,RFD,Chicago/Rockford,United States,Chicago O'Hare International Airport,ORD,Chicago,United States,55,0.34,2026-07-26,02:15 AM
United Airlines,Boeing 737-724,B737,UA1974,Chicago O'Hare International Airport,ORD,Chicago,United States,Portland International Jetport Airport,PWM,Portland,United States,780,1.87,2026-06-26,02:44 AM
American Airlines,Boeing 787-8 Dreamliner,B788,AA175,Dallas-Fort Worth International Airport,DFW,Dallas-Fort Worth,United States,Tokyo International Airport,HND,Tokyo,Japan,5604,12.1,2026-06-26,03:04 AM
United Airlines,Boeing 787-9 Dreamliner,B789,UA2,Singapore Changi International Airport,SIN,Singapore,Singapore,Daniel K Inouye International Airport,HNL,Honolulu,United States,5826,12.57,2026-03-26,03:19 AM
American Airlines,Boeing 787-8 Dreamliner,B788,AA2988,Dallas-Fort Worth International Airport,DFW,Dallas-Fort Worth,United States,Chicago O'Hare International Airport,ORD,Chicago,United States,697,1.7,2026-06-26,04:01 AM
American Airlines,Boeing 737-823,B738,AA2587,Dallas-Fort Worth International Airport,DFW,Dallas-Fort Worth,United States,Norfolk International Airport,ORF,Norfolk,United States,1051,2.45,2026-06-26,04:09 AM
United Airlines,Airbus A319-132,A319,UA429,George Bush Intcntl/Houston Airport,IAH,Houston,United States,Licenciado Benito Juarez International Airport,MEX,Mexico City,Mexico,665,1.63,2026-06-26,04:30 AM
United Airlines,Boeing 737-824,B738,UA864,Guam International Airport,GUM,Guam,Guam,Narita International Airport,NRT,Tokyo,Japan,1358,3.1,2026-06-26,07:10 AM
United Airlines,Boeing 737-824,B738,UA7,Narita International Airport,NRT,Tokyo,Japan,Chinggis Khaan International Airport,UBN,Ulaanbaatar,Mongolia,1648,3.71,2026-06-26,11:50 AM
American Airlines,Airbus A321-231,A321,AA967,Miami International Airport,MIA,Miami,United States,Luis Munoz Marin International Airport,SJU,San Juan,Puerto Rico,908,2.14,2026-07-29,10:41 PM
American Airlines,Boeing 737 MAX 8,B38M,AA1917,Cibao International Airport,STI,Santiago,Dominican Republic,Miami International Airport,MIA,Miami,United States,659,1.62,2026-09-01,07:50 PM
American Airlines,Boeing 737-823,B738,AA1613,Luis Munoz Marin International Airport,SJU,San Juan,Puerto Rico,Miami International Airport,MIA,Miami,United States,908,2.14,2026-09-01,07:58 PM
American Airlines,Airbus A321-231,A321,AA1965,Charlotte/Douglas International Airport,CLT,Charlotte,United States,Punta Cana International Airport,PUJ,Punta Cana,Dominican Republic,1203,2.77,2026-09-01,08:07 PM
American Airlines,Boeing 737 MAX 8,B38M,AA2580,Miami International Airport,MIA,Miami,United States,V.C. Bird International Airport,ANU,St. George,Antigua And Barbuda,1155,2.67,2026-09-01,08:10 PM
United Airlines,Airbus A321-271NX,A21N,UA1996,Chicago O'Hare International Airport,ORD,Chicago,United States,Luis Munoz Marin International Airport,SJU,San Juan,Puerto Rico,1802,4.04,2026-09-01,08:38 PM
American Airlines,Boeing 737-823,B738,AA9786,Owen Roberts International Airport,GCM,Georgetown,Cayman Islands,Charlotte/Douglas International Airport,CLT,Charlotte,United States,956,2.25,2026-09-01,09:01 PM
American Airlines,Boeing 737 MAX 8,B38M,AA393,Dallas-Fort Worth International Airport,DFW,Dallas-Fort Worth,United States,Licenciado Benito Juarez International Airport,MEX,Mexico City,Mexico,816,1.95,2026-09-03,06:10 PM
American Airlines,Boeing 737 MAX 8,B38M,AA1127,Miami International Airport,MIA,Miami,United States,Jose Maria Cordova International Airport,MDE,Rionegro,Colombia,1211,2.79,2026-09-03,06:20 PM
American Airlines,Airbus A319-112,A319,AA411,Miami International Airport,MIA,Miami,United States,Tocumen International Airport,PTY,Tocumen,Panama,1005,2.35,2026-09-03,06:22 PM
American Airlines,Boeing 737 MAX 8,B38M,AA2303,Punta Cana International Airport,PUJ,Punta Cana,Dominican Republic,John F Kennedy International Airport,JFK,New York,United States,1354,3.09,2026-09-03,06:41 PM
United Airlines,Boeing 737-924(ER),B739,UA2404,Newark Liberty International Airport,EWR,Newark,United States,Las Americas International Airport,SDQ,Santo Domingo,Dominican Republic,1357,3.1,2026-09-03,06:45 PM
United Airlines,Boeing 737 MAX 9,B39M,UA1192,George Bush Intcntl/Houston Airport,IAH,Houston,United States,Luis Munoz Marin International Airport,SJU,San Juan,Puerto Rico,1743,3.91,2026-09-03,07:33 PM
American Airlines,Boeing 737 MAX 8,B38M,AA1546,Point Salines International Airport,GND,Saint George's,Grenada,Miami International Airport,MIA,Miami,United States,1335,3.05,2026-09-03,08:34 PM
American Airlines,Boeing 737-823,B738,AA1922,Miami International Airport,MIA,Miami,United States,John F Kennedy International Airport,JFK,New York,United States,949,2.23,2026-09-03,09:38 PM
United Airlines,Boeing 737 MAX 8,B38M,UA2369,George Bush Intcntl/Houston Airport,IAH,Houston,United States,Ted Stevens Anchorage International Airport,ANC,Anchorage,United States,2834,6.23,2026-09-03,09:49 PM
American Airlines,Boeing 737-823,B738,AA1800,Hato International Airport,CUR,Willemstad,Curacao,Miami International Airport,MIA,Miami,United States,1038,2.42,2026-09-03,10:09 PM
Spirit Airlines,Airbus A321-271NX,A21N,NK101,Princess Juliana International Airport,SXM,Saint Martin,Netherlands,Fort Lauderdale/Hollywood International Airport,FLL,Fort Lauderdale,United States,1062,2.47,2026-09-03,10:42 PM
American Airlines,Airbus A320-214,A320,AA2202,General Francisco J. Mujica International Airport,MLM,Morelia,Mexico,Dallas-Fort Worth International Airport,DFW,Dallas-Fort Worth,United States,812,1.94,2026-07-03,10:53 PM
American Airlines,Airbus A320-232,A320,AA2468,Xoxocotlan International Airport,OAX,Oaxaca,Mexico,Dallas-Fort Worth International Airport,DFW,Dallas-Fort Worth,United States,955,2.24,2026-08-03,11:02 PM
United Airlines,Boeing 737 MAX 9,B39M,UA1099,Juan Santamaria International Airport,SJO,San Jose,Costa Rica,George Bush Intcntl/Houston Airport,IAH,Houston,United States,1353,3.09,2026-09-03,11:05 PM
American Airlines,Boeing 737 MAX 8,B38M,AA593,Punta Cana International Airport,PUJ,Punta Cana,Dominican Republic,Miami International Airport,MIA,Miami,United States,792,1.9,2026-09-03,11:13 PM
United Airlines,Boeing 737 MAX 9,B39M,UA1468,El Salvador International Airport,SAL,Santa Clara,El Salvador,George Bush Intcntl/Houston Airport,IAH,Houston,United States,1053,2.45,2026-09-03,11:20 PM
American Airlines,Airbus A319-132,A319,AA1483,Dallas-Fort Worth International Airport,DFW,Dallas-Fort Worth,United States,General Mariano Escobedo International Airport,MTY,Monterrey,Mexico,457,1.19,2026-09-03,11:31 PM
American Airlines,Boeing 737 MAX 8,B38M,AA3070,Miami International Airport,MIA,Miami,United States,Laguardia Airport,LGA,New York,United States,955,2.24,2026-05-03,11:41 PM
American Airlines,Boeing 737 MAX 8,B38M,AA998,V.C. Bird International Airport,ANU,St. George,Antigua And Barbuda,Miami International Airport,MIA,Miami,United States,1155,2.67,2026-09-03,11:52 PM
American Airlines,Airbus A321-231,A321,AA1335,Hewanorra International Airport,UVF,Vieux Fort,Saint Lucia,Miami International Airport,MIA,Miami,United States,1308,2.99,2026-09-04,12:06 AM
American Airlines,Boeing 737-823,B738,AA1027,Miami International Airport,MIA,Miami,United States,La Aurora Airport,GUA,Guatemala City,Guatemala,886,2.1,2026-01-04,12:23 AM
United Airlines,Boeing 737 MAX 8,B38M,UA1104,Tocumen International Airport,PTY,Tocumen,Panama,San Francisco International Airport,SFO,San Francisco,United States,2885,6.34,2026-05-04,12:26 AM
American Airlines,Boeing 737 MAX 8,B38M,AA643,Miami International Airport,MIA,Miami,United States,Simon Bolivar International Airport,GYE,Guayaquil,Ecuador,1678,3.78,2026-09-04,12:33 AM
United Airlines,Boeing 777-322(ER),B77W,UA3814,Kansas City International Airport,MCI,Kansas City,United States,Guarulhos - Governador Andre Franco Montoro International Airport,GRU,Sao Paulo,Brazil,4637,10.05,2026-02-04,01:38 AM
United Airlines,Boeing 737-824,B738,UA1770,Denver International Airport,DEN,Denver,United States,Gerald R Ford International Airport,GRR,Grand Rapids,United States,880,2.08,2026-09-04,02:43 AM
American Airlines,Boeing 737 MAX 8,B38M,AA1967,Phoenix Sky Harbor International Airport,PHX,Phoenix,United States,Newark Liberty International Airport,EWR,Newark,United States,1850,4.14,2026-09-04,02:43 AM
United Airlines,Boeing 737-724,B737,UA8224,George Bush Intcntl/Houston Airport,IAH,Houston,United States,George Bush Intcntl/Houston Airport,IAH,Houston,United States,0,0.22,2026-09-04,02:44 AM
United Airlines,Boeing 737 MAX 8,B38M,UA255,Austin-Bergstrom International Airport,AUS,Austin,United States,Newark Liberty International Airport,EWR,Newark,United States,1305,2.99,2026-09-04,02:45 AM
United Airlines,Airbus A319-131,A319,UA2002,John Glenn Columbus International Airport,CMH,Columbus,United States,San Francisco International Airport,SFO,San Francisco,United States,1838,4.12,2026-09-04,02:46 AM
American Airlines,Boeing 737 MAX 8,B38M,AA1513,Miami International Airport,MIA,Miami,United States,Cheddi Jagan International Airport,GEO,Georgetown,Guyana,1714,3.85,2026-02-04,02:47 AM
American Airlines,Boeing 737-823,B738,AA560,Dallas-Fort Worth International Airport,DFW,Dallas-Fort Worth,United States,Cleveland-Hopkins International Airport,CLE,Cleveland,United States,886,2.1,2026-09-04,02:49 AM
United Airlines,Boeing 737-724,B737,UA1143,Ronald Reagan Washington Ntl Airport,DCA,Washington,United States,George Bush Intcntl/Houston Airport,IAH,Houston,United States,1048,2.44,2026-09-04,02:52 AM
Spirit Airlines,Airbus A321-231,A321,NK2303,General Edward Lawrence Logan International Airport,BOS,Boston,United States,Fort Lauderdale/Hollywood International Airport,FLL,Fort Lauderdale,United States,1077,2.5,2026-09-04,02:58 AM
American Airlines,Boeing 787-8 Dreamliner,B788,AA772,Philadelphia International Airport,PHL,Philadelphia,United States,Leonardo Da Vinci (Fiumicino) International Airport,FCO,Rome,Italy,3789,8.25,2026-09-04,03:02 AM
United Airlines,Airbus A320-232,A320,UA1924,Santa Barbara Municipal Airport,SBA,Santa Barbara,United States,Denver International Airport,DEN,Denver,United States,794,1.9,2026-09-04,03:03 AM
American Airlines,Boeing 737 MAX 8,B38M,AA2659,John Wayne/Orange County Airport,SNA,Santa Ana,United States,Dallas-Fort Worth International Airport,DFW,Dallas-Fort Worth,United States,1045,2.43,2026-09-04,03:06 AM
American Airlines,Boeing 737-823,B738,AA1947,Ronald Reagan Washington Ntl Airport,DCA,Washington,United States,San Antonio International Airport,SAT,San Antonio,United States,1198,2.76,2026-09-04,03:06 AM
United Airlines,Boeing 757-224,B752,UA710,Washington Dulles International Airport,IAD,Washington,United States,Dublin Airport,DUB,Dublin,Ireland,2954,6.48,2026-03-04,03:10 AM
American Airlines,Boeing 737-823,B738,AA1272,Miami International Airport,MIA,Miami,United States,Bradley International Airport,BDL,Windsor Locks,United States,1040,2.42,2026-09-04,03:12 AM
American Airlines,Airbus A321-231,A321,AA3176,Chicago O'Hare International Airport,ORD,Chicago,United States,Orlando International Airport,MCO,Orlando,United States,875,2.07,2026-03-04,03:17 AM
American Airlines,Boeing 737-823,B738,AA1366,Dallas-Fort Worth International Airport,DFW,Dallas-Fort Worth,United States,General Edward Lawrence Logan International Airport,BOS,Boston,United States,1355,3.09,2026-09-04,03:18 AM
United Airlines,Boeing 737 MAX 8,B38M,UA1627,George Bush Intcntl/Houston Airport,IAH,Houston,United States,Ronald Reagan Washington Ntl Airport,DCA,Washington,United States,1048,2.44,2026-03-04,03:19 AM
American Airlines,Boeing 787-9 Dreamliner,B789,AA722,Philadelphia International Airport,PHL,Philadelphia,United States,Dublin Airport,DUB,Dublin,Ireland,2836,6.23,2026-09-04,03:23 AM
American Airlines,Boeing 777-223(ER),B772,AA44,John F Kennedy International Airport,JFK,New York,United States,Charles de Gaulle International Airport,CDG,Paris,France,3150,6.9,2026-09-04,03:24 AM
American Airlines,Airbus A321-231,A321,AA3081,Los Angeles International Airport,LAX,Los Angeles,United States,Dallas-Fort Worth International Airport,DFW,Dallas-Fort Worth,United States,1071,2.49,2026-09-04,03:24 AM
United Airlines,Boeing 737-824,B738,UA2473,Denver International Airport,DEN,Denver,United States,Buffalo Niagara International Airport,BUF,Buffalo,United States,1178,2.72,2026-09-04,03:25 AM
United Airlines,Airbus A321-271NX,A21N,UA259,Denver International Airport,DEN,Denver,United States,Orlando International Airport,MCO,Orlando,United States,1343,3.07,2026-09-04,03:26 AM
Spirit Airlines,Airbus A320-232,A320,NK2316,Los Angeles International Airport,LAX,Los Angeles,United States,George Bush Intcntl/Houston Airport,IAH,Houston,United States,1196,2.75,2026-09-04,03:28 AM
United Airlines,Boeing 737 MAX 8,B38M,UA1264,Denver International Airport,DEN,Denver,United States,Jacksonville International Airport,JAX,Jacksonville,United States,1255,2.88,2026-09-04,03:31 AM
American Airlines,Boeing 787-9 Dreamliner,B789,AA92,Philadelphia International Airport,PHL,Philadelphia,United States,Zurich Airport,ZRH,Zurich,Switzerland,3488,7.61,2026-09-04,03:36 AM
American Airlines,Boeing 737-823,B738,AA3237,Laguardia Airport,LGA,New York,United States,Miami International Airport,MIA,Miami,United States,955,2.24,2026-09-04,03:37 AM
American Airlines,Boeing 737-823,B738,AA2804,Dallas-Fort Worth International Airport,DFW,Dallas-Fort Worth,United States,Toronto Pearson International Airport,YYZ,Mississauga,Canada,1041,2.43,2026-09-04,03:38 AM
United Airlines,Airbus A319-131,A319,UA1439,Dallas-Fort Worth International Airport,DFW,Dallas-Fort Worth,United States,Newark Liberty International Airport,EWR,Newark,United States,1190,2.74,2026-09-04,03:44 AM
United Airlines,Boeing 737-824,B738,UA485,Seattle-Tacoma International Airport,SEA,Seattle,United States,George Bush Intcntl/Houston Airport,IAH,Houston,United States,1627,3.67,2026-07-04,03:46 AM
United Airlines,Airbus A321-271NX,A21N,UA212,Los Angeles International Airport,LAX,Los Angeles,United States,Chicago O'Hare International Airport,ORD,Chicago,United States,1513,3.43,2026-09-04,03:48 AM
American Airlines,Boeing 777-223(ER),B772,AA198,John F Kennedy International Airport,JFK,New York,United States,Malpensa International Airport,MXP,Milan,Italy,3463,7.56,2026-09-04,03:51 AM
United Airlines,Boeing 737-824,B738,UA709,Denver International Airport,DEN,Denver,United States,Baltimore/Washington International Thurgood Marshall Airport,BWI,Baltimore,United States,1292,2.96,2026-09-04,03:51 AM
United Airlines,Boeing 777-222,B772,UA2238,Newark Liberty International Airport,EWR,Newark,United States,Los Angeles International Airport,LAX,Los Angeles,United States,2128,4.73,2026-09-04,03:56 AM
United Airlines,Boeing 777-222(ER),B772,UA57,Newark Liberty International Airport,EWR,Newark,United States,Charles de Gaulle International Airport,CDG,Paris,France,3162,6.92,2026-09-04,04:00 AM
Spirit Airlines,Airbus A320-232,A320,NK2006,Detroit Metro Wayne County Airport,DTW,Detroit,United States,Tampa International Airport,TPA,Tampa,United States,856,2.03,2026-01-04,04:15 AM
United Airlines,Boeing 737-924(ER),B739,UA287,San Francisco International Airport,SFO,San Francisco,United States,George Bush Intcntl/Houston Airport,IAH,Houston,United States,1419,3.23,2026-09-04,04:15 AM
United Airlines,Boeing 737-724,B737,UA2208,Newark Liberty International Airport,EWR,Newark,United States,John Wayne/Orange County Airport,SNA,Santa Ana,United States,2110,4.69,2026-09-04,04:22 AM
United Airlines,Boeing 737-824,B738,UA2322,George Bush Intcntl/Houston Airport,IAH,Houston,United States,Baltimore/Washington International Thurgood Marshall Airport,BWI,Baltimore,United States,1072,2.49,2026-09-04,04:53 AM
United Airlines,Boeing 787-9 Dreamliner,B789,UA40,Newark Liberty International Airport,EWR,Newark,United States,Leonardo Da Vinci (Fiumicino) International Airport,FCO,Rome,Italy,3721,8.11,2026-09-04,04:55 AM
American Airlines,Boeing 787-9 Dreamliner,B789,AA9603,Philadelphia International Airport,PHL,Philadelphia,United States,London Heathrow Airport,LHR,London,United Kingdom,3072,6.73,2026-07-04,05:00 AM
United Airlines,Boeing 737-824,B738,UA1845,Baltimore/Washington International Thurgood Marshall Airport,BWI,Baltimore,United States,Los Angeles International Airport,LAX,Los Angeles,United States,2019,4.5,2026-09-04,05:09 AM
American Airlines,Boeing 777-223(ER),B772,AA66,John F Kennedy International Airport,JFK,New York,United States,Barcelona International Airport,BCN,Barcelona,Spain,3321,7.26,2026-09-04,05:10 AM
United Airlines,Boeing 787-9 Dreamliner,B789,UA992,Washington Dulles International Airport,IAD,Washington,United States,Barcelona International Airport,BCN,Barcelona,Spain,3522,7.69,2026-09-04,05:28 AM
American Airlines,Boeing 787-9 Dreamliner,B789,AA236,John F Kennedy International Airport,JFK,New York,United States,Leonardo Da Vinci (Fiumicino) International Airport,FCO,Rome,Italy,3708,8.08,2026-09-04,05:31 AM
American Airlines,Boeing 787-9 Dreamliner,B789,AA742,Philadelphia International Airport,PHL,Philadelphia,United States,Barcelona International Airport,BCN,Barcelona,Spain,3402,7.43,2026-09-04,05:45 AM
United Airlines,Boeing 787-9 Dreamliner,B789,UA177,Denver International Airport,DEN,Denver,United States,Leonardo Da Vinci (Fiumicino) International Airport,FCO,Rome,Italy,4822,10.44,2026-09-04,05:52 AM
American Airlines,Boeing 787-8 Dreamliner,B788,AA70,Dallas-Fort Worth International Airport,DFW,Dallas-Fort Worth,United States,Frankfurt am Main International Airport,FRA,Frankfurt am Main,Germany,4458,9.67,2026-09-04,05:53 AM
United Airlines,Boeing 737 MAX 9,B39M,UA1074,San Francisco International Airport,SFO,San Francisco,United States,San Diego International Airport,SAN,San Diego,United States,388,1.04,2026-09-04,06:02 AM
American Airlines,Boeing 787-8 Dreamliner,B788,AA780,Philadelphia International Airport,PHL,Philadelphia,United States,Napoli / Capodichino International Airport,NAP,Napoli,Italy,3896,8.48,2026-01-04,06:06 AM
United Airlines,Boeing 767-322(ER),B763,UA242,Washington Dulles International Airport,IAD,Washington,United States,Nice-Cote d'Azur Airport,NCE,Nice,France,3660,7.98,2026-09-04,06:08 AM
American Airlines,Boeing 777-223(ER),B772,AA108,General Edward Lawrence Logan International Airport,BOS,Boston,United States,London Heathrow Airport,LHR,London,United Kingdom,2829,6.22,2026-09-04,06:30 AM
United Airlines,Boeing 767-322(ER),B763,UA16,Newark Liberty International Airport,EWR,Newark,United States,London Heathrow Airport,LHR,London,United Kingdom,3003,6.59,2026-09-04,06:40 AM
United Airlines,Boeing 737-924(ER),B739,UA2129,San Diego International Airport,SAN,San Diego,United States,Washington Dulles International Airport,IAD,Washington,United States,1952,4.36,2026-09-04,06:49 AM
United Airlines,Boeing 737 MAX 8,B38M,UA1603,San Francisco International Airport,SFO,San Francisco,United States,Seattle-Tacoma International Airport,SEA,Seattle,United States,590,1.47,2026-09-04,06:57 AM
American Airlines,Boeing 737-823,B738,AA2395,Portland International Airport,PDX,Portland,United States,Chicago O'Hare International Airport,ORD,Chicago,United States,1507,3.41,2026-04-04,07:05 AM
American Airlines,Airbus A319-132,A319,AA2903,Ronald Reagan Washington Ntl Airport,DCA,Washington,United States,Chicago O'Hare International Airport,ORD,Chicago,United States,531,1.34,2026-09-04,07:22 AM
United Airlines,Boeing 737 MAX 9,B39M,UA2080,San Francisco International Airport,SFO,San Francisco,United States,Raleigh-Durham International Airport,RDU,Raleigh/Durham,United States,2081,4.63,2026-09-04,07:25 AM
United Airlines,Boeing 777-224(ER),B772,UA23,Newark Liberty International Airport,EWR,Newark,United States,Dublin Airport,DUB,Dublin,Ireland,2767,6.09,2026-09-04,07:32 AM
United Airlines,Boeing 787-8 Dreamliner,B788,UA909,Chicago O'Hare International Airport,ORD,Chicago,United States,Amsterdam Airport Schiphol,AMS,Amsterdam,Netherlands,3570,7.79,2026-09-04,07:53 AM
American Airlines,Boeing 777-223(ER),B772,AA720,Charlotte/Douglas International Airport,CLT,Charlotte,United States,Leonardo Da Vinci (Fiumicino) International Airport,FCO,Rome,Italy,4172,9.06,2026-03-04,08:01 AM
American Airlines,Airbus A321-231,A321,AA3286,Harry Reid International Airport,LAS,Las Vegas,United States,Dallas-Fort Worth International Airport,DFW,Dallas-Fort Worth,United States,915,2.16,2026-09-04,08:17 AM
United Airlines,Boeing 787-9 Dreamliner,B789,UA982,Washington Dulles International Airport,IAD,Washington,United States,Eleftherios Venizelos International Airport,ATH,Athens,Greece,4484,9.73,2026-09-04,08:23 AM
United Airlines,Boeing 757-224,B752,UA855,Jorge Chavez International Airport,LIM,Lima,Peru,George Bush Intcntl/Houston Airport,IAH,Houston,United States,2734,6.02,2026-09-04,10:08 AM
United Airlines,Boeing 777-322(ER),B77W,UA3934,Guarulhos - Governador Andre Franco Montoro International Airport,GRU,Sao Paulo,Brazil,San Francisco International Airport,SFO,San Francisco,United States,5630,12.15,2026-02-04,10:36 AM
American Airlines,Airbus A321-253NX,A21N,AA144,Daniel K Inouye International Airport,HNL,Honolulu,United States,Los Angeles International Airport,LAX,Los Angeles,United States,2218,4.92,2026-09-04,10:42 AM
American Airlines,Airbus A321-253NX,A21N,AA432,Kahului Airport,OGG,Kahului,United States,Phoenix Sky Harbor International Airport,PHX,Phoenix,United States,2469,5.45,2026-09-04,10:43 AM
United Airlines,Boeing 737 MAX 9,B39M,UA1266,Los Angeles International Airport,LAX,Los Angeles,United States,El Salvador International Airport,SAL,Santa Clara,El Salvador,2016,4.49,2026-09-04,11:40 AM
United Airlines,Boeing 737 MAX 8,B38M,UA1138,La Aurora Airport,GUA,Guatemala City,Guatemala,Los Angeles International Airport,LAX,Los Angeles,United States,1907,4.26,2026-09-04,11:52 AM
American Airlines,Airbus A321-253NX,A21N,AA664,Ellison Onizuka Kona International At Keahole Airport,KOA,Kailua/Kona,United States,Phoenix Sky Harbor International Airport,PHX,Phoenix,United States,2481,5.48,2026-09-04,11:55 AM
Spirit Airlines,Airbus A320-271N,A20N,NK457,Fort Lauderdale/Hollywood International Airport,FLL,Fort Lauderdale,United States,Atlantic City International Airport,ACY,Atlantic City,United States,851,2.02,2026-08-04,12:35 PM
United Airlines,Boeing 777-322(ER),B77W,UA1141,Daniel K Inouye International Airport,HNL,Honolulu,United States,San Francisco International Airport,SFO,San Francisco,United States,2082,4.63,2026-09-04,12:59 PM
United Airlines,Boeing 737 MAX 8,B38M,UA1724,Ellison Onizuka Kona International At Keahole Airport,KOA,Kailua/Kona,United States,San Francisco International Airport,SFO,San Francisco,United States,2056,4.58,2026-09-04,01:25 PM
United Airlines,Boeing 737 MAX 8,B38M,UA783,George Bush Intcntl/Houston Airport,IAH,Houston,United States,Austin-Bergstrom International Airport,AUS,Austin,United States,122,0.48,2026-09-04,02:12 PM
American Airlines,Airbus A321-253NX,A21N,AA960,Miami International Airport,MIA,Miami,United States,Los Angeles International Airport,LAX,Los Angeles,United States,2032,4.53,2026-09-04,02:14 PM
American Airlines,Boeing 737-823,B738,AA2173,Dallas-Fort Worth International Airport,DFW,Dallas-Fort Worth,United States,Orlando International Airport,MCO,Orlando,United States,854,2.03,2026-09-04,02:49 PM
United Airlines,Boeing 787-9 Dreamliner,B789,UA805,San Francisco International Airport,SFO,San Francisco,United States,Incheon International Airport,ICN,Seoul,South Korea,4906,10.62,2026-09-04,07:19 PM
American Airlines,Boeing 737-823,B738,AA1346,Charlotte/Douglas International Airport,CLT,Charlotte,United States,Queen Beatrix International Airport,AUA,Oranjestad,Aruba,1487,3.37,2026-09-08,06:48 PM
Spirit Airlines,Airbus A320-232,A320,NK1629,George Bush Intcntl/Houston Airport,IAH,Houston,United States,Comayagua-Palmerola International Airport,XPL,Comayagua,Honduras,1030,2.4,2026-09-08,06:49 PM
American Airlines,Boeing 737-823,B738,AA1360,Punta Cana International Airport,PUJ,Punta Cana,Dominican Republic,Charlotte/Douglas International Airport,CLT,Charlotte,United States,1203,2.77,2026-09-08,07:06 PM
American Airlines,Boeing 737-823,B738,AA1613,Miami International Airport,MIA,Miami,United States,Luis Munoz Marin International Airport,SJU,San Juan,Puerto Rico,908,2.14,2026-09-08,07:13 PM
United Airlines,Boeing 737-924(ER),B739,UA1916,George Bush Intcntl/Houston Airport,IAH,Houston,United States,Tocumen International Airport,PTY,Tocumen,Panama,1542,3.49,2026-09-08,07:57 PM
Spirit Airlines,Airbus A320-271N,A20N,NK1310,Juan Santamaria International Airport,SJO,San Jose,Costa Rica,Orlando International Airport,MCO,Orlando,United States,1119,2.59,2026-09-08,08:28 PM
United Airlines,Boeing 737 MAX 9,B39M,UA1040,Newark Liberty International Airport,EWR,Newark,United States,Queen Beatrix International Airport,AUA,Oranjestad,Aruba,1707,3.84,2026-09-08,08:36 PM
American Airlines,Airbus A321-253N,A21N,AA792,Cancun International Airport,CUN,Cancun,Mexico,Charlotte/Douglas International Airport,CLT,Charlotte,United States,907,2.14,2026-09-08,09:10 PM
Spirit Airlines,Airbus A321-231,A321,NK1234,Fort Lauderdale/Hollywood International Airport,FLL,Fort Lauderdale,United States,Richmond International Airport,RIC,Richmond,United States,701,1.71,2026-04-08,10:48 PM
United Airlines,Boeing 737 MAX 8,B38M,UA1280,George Bush Intcntl/Houston Airport,IAH,Houston,United States,Juan Santamaria International Airport,SJO,San Jose,Costa Rica,1353,3.09,2026-09-08,11:02 PM
American Airlines,Boeing 737-823,B738,AA2919,Dallas-Fort Worth International Airport,DFW,Dallas-Fort Worth,United States,Cincinnati/Northern Kentucky International Airport,CVG,Covington,United States,704,1.71,2026-09-08,11:38 PM
Spirit Airlines,Airbus A321-271NX,A21N,NK277,Cyril E King Airport,STT,Charlotte Amalie,Virgin Islands Us,Orlando International Airport,MCO,Orlando,United States,1083,2.51,2026-09-08,11:45 PM
American Airlines,Airbus A319-132,A319,AA3071,Casa De Campo International Airport,LRM,La Romana,Dominican Republic,Miami International Airport,MIA,Miami,United States,771,1.85,2026-09-08,11:51 PM
United Airlines,Airbus A321-271NX,A21N,UA2088,Luis Munoz Marin International Airport,SJU,San Juan,Puerto Rico,Chicago O'Hare International Airport,ORD,Chicago,United States,1802,4.04,2026-09-09,12:00 AM
American Airlines,Boeing 737-823,B738,AA998,V.C. Bird International Airport,ANU,St. George,Antigua And Barbuda,Miami International Airport,MIA,Miami,United States,1155,2.67,2026-08-09,12:08 AM
American Airlines,Boeing 737-823,B738,AA2935,Charlotte/Douglas International Airport,CLT,Charlotte,United States,George Bush Intcntl/Houston Airport,IAH,Houston,United States,792,1.9,2026-09-09,12:34 AM
United Airlines,Boeing 737 MAX 8,B38M,UA373,San Francisco International Airport,SFO,San Francisco,United States,Bob Hope Airport,BUR,Burbank,United States,283,0.82,2026-09-09,12:47 AM
Spirit Airlines,Airbus A321-271NX,A21N,NK1719,Fort Lauderdale/Hollywood International Airport,FLL,Fort Lauderdale,United States,John Glenn Columbus International Airport,CMH,Columbus,United States,847,2.01,2026-09-09,01:12 AM
American Airlines,Boeing 737-823,B738,AA2323,Chicago O'Hare International Airport,ORD,Chicago,United States,Miami International Airport,MIA,Miami,United States,1042,2.43,2026-09-09,01:26 AM
American Airlines,Airbus A319-132,A319,AA1788,Louis Armstrong New Orleans International Airport,MSY,New Orleans,United States,Ronald Reagan Washington Ntl Airport,DCA,Washington,United States,842,2,2026-09-09,01:31 AM
American Airlines,Boeing 737 MAX 8,B38M,AA2871,Phoenix Sky Harbor International Airport,PHX,Phoenix,United States,Pittsburgh International Airport,PIT,Pittsburgh,United States,1573,3.55,2026-09-09,01:31 AM
United Airlines,Boeing 737 MAX 9,B39M,UA2601,Southwest Florida International Airport,RSW,Fort Myers,United States,Newark Liberty International Airport,EWR,Newark,United States,933,2.2,2026-09-09,01:36 AM
Spirit Airlines,Airbus A320-232,A320,NK2198,Detroit Metro Wayne County Airport,DTW,Detroit,United States,Orlando International Airport,MCO,Orlando,United States,834,1.99,2026-09-09,01:42 AM
American Airlines,Airbus A321-231,A321,AA9788,Los Angeles International Airport,LAX,Los Angeles,United States,John F Kennedy International Airport,JFK,New York,United States,2146,4.77,2026-09-09,01:48 AM
American Airlines,Boeing 737 MAX 8,B38M,AA2016,Reno/Tahoe International Airport,RNO,Reno,United States,Phoenix Sky Harbor International Airport,PHX,Phoenix,United States,522,1.33,2026-08-09,01:53 AM
United Airlines,Boeing 787-9 Dreamliner,B789,UA2361,Los Angeles International Airport,LAX,Los Angeles,United States,Newark Liberty International Airport,EWR,Newark,United States,2128,4.73,2026-09-09,01:55 AM
Spirit Airlines,Airbus A320-271N,A20N,NK1663,Los Angeles International Airport,LAX,Los Angeles,United States,Detroit Metro Wayne County Airport,DTW,Detroit,United States,1716,3.86,2026-09-09,02:02 AM
American Airlines,Boeing 737-823,B738,AA2875,Phoenix Sky Harbor International Airport,PHX,Phoenix,United States,Memphis International Airport,MEM,Memphis,United States,1096,2.54,2026-09-09,02:03 AM
United Airlines,Boeing 737-824,B738,UA2076,Denver International Airport,DEN,Denver,United States,Minneapolis-St Paul International/Wold-Chamberlain Airport,MSP,Minneapolis,United States,590,1.47,2026-09-09,02:07 AM
United Airlines,Boeing 737-724,B737,UA1194,Chicago O'Hare International Airport,ORD,Chicago,United States,Reno/Tahoe International Airport,RNO,Reno,United States,1449,3.29,2026-09-09,02:07 AM
United Airlines,Boeing 737-824,B738,UA1885,Phoenix Sky Harbor International Airport,PHX,Phoenix,United States,George Bush Intcntl/Houston Airport,IAH,Houston,United States,875,2.07,2026-09-09,02:30 AM
American Airlines,Airbus A319-112,A319,AA3314,San Antonio International Airport,SAT,San Antonio,United States,Chicago O'Hare International Airport,ORD,Chicago,United States,906,2.14,2026-09-09,02:33 AM
United Airlines,Boeing 737 MAX 8,B38M,UA2000,Phoenix Sky Harbor International Airport,PHX,Phoenix,United States,Newark Liberty International Airport,EWR,Newark,United States,1850,4.14,2026-09-09,02:34 AM
United Airlines,Boeing 737-824,B738,UA1110,Denver International Airport,DEN,Denver,United States,San Antonio International Airport,SAT,San Antonio,United States,691,1.68,2026-09-09,02:35 AM
United Airlines,Boeing 787-10 Dreamliner,B78X,UA422,Chicago O'Hare International Airport,ORD,Chicago,United States,Eleftherios Venizelos International Airport,ATH,Athens,Greece,4736,10.26,2026-09-09,02:39 AM
United Airlines,Boeing 737 MAX 9,B39M,UA520,Phoenix Sky Harbor International Airport,PHX,Phoenix,United States,Chicago O'Hare International Airport,ORD,Chicago,United States,1249,2.87,2026-09-09,02:47 AM
Spirit Airlines,Airbus A320-271N,A20N,NK282,Luis Munoz Marin International Airport,SJU,San Juan,Puerto Rico,Dallas-Fort Worth International Airport,DFW,Dallas-Fort Worth,United States,1880,4.2,2026-09-09,02:49 AM
Spirit Airlines,Airbus A320-232,A320,NK2417,Indianapolis International Airport,IND,Indianapolis,United States,Fort Lauderdale/Hollywood International Airport,FLL,Fort Lauderdale,United States,875,2.07,2026-09-09,02:50 AM
United Airlines,Boeing 737-724,B737,UA2072,Newark Liberty International Airport,EWR,Newark,United States,Jackson Hole Airport,JAC,Jackson,United States,1624,3.66,2026-09-09,02:51 AM
United Airlines,Boeing 737-824,B738,UA2365,George Bush Intcntl/Houston Airport,IAH,Houston,United States,Laguardia Airport,LGA,New York,United States,1230,2.83,2026-09-09,03:04 AM
United Airlines,Boeing 787-9 Dreamliner,B789,UA32,Los Angeles International Airport,LAX,Los Angeles,United States,Narita International Airport,NRT,Tokyo,Japan,4727,10.24,2026-09-09,03:04 AM
American Airlines,Boeing 787-8 Dreamliner,B788,AA278,Philadelphia International Airport,PHL,Philadelphia,United States,Edinburgh Airport,EDI,Edinburgh,United Kingdom,2902,6.37,2026-09-09,03:22 AM
Spirit Airlines,Airbus A320-271N,A20N,NK757,Philadelphia International Airport,PHL,Philadelphia,United States,Harry Reid International Airport,LAS,Las Vegas,United States,1887,4.22,2026-09-09,03:28 AM
United Airlines,Boeing 757-224,B752,UA14,Newark Liberty International Airport,EWR,Newark,United States,London Heathrow Airport,LHR,London,United Kingdom,3003,6.59,2026-09-09,03:35 AM
American Airlines,Boeing 737-823,B738,AA2977,Chicago O'Hare International Airport,ORD,Chicago,United States,Portland International Airport,PDX,Portland,United States,1507,3.41,2026-09-09,03:38 AM
American Airlines,Boeing 787-8 Dreamliner,B788,Unknown,Chicago O'Hare International Airport,ORD,Chicago,United States,Madrid Barajas International Airport,MAD,Madrid,Spain,3642,7.94,2026-09-09,03:45 AM
United Airlines,Boeing 757-224,B752,UA270,Newark Liberty International Airport,EWR,Newark,United States,Shannon Airport,SNN,Shannon,Ireland,2683,5.91,2026-09-09,03:47 AM
United Airlines,Boeing 737-924(ER),B739,UA1076,George Bush Intcntl/Houston Airport,IAH,Houston,United States,General Edward Lawrence Logan International Airport,BOS,Boston,United States,1386,3.16,2026-09-09,03:50 AM
United Airlines,Boeing 787-10 Dreamliner,B78X,UA994,Newark Liberty International Airport,EWR,Newark,United States,Brussels Airport,BRU,Brussels,Belgium,3190,6.98,2026-02-09,03:56 AM
American Airlines,Airbus A321-253NX,A21N,AA776,Los Angeles International Airport,LAX,Los Angeles,United States,Philadelphia International Airport,PHL,Philadelphia,United States,2082,4.63,2026-09-09,04:10 AM
Spirit Airlines,Airbus A320-271N,A20N,NK2204,Fort Lauderdale/Hollywood International Airport,FLL,Fort Lauderdale,United States,Orlando International Airport,MCO,Orlando,United States,154,0.55,2026-09-09,04:41 AM
United Airlines,Boeing 737-824,B738,UA1943,Denver International Airport,DEN,Denver,United States,Austin-Bergstrom International Airport,AUS,Austin,United States,674,1.65,2026-09-09,04:42 AM
Spirit Airlines,Airbus A320-232,A320,NK3998,Orlando International Airport,MCO,Orlando,United States,Atlantic City International Airport,ACY,Atlantic City,United States,742,1.79,2026-09-09,04:50 AM
American Airlines,Boeing 737-823,B738,AA323,Nashville International Airport,BNA,Nashville,United States,Miami International Airport,MIA,Miami,United States,702,1.71,2026-09-09,04:53 AM
American Airlines,Boeing 787-9 Dreamliner,B789,AA27,Los Angeles International Airport,LAX,Los Angeles,United States,Tokyo International Airport,HND,Tokyo,Japan,4758,10.31,2026-09-09,04:58 AM
American Airlines,Airbus A321-231,A321,AA166,San Francisco International Airport,SFO,San Francisco,United States,John F Kennedy International Airport,JFK,New York,United States,2242,4.97,2026-07-09,05:03 AM
United Airlines,Boeing 757-224,B752,UA2626,San Francisco International Airport,SFO,San Francisco,United States,Newark Liberty International Airport,EWR,Newark,United States,2224,4.93,2026-09-09,05:04 AM
United Airlines,Boeing 737 MAX 8,B38M,UA1083,Vancouver International Airport,YVR,Richmond,Canada,San Francisco International Airport,SFO,San Francisco,United States,696,1.69,2026-09-09,05:26 AM
Spirit Airlines,Airbus A320-271N,A20N,NK818,Harry Reid International Airport,LAS,Las Vegas,United States,Bob Hope Airport,BUR,Burbank,United States,194,0.63,2026-09-09,05:27 AM
United Airlines,Boeing 787-9 Dreamliner,B789,UA143,Denver International Airport,DEN,Denver,United States,Narita International Airport,NRT,Tokyo,Japan,5018,10.86,2026-09-09,05:28 AM
American Airlines,Boeing 777-223(ER),B772,AA134,Los Angeles International Airport,LAX,Los Angeles,United States,London Heathrow Airport,LHR,London,United Kingdom,4730,10.25,2026-09-09,05:30 AM
American Airlines,Boeing 737-823,B738,AA3204,Phoenix Sky Harbor International Airport,PHX,Phoenix,United States,Los Angeles International Airport,LAX,Los Angeles,United States,321,0.9,2026-09-09,05:33 AM
United Airlines,Airbus A320-232,A320,UA1325,Denver International Airport,DEN,Denver,United States,Portland International Airport,PDX,Portland,United States,860,2.04,2026-04-09,05:43 AM
United Airlines,Boeing 787-10 Dreamliner,B78X,UA39,Los Angeles International Airport,LAX,Los Angeles,United States,Tokyo International Airport,HND,Tokyo,Japan,4758,10.31,2026-09-09,05:58 AM
United Airlines,Boeing 787-8 Dreamliner,B788,UA108,Washington Dulles International Airport,IAD,Washington,United States,Munich International Airport,MUC,Munich,Germany,3698,8.06,2026-09-09,06:07 AM
Spirit Airlines,Airbus A320-271N,A20N,NK1779,Baltimore/Washington International Thurgood Marshall Airport,BWI,Baltimore,United States,Harry Reid International Airport,LAS,Las Vegas,United States,1826,4.09,2026-09-09,06:29 AM
United Airlines,Boeing 787-8 Dreamliner,B788,UA982,Washington Dulles International Airport,IAD,Washington,United States,Eleftherios Venizelos International Airport,ATH,Athens,Greece,4484,9.73,2026-09-09,06:29 AM
United Airlines,Boeing 737-724,B737,UA2186,John Wayne/Orange County Airport,SNA,Santa Ana,United States,Newark Liberty International Airport,EWR,Newark,United States,2110,4.69,2026-08-09,06:45 AM
United Airlines,Boeing 777-222,B772,UA730,San Francisco International Airport,SFO,San Francisco,United States,Newark Liberty International Airport,EWR,Newark,United States,2224,4.93,2026-02-09,06:47 AM
American Airlines,Boeing 787-9 Dreamliner,B789,AA175,Dallas-Fort Worth International Airport,DFW,Dallas-Fort Worth,United States,Tokyo International Airport,HND,Tokyo,Japan,5604,12.1,2026-09-09,07:13 AM
United Airlines,Boeing 767-322(ER),B763,UA116,Newark Liberty International Airport,EWR,Newark,United States,Eleftherios Venizelos International Airport,ATH,Athens,Greece,4296,9.33,2026-09-09,11:01 AM
United Airlines,Boeing 787-10 Dreamliner,B78X,UA973,Brussels Airport,BRU,Brussels,Belgium,Chicago O'Hare International Airport,ORD,Chicago,United States,3604,7.86,2026-09-09,12:30 PM
United Airlines,Boeing 777-222,B772,UA3888,Xiamen Gaoqi International Airport,XMN,Xiamen,China,Daniel K Inouye International Airport,HNL,Honolulu,United States,4569,9.91,2026-09-09,01:57 PM
Spirit Airlines,Airbus A320-232,A320,NK238,Fort Lauderdale/Hollywood International Airport,FLL,Fort Lauderdale,United States,Ernesto Cortissoz International Airport,BAQ,Barranquilla,Colombia,961,2.26,2026-09-09,06:43 PM
United Airlines,Airbus A321-271NX,A21N,UA1755,Fort Lauderdale/Hollywood International Airport,FLL,Fort Lauderdale,United States,Chicago O'Hare International Airport,ORD,Chicago,United States,1029,2.4,2026-03-09,06:50 PM
American Airlines,Airbus A320-214,A320,AA2202,Dallas-Fort Worth International Airport,DFW,Dallas-Fort Worth,United States,General Francisco J. Mujica International Airport,MLM,Morelia,Mexico,812,1.94,2026-09-09,06:52 PM
United Airlines,Boeing 737-924(ER),B739,UA2184,Tampa International Airport,TPA,Tampa,United States,Chicago O'Hare International Airport,ORD,Chicago,United States,881,2.09,2026-09-09,06:54 PM
American Airlines,Boeing 737-823,B738,AA3102,Dallas-Fort Worth International Airport,DFW,Dallas-Fort Worth,United States,General Edward Lawrence Logan International Airport,BOS,Boston,United States,1355,3.09,2026-09-09,07:03 PM
United Airlines,Boeing 737 MAX 8,B38M,UA1626,Palm Beach International Airport,PBI,West Palm Beach,United States,Newark Liberty International Airport,EWR,Newark,United States,891,2.11,2026-09-09,07:12 PM
United Airlines,Airbus A321-271NX,A21N,UA2475,Orlando International Airport,MCO,Orlando,United States,Chicago O'Hare International Airport,ORD,Chicago,United States,875,2.07,2026-09-09,07:53 PM
United Airlines,Boeing 737 MAX 8,B38M,UA727,Tocumen International Airport,PTY,Tocumen,Panama,Newark Liberty International Airport,EWR,Newark,United States,1919,4.29,2026-09-09,07:56 PM
Spirit Airlines,Airbus A320-232,A320,NK1628,La Aurora Airport,GUA,Guatemala City,Guatemala,George Bush Intcntl/Houston Airport,IAH,Houston,United States,962,2.26,2026-09-09,08:53 PM
Spirit Airlines,Airbus A321-231,A321,NK1032,El Salvador International Airport,SAL,Santa Clara,El Salvador,Fort Lauderdale/Hollywood International Airport,FLL,Fort Lauderdale,United States,909,2.15,2026-09-09,09:04 PM
American Airlines,Airbus A319-132,A319,AA1891,Miami International Airport,MIA,Miami,United States,Raleigh-Durham International Airport,RDU,Raleigh/Durham,United States,610,1.51,2026-09-09,09:14 PM
United Airlines,Boeing 737 MAX 9,B39M,UA701,George Bush Intcntl/Houston Airport,IAH,Houston,United States,Luis Munoz Marin International Airport,SJU,San Juan,Puerto Rico,1743,3.91,2026-09-09,09:20 PM
American Airlines,Airbus A321-231,A321,AA2790,Punta Cana International Airport,PUJ,Punta Cana,Dominican Republic,Charlotte/Douglas International Airport,CLT,Charlotte,United States,1203,2.77,2026-09-09,09:31 PM
American Airlines,Boeing 737-823,B738,AA1606,Ronald Reagan Washington Ntl Airport,DCA,Washington,United States,Miami International Airport,MIA,Miami,United States,801,1.92,2026-09-09,09:32 PM
American Airlines,Airbus A319-112,A319,AA1944,Ronald Reagan Washington Ntl Airport,DCA,Washington,United States,Tampa International Airport,TPA,Tampa,United States,708,1.72,2026-09-09,09:54 PM
American Airlines,Boeing 737 MAX 8,B38M,AA2665,Cancun International Airport,CUN,Cancun,Mexico,Miami International Airport,MIA,Miami,United States,462,1.2,2026-09-09,09:57 PM
American Airlines,Boeing 737-823,B738,AA3066,Ronald Reagan Washington Ntl Airport,DCA,Washington,United States,Dallas-Fort Worth International Airport,DFW,Dallas-Fort Worth,United States,1034,2.41,2026-09-09,10:02 PM
American Airlines,Boeing 737-823,B738,AA1844,Palm Beach International Airport,PBI,West Palm Beach,United States,Dallas-Fort Worth International Airport,DFW,Dallas-Fort Worth,United States,957,2.25,2026-09-09,10:06 PM
American Airlines,Boeing 737 MAX 8,B38M,AA2284,Los Angeles International Airport,LAX,Los Angeles,United States,Miami International Airport,MIA,Miami,United States,2032,4.53,2026-09-09,10:25 PM
United Airlines,Boeing 737 MAX 8,B38M,UA2294,George Bush Intcntl/Houston Airport,IAH,Houston,United States,Washington Dulles International Airport,IAD,Washington,United States,1030,2.4,2026-03-09,10:28 PM
United Airlines,Boeing 737 MAX 8,B38M,UA1632,George Bush Intcntl/Houston Airport,IAH,Houston,United States,La Aurora Airport,GUA,Guatemala City,Guatemala,962,2.26,2026-09-09,10:32 PM
United Airlines,Boeing 737 MAX 8,B38M,UA693,Newark Liberty International Airport,EWR,Newark,United States,General Edward Lawrence Logan International Airport,BOS,Boston,United States,174,0.59,2026-09-09,10:36 PM
American Airlines,Boeing 737-823,B738,AA1978,Dallas-Fort Worth International Airport,DFW,Dallas-Fort Worth,United States,Ronald Reagan Washington Ntl Airport,DCA,Washington,United States,1034,2.41,2026-09-09,10:48 PM
United Airlines,Boeing 737 MAX 8,B38M,UA2037,George Bush Intcntl/Houston Airport,IAH,Houston,United States,Newark Liberty International Airport,EWR,Newark,United States,1215,2.79,2026-09-09,11:10 PM
United Airlines,Boeing 737 MAX 9,B39M,UA1762,Washington Dulles International Airport,IAD,Washington,United States,Denver International Airport,DEN,Denver,United States,1258,2.89,2026-09-09,11:11 PM
American Airlines,Boeing 737-823,B738,AA813,Newark Liberty International Airport,EWR,Newark,United States,Dallas-Fort Worth International Airport,DFW,Dallas-Fort Worth,United States,1190,2.74,2026-09-09,11:28 PM
United Airlines,Boeing 737 MAX 9,B39M,UA1205,Newark Liberty International Airport,EWR,Newark,United States,Fort Lauderdale/Hollywood International Airport,FLL,Fort Lauderdale,United States,927,2.18,2026-01-09,11:36 PM
American Airlines,Boeing 737 MAX 8,B38M,AA833,Miami International Airport,MIA,Miami,United States,Nuevo Aeropuerto Internacional Mariscal Sucre,UIO,Quito,Ecuador,1561,3.53,2026-09-09,11:54 PM
American Airlines,Airbus A320-232,A320,AA1316,Dallas-Fort Worth International Airport,DFW,Dallas-Fort Worth,United States,Piedmont Triad International Airport,GSO,Greensboro,United States,866,2.05,2026-09-10,12:05 AM
American Airlines,Boeing 737-823,B738,AA2447,Harry Reid International Airport,LAS,Las Vegas,United States,Chicago O'Hare International Airport,ORD,Chicago,United States,1313,3,2026-09-10,12:07 AM
American Airlines,Boeing 737-823,B738,AA1159,Miami International Airport,MIA,Miami,United States,Chicago O'Hare International Airport,ORD,Chicago,United States,1042,2.43,2026-09-10,12:30 AM
United Airlines,Boeing 737-824,B738,UA133,Pohnpei International Airport,PNI,Pohnpei Island,Micronesia,Bucholz Army Air Field(Kwajalein Kmr)(Atoll) Airport,KWA,Kwajalein,Marshall Islands,576,1.44,2026-09-10,04:53 AM
United Airlines,Boeing 777-322(ER),B77W,UA871,San Francisco International Airport,SFO,San Francisco,United States,Taiwan Taoyuan International Airport,TPE,Taipei,Taiwan,5611,12.11,2026-07-10,06:12 AM
United Airlines,Boeing 737-824,B738,UA196,Guam International Airport,GUM,Guam,Guam,Narita International Airport,NRT,Tokyo,Japan,1358,3.1,2026-09-10,06:53 AM
United Airlines,Boeing 737-824,B738,UA6,Chinggis Khaan International Airport,UBN,Ulaanbaatar,Mongolia,Narita International Airport,NRT,Tokyo,Japan,1648,3.71,2026-09-10,07:29 AM
United Airlines,Boeing 787-9 Dreamliner,B789,UA198,Los Angeles International Airport,LAX,Los Angeles,United States,Shanghai Pudong International Airport,PVG,Shanghai,China,5624,12.14,2026-09-10,08:19 AM
United Airlines,Boeing 777-322(ER),B77W,UA838,Narita International Airport,NRT,Tokyo,Japan,San Francisco International Airport,SFO,San Francisco,United States,4443,9.64,2026-09-10,10:26 AM
American Airlines,Boeing 787-9 Dreamliner,B789,AA128,Shanghai Pudong International Airport,PVG,Shanghai,China,Dallas-Fort Worth International Airport,DFW,Dallas-Fort Worth,United States,6376,13.74,2026-09-10,10:53 AM
United Airlines,Boeing 787-9 Dreamliner,B789,UA178,Leonardo Da Vinci (Fiumicino) International Airport,FCO,Rome,Italy,Denver International Airport,DEN,Denver,United States,4822,10.44,2026-09-10,04:43 PM
American Airlines,Boeing 787-9 Dreamliner,B789,AA26,Tokyo International Airport,HND,Tokyo,Japan,Los Angeles International Airport,LAX,Los Angeles,United States,4758,10.31,2026-09-10,05:31 PM
United Airlines,Boeing 787-9 Dreamliner,B789,UA771,Los Angeles International Airport,LAX,Los Angeles,United States,Beijing Capital International Airport,PEK,Beijing,China,5420,11.71,2026-09-10,05:54 PM
United Airlines,Boeing 777-222,B772,UA562,San Francisco International Airport,SFO,San Francisco,United States,Washington Dulles International Airport,IAD,Washington,United States,2095,4.66,2026-09-11,01:00 AM
American Airlines,Boeing 777-223(ER),B772,AA724,Charlotte/Douglas International Airport,CLT,Charlotte,United States,Dublin Airport,DUB,Dublin,Ireland,3226,7.06,2026-09-11,01:03 AM
United Airlines,Boeing 757-224,B752,UA618,Newark Liberty International Airport,EWR,Newark,United States,Brussels Airport,BRU,Brussels,Belgium,3190,6.98,2026-09-11,01:05 AM
Spirit Airlines,Airbus A321-271NX,A21N,NK805,George Bush Intcntl/Houston Airport,IAH,Houston,United States,Orlando International Airport,MCO,Orlando,United States,741,1.79,2026-09-11,01:08 AM
United Airlines,Boeing 737-724,B737,UA2410,Washington Dulles International Airport,IAD,Washington,United States,Salt Lake City International Airport,SLC,Salt Lake City,United States,1583,3.57,2026-05-11,01:16 AM
Spirit Airlines,Airbus A320-271N,A20N,NK2198,Detroit Metro Wayne County Airport,DTW,Detroit,United States,Orlando International Airport,MCO,Orlando,United States,834,1.99,2026-09-11,01:25 AM
United Airlines,Boeing 737-724,B737,UA592,Chicago O'Hare International Airport,ORD,Chicago,United States,Jackson Hole Airport,JAC,Jackson,United States,1007,2.35,2026-09-11,01:33 AM
United Airlines,Boeing 737 MAX 8,B38M,UA2140,George Bush Intcntl/Houston Airport,IAH,Houston,United States,Laguardia Airport,LGA,New York,United States,1230,2.83,2026-09-11,01:42 AM
United Airlines,Boeing 777-222,B772,UA1736,Denver International Airport,DEN,Denver,United States,Kahului Airport,OGG,Kahului,United States,2866,6.29,2026-02-11,01:46 AM
Spirit Airlines,Airbus A320-271N,A20N,NK1298,Orlando International Airport,MCO,Orlando,United States,Newark Liberty International Airport,EWR,Newark,United States,816,1.95,2026-09-11,01:48 AM
Spirit Airlines,Airbus A320-271N,A20N,NK1546,Harry Reid International Airport,LAS,Las Vegas,United States,Hartsfield - Jackson Atlanta International Airport,ATL,Atlanta,United States,1515,3.43,2026-09-11,01:51 AM
United Airlines,Boeing 737 MAX 8,B38M,UA738,George Bush Intcntl/Houston Airport,IAH,Houston,United States,Raleigh-Durham International Airport,RDU,Raleigh/Durham,United States,905,2.14,2026-09-11,02:07 AM
Spirit Airlines,Airbus A320-232,A320,NK769,Miami International Airport,MIA,Miami,United States,Harry Reid International Airport,LAS,Las Vegas,United States,1887,4.22,2026-09-11,02:08 AM
Spirit Airlines,Airbus A320-232,A320,NK712,Harry Reid International Airport,LAS,Las Vegas,United States,San Antonio International Airport,SAT,San Antonio,United States,927,2.18,2026-03-11,02:09 AM
United Airlines,Boeing 737 MAX 8,B38M,UA3888,Washington Dulles International Airport,IAD,Washington,United States,San Francisco International Airport,SFO,San Francisco,United States,2095,4.66,2026-09-11,02:11 AM
American Airlines,Boeing 737-823,B738,AA1943,Orlando International Airport,MCO,Orlando,United States,Laguardia Airport,LGA,New York,United States,827,1.97,2026-09-11,02:20 AM
United Airlines,Airbus A319-132,A319,UA649,Nashville International Airport,BNA,Nashville,United States,Denver International Airport,DEN,Denver,United States,879,2.08,2026-07-11,02:34 AM
United Airlines,Boeing 737 MAX 8,B38M,UA2044,Newark Liberty International Airport,EWR,Newark,United States,Harry Reid International Airport,LAS,Las Vegas,United States,1931,4.31,2026-09-11,02:37 AM
United Airlines,Boeing 737-924(ER),B739,UA520,Phoenix Sky Harbor International Airport,PHX,Phoenix,United States,Chicago O'Hare International Airport,ORD,Chicago,United States,1249,2.87,2026-09-11,02:37 AM
American Airlines,Airbus A320-214,A320,AA2263,Dallas-Fort Worth International Airport,DFW,Dallas-Fort Worth,United States,Lubbock Preston Smith International Airport,LBB,Lubbock,United States,244,0.74,2026-09-11,03:12 AM
Spirit Airlines,Airbus A321-231,A321,NK341,Orlando International Airport,MCO,Orlando,United States,Orlando International Airport,MCO,Orlando,United States,0,0.22,2026-05-11,03:41 AM
Spirit Airlines,Airbus A321-271NX,A21N,NK1779,Baltimore/Washington International Thurgood Marshall Airport,BWI,Baltimore,United States,Harry Reid International Airport,LAS,Las Vegas,United States,1826,4.09,2026-09-11,03:42 AM
American Airlines,Boeing 737-823,B738,AA785,Dallas-Fort Worth International Airport,DFW,Dallas-Fort Worth,United States,Tucson International Airport,TUS,Tucson,United States,705,1.71,2026-09-11,03:43 AM
Spirit Airlines,Airbus A320-271N,A20N,NK1228,Los Angeles International Airport,LAX,Los Angeles,United States,Dallas-Fort Worth International Airport,DFW,Dallas-Fort Worth,United States,1071,2.49,2026-09-11,03:48 AM
American Airlines,Boeing 737-823,B738,AA790,Dallas-Fort Worth International Airport,DFW,Dallas-Fort Worth,United States,City Of Colorado Springs Municipal Airport,COS,Colorado Springs,United States,514,1.31,2026-09-11,03:50 AM
American Airlines,Airbus A319-115,A319,AA2077,Dallas-Fort Worth International Airport,DFW,Dallas-Fort Worth,United States,Ronald Reagan Washington Ntl Airport,DCA,Washington,United States,1034,2.41,2026-07-11,04:13 AM
American Airlines,Boeing 787-8 Dreamliner,B788,AA160,Chicago O'Hare International Airport,ORD,Chicago,United States,Eleftherios Venizelos International Airport,ATH,Athens,Greece,4736,10.26,2026-09-11,04:37 AM
United Airlines,Boeing 777-224(ER),B772,UA19,Newark Liberty International Airport,EWR,Newark,United States,Malpensa International Airport,MXP,Milan,Italy,3475,7.59,2026-09-11,04:41 AM
United Airlines,Boeing 737-824,B738,UA230,Chicago O'Hare International Airport,ORD,Chicago,United States,Sacramento International Airport,SMF,Sacramento,United States,1544,3.49,2026-09-11,04:41 AM
American Airlines,Boeing 737-823,B738,AA1538,Dallas-Fort Worth International Airport,DFW,Dallas-Fort Worth,United States,Mc Allen International Airport,MFE,Mc Allen,United States,407,1.08,2026-09-11,04:57 AM
Spirit Airlines,Airbus A320-271N,A20N,NK1994,Harry Reid International Airport,LAS,Las Vegas,United States,John Wayne/Orange County Airport,SNA,Santa Ana,United States,197,0.64,2026-09-11,05:06 AM
American Airlines,Boeing 737-823,B738,AA3136,Dallas-Fort Worth International Airport,DFW,Dallas-Fort Worth,United States,Los Angeles International Airport,LAX,Los Angeles,United States,1071,2.49,2026-09-11,05:22 AM
United Airlines,Boeing 767-322(ER),B763,UA146,Newark Liberty International Airport,EWR,Newark,United States,London Heathrow Airport,LHR,London,United Kingdom,3003,6.59,2026-09-11,05:27 AM
Spirit Airlines,Airbus A321-271NX,A21N,NK1602,Harry Reid International Airport,LAS,Las Vegas,United States,Baltimore/Washington International Thurgood Marshall Airport,BWI,Baltimore,United States,1826,4.09,2026-09-11,05:33 AM
United Airlines,Boeing 737-924(ER),B739,UA1650,George Bush Intcntl/Houston Airport,IAH,Houston,United States,Denver International Airport,DEN,Denver,United States,749,1.81,2026-09-11,05:47 AM
Spirit Airlines,Airbus A320-271N,A20N,NK1662,Detroit Metro Wayne County Airport,DTW,Detroit,United States,Los Angeles International Airport,LAX,Los Angeles,United States,1716,3.86,2026-09-11,05:53 AM
American Airlines,Boeing 787-9 Dreamliner,B789,AA86,Chicago O'Hare International Airport,ORD,Chicago,United States,London Heathrow Airport,LHR,London,United Kingdom,3426,7.48,2026-08-11,05:59 AM
Spirit Airlines,Airbus A320-271N,A20N,NK309,Los Angeles International Airport,LAX,Los Angeles,United States,Hartsfield - Jackson Atlanta International Airport,ATL,Atlanta,United States,1688,3.8,2026-09-11,06:20 AM
United Airlines,Boeing 757-224,B752,UA3923,Jorge Chavez International Airport,LIM,Lima,Peru,George Bush Intcntl/Houston Airport,IAH,Houston,United States,2734,6.02,2026-09-11,07:13 AM
United Airlines,Boeing 737 MAX 8,B38M,UA2030,Vancouver International Airport,YVR,Richmond,Canada,Washington Dulles International Airport,IAD,Washington,United States,2032,4.53,2026-09-11,08:37 AM
United Airlines,Boeing 777-224(ER),B772,UA44,San Francisco International Airport,SFO,San Francisco,United States,Zurich Airport,ZRH,Zurich,Switzerland,5063,10.95,2026-02-11,08:53 AM
United Airlines,Boeing 737 MAX 8,B38M,UA552,San Francisco International Airport,SFO,San Francisco,United States,Philadelphia International Airport,PHL,Philadelphia,United States,2186,4.85,2026-09-11,09:54 AM
American Airlines,Boeing 737 MAX 8,B38M,AA1462,Harry Reid International Airport,LAS,Las Vegas,United States,Miami International Airport,MIA,Miami,United States,1887,4.22,2026-09-11,09:57 AM
American Airlines,Boeing 737-823,B738,AA1148,Phoenix Sky Harbor International Airport,PHX,Phoenix,United States,Chicago O'Hare International Airport,ORD,Chicago,United States,1249,2.87,2026-09-11,10:01 AM
American Airlines,Boeing 787-9 Dreamliner,B789,AA170,Tokyo International Airport,HND,Tokyo,Japan,Los Angeles International Airport,LAX,Los Angeles,United States,4758,10.31,2026-09-11,10:06 AM
Spirit Airlines,Airbus A321-271NX,A21N,NK1889,Harry Reid International Airport,LAS,Las Vegas,United States,Tampa International Airport,TPA,Tampa,United States,1721,3.87,2026-09-11,10:06 AM
United Airlines,Boeing 777-222,B772,UA1288,San Francisco International Airport,SFO,San Francisco,United States,Chicago O'Hare International Airport,ORD,Chicago,United States,1600,3.61,2026-09-11,10:29 AM
American Airlines,Airbus A321-253NX,A21N,AA3252,Miami International Airport,MIA,Miami,United States,Seattle-Tacoma International Airport,SEA,Seattle,United States,2365,5.23,2026-09-11,11:05 AM
United Airlines,Boeing 737 MAX 8,B38M,UA306,Cleveland-Hopkins International Airport,CLE,Cleveland,United States,Los Angeles International Airport,LAX,Los Angeles,United States,1780,3.99,2026-09-11,12:07 PM
United Airlines,Boeing 737 MAX 8,B38M,UA1605,Los Angeles International Airport,LAX,Los Angeles,United States,Baltimore/Washington International Thurgood Marshall Airport,BWI,Baltimore,United States,2019,4.5,2026-01-11,12:38 PM
United Airlines,Boeing 737 MAX 8,B38M,UA433,Pittsburgh International Airport,PIT,Pittsburgh,United States,San Francisco International Airport,SFO,San Francisco,United States,1954,4.36,2026-09-11,01:03 PM
United Airlines,Boeing 737 MAX 8,B38M,UA1080,Newark Liberty International Airport,EWR,Newark,United States,Juan Santamaria International Airport,SJO,San Jose,Costa Rica,1919,4.29,2026-05-11,01:50 PM
American Airlines,Airbus A321-253NX,A21N,AA1966,Ronald Reagan Washington Ntl Airport,DCA,Washington,United States,Los Angeles International Airport,LAX,Los Angeles,United States,2004,4.47,2026-09-11,02:10 PM
Spirit Airlines,Airbus A320-271N,A20N,NK541,Hartsfield - Jackson Atlanta International Airport,ATL,Atlanta,United States,Newark Liberty International Airport,EWR,Newark,United States,648,1.59,2026-09-11,02:21 PM
United Airlines,Boeing 737 MAX 8,B38M,UA2251,General Edward Lawrence Logan International Airport,BOS,Boston,United States,Chicago O'Hare International Airport,ORD,Chicago,United States,751,1.81,2026-09-11,02:32 PM
United Airlines,Boeing 737-824,B738,UA1657,Chicago O'Hare International Airport,ORD,Chicago,United States,Laguardia Airport,LGA,New York,United States,636,1.57,2026-09-11,02:37 PM
American Airlines,Boeing 787-8 Dreamliner,B788,AA747,Nice-Cote d'Azur Airport,NCE,Nice,France,Philadelphia International Airport,PHL,Philadelphia,United States,3541,7.73,2026-09-11,02:37 PM
Spirit Airlines,Airbus A320-232,A320,NK2414,Fort Lauderdale/Hollywood International Airport,FLL,Fort Lauderdale,United States,Indianapolis International Airport,IND,Indianapolis,United States,875,2.07,2026-05-11,02:51 PM
China United Airlines,Boeing 737-89P,B738,KN2822,Zhuhai Airport,ZUH,Zhuhai,China,Ordos Ejin Horo Airport,DSN,Ordos,China,1065,2.48,2026-09-11,04:53 PM
United Airlines,Boeing 737-824,B738,UA838,Kaohsiung International Airport,KHH,Kaohsiung City,Taiwan,Narita International Airport,NRT,Tokyo,Japan,1311,3,2026-09-12,04:30 AM
United Airlines,Boeing 787-9 Dreamliner,B789,UA3039,Singapore Changi International Airport,SIN,Singapore,Singapore,San Francisco International Airport,SFO,San Francisco,United States,7333,15.76,2026-09-12,07:23 AM
United Airlines,Boeing 737-824,B738,UA193,Guam International Airport,GUM,Guam,Guam,Palau International Airport,ROR,Babelthuap Island,Palau,710,1.72,2026-09-12,10:46 AM
United Airlines,Boeing 787-10 Dreamliner,B78X,UA90,Newark Liberty International Airport,EWR,Newark,United States,Ben Gurion International Airport,TLV,Tel Aviv,Israel,4935,10.68,2026-09-12,12:36 PM
China United Airlines,Boeing 737-89P,B738,KN5361,Beijing Daxing International Airport,PKX,Beijing,China,Huizhou Airport,HUZ,Huizhou,China,992,2.32,2026-09-12,12:42 PM
United Airlines,Boeing 777-224(ER),B772,UA127,Leonardo Da Vinci (Fiumicino) International Airport,FCO,Rome,Italy,Washington Dulles International Airport,IAD,Washington,United States,3908,8.5,2026-09-12,04:24 PM
Spirit Airlines,Airbus A321-271NX,A21N,NK244,La Aurora Airport,GUA,Guatemala City,Guatemala,Fort Lauderdale/Hollywood International Airport,FLL,Fort Lauderdale,United States,903,2.13,2026-02-14,09:10 PM
American Airlines,Boeing 737 MAX 8,B38M,AA394,Licenciado Benito Juarez International Airport,MEX,Mexico City,Mexico,Dallas-Fort Worth International Airport,DFW,Dallas-Fort Worth,United States,816,1.95,2026-09-14,09:13 PM
United Airlines,Boeing 737-924(ER),B739,UA1275,Cancun International Airport,CUN,Cancun,Mexico,Los Angeles International Airport,LAX,Los Angeles,United States,1839,4.12,2026-07-14,10:02 PM
United Airlines,Boeing 737 MAX 9,B39M,UA1526,Punta Cana International Airport,PUJ,Punta Cana,Dominican Republic,Newark Liberty International Airport,EWR,Newark,United States,1362,3.11,2026-09-14,10:24 PM
American Airlines,Airbus A321-253NX,A21N,AA2217,Queen Beatrix International Airport,AUA,Oranjestad,Aruba,Miami International Airport,MIA,Miami,United States,987,2.31,2026-09-14,10:50 PM
American Airlines,Boeing 737 MAX 8,B38M,AA1089,Sir Grantley Adams International Airport,BGI,Bridgetown,Barbados,Miami International Airport,MIA,Miami,United States,1400,3.19,2026-04-14,10:51 PM
American Airlines,Airbus A321-253NX,A21N,AA2437,Luis Munoz Marin International Airport,SJU,San Juan,Puerto Rico,Dallas-Fort Worth International Airport,DFW,Dallas-Fort Worth,United States,1880,4.2,2026-09-14,11:54 PM
American Airlines,Airbus A321-231,A321,AA2744,Punta Cana International Airport,PUJ,Punta Cana,Dominican Republic,Charlotte/Douglas International Airport,CLT,Charlotte,United States,1203,2.77,2026-08-14,11:55 PM
American Airlines,Boeing 737-823,B738,AA1566,Miami International Airport,MIA,Miami,United States,Raleigh-Durham International Airport,RDU,Raleigh/Durham,United States,610,1.51,2026-09-15,12:41 AM
United Airlines,Boeing 737 MAX 8,B38M,UA2237,George Bush Intcntl/Houston Airport,IAH,Houston,United States,Washington Dulles International Airport,IAD,Washington,United States,1030,2.4,2026-01-15,01:01 AM
Spirit Airlines,Airbus A321-271NX,A21N,NK2,Fort Lauderdale/Hollywood International Airport,FLL,Fort Lauderdale,United States,Chicago O'Hare International Airport,ORD,Chicago,United States,1029,2.4,2026-09-15,01:03 AM
Spirit Airlines,Airbus A321-271NX,A21N,NK2381,Fort Lauderdale/Hollywood International Airport,FLL,Fort Lauderdale,United States,Louisville Muhammad Ali International Airport,SDF,Louisville,United States,780,1.87,2026-01-15,01:25 AM
American Airlines,Boeing 737-823,B738,AA2487,Dallas-Fort Worth International Airport,DFW,Dallas-Fort Worth,United States,St Louis Lambert International Airport,STL,St Louis,United States,478,1.23,2026-09-15,01:49 AM
United Airlines,Boeing 737 MAX 8,B38M,UA1293,George Bush Intcntl/Houston Airport,IAH,Houston,United States,Jacksonville International Airport,JAX,Jacksonville,United States,708,1.72,2026-09-15,01:53 AM
American Airlines,Airbus A320-214,A320,AA2368,Dallas-Fort Worth International Airport,DFW,Dallas-Fort Worth,United States,San Antonio International Airport,SAT,San Antonio,United States,215,0.67,2026-09-15,02:07 AM
United Airlines,Boeing 737 MAX 8,B38M,UA1862,Newark Liberty International Airport,EWR,Newark,United States,Harry Reid International Airport,LAS,Las Vegas,United States,1931,4.31,2026-09-15,02:32 AM
American Airlines,Boeing 737-823,B738,AA2660,Comayagua-Palmerola International Airport,XPL,Comayagua,Honduras,Dallas-Fort Worth International Airport,DFW,Dallas-Fort Worth,United States,1225,2.82,2026-09-15,02:37 AM
United Airlines,Boeing 737 MAX 8,B38M,UA2365,George Bush Intcntl/Houston Airport,IAH,Houston,United States,Laguardia Airport,LGA,New York,United States,1230,2.83,2026-09-15,02:57 AM
United Airlines,Boeing 737 MAX 9,B39M,UA2857,George Bush Intcntl/Houston Airport,IAH,Houston,United States,Fort Lauderdale/Hollywood International Airport,FLL,Fort Lauderdale,United States,838,2,2026-09-15,03:09 AM
United Airlines,Boeing 737 MAX 9,B39M,UA2638,George Bush Intcntl/Houston Airport,IAH,Houston,United States,San Diego International Airport,SAN,San Diego,United States,1130,2.61,2026-09-15,03:09 AM
Spirit Airlines,Airbus A320-271N,A20N,NK449,Fort Lauderdale/Hollywood International Airport,FLL,Fort Lauderdale,United States,General Edward Lawrence Logan International Airport,BOS,Boston,United States,1077,2.5,2026-09-15,03:20 AM
Spirit Airlines,Airbus A320-232,A320,NK3996,Orlando International Airport,MCO,Orlando,United States,Philadelphia International Airport,PHL,Philadelphia,United States,750,1.81,2026-09-15,03:32 AM
Spirit Airlines,Airbus A320-232,A320,NK3345,Miami International Airport,MIA,Miami,United States,Louis Armstrong New Orleans International Airport,MSY,New Orleans,United States,586,1.46,2026-09-15,03:45 AM
American Airlines,Airbus A319-115,A319,AA1551,Miami International Airport,MIA,Miami,United States,Memphis International Airport,MEM,Memphis,United States,747,1.8,2026-09-15,04:17 AM
American Airlines,Boeing 737-823,B738,AA1277,Chicago O'Hare International Airport,ORD,Chicago,United States,Miami International Airport,MIA,Miami,United States,1042,2.43,2026-09-15,04:25 AM
China United Airlines,Boeing 737-89P,B738,KN5385,Beijing Daxing International Airport,PKX,Beijing,China,Zhuhai Airport,ZUH,Zhuhai,China,1062,2.47,2026-09-15,04:39 AM
Spirit Airlines,Airbus A321-231,A321,NK1096,Fort Lauderdale/Hollywood International Airport,FLL,Fort Lauderdale,United States,Laguardia Airport,LGA,New York,United States,937,2.21,2026-09-15,04:41 AM
American Airlines,Boeing 737 MAX 8,B38M,AA775,Miami International Airport,MIA,Miami,United States,Norfolk International Airport,ORF,Norfolk,United States,698,1.7,2026-09-15,04:51 AM
United Airlines,Boeing 777-300(ER),B77W,UA3907,San Francisco International Airport,SFO,San Francisco,United States,Chek Lap Kok International Airport,HKG,Hong Kong,Hong Kong,6009,12.96,2026-09-15,05:02 AM
American Airlines,Boeing 737-823,B738,AA2188,Miami International Airport,MIA,Miami,United States,Philadelphia International Airport,PHL,Philadelphia,United States,882,2.09,2026-09-15,05:21 AM
Spirit Airlines,Airbus A320-271N,A20N,NK974,Jose Maria Cordova International Airport,MDE,Rionegro,Colombia,Fort Lauderdale/Hollywood International Airport,FLL,Fort Lauderdale,United States,1226,2.82,2026-09-15,08:55 AM
United Airlines,Boeing 737 MAX 8,B38M,UA2312,San Francisco International Airport,SFO,San Francisco,United States,Juan Santamaria International Airport,SJO,San Jose,Costa Rica,2642,5.82,2026-09-15,10:17 AM
United Airlines,Boeing 777-222(ER),B772,UA285,San Francisco International Airport,SFO,San Francisco,United States,Newark Liberty International Airport,EWR,Newark,United States,2224,4.93,2026-09-15,10:42 AM
American Airlines,Airbus A321-231,A321,AA276,San Francisco International Airport,SFO,San Francisco,United States,John F Kennedy International Airport,JFK,New York,United States,2242,4.97,2026-09-15,11:47 AM
United Airlines,Boeing 757-224,B752,UA2416,San Francisco International Airport,SFO,San Francisco,United States,Newark Liberty International Airport,EWR,Newark,United States,2224,4.93,2026-09-15,12:06 PM
American Airlines,Airbus A321-253NX,A21N,AA2184,Philadelphia International Airport,PHL,Philadelphia,United States,Miami International Airport,MIA,Miami,United States,882,2.09,2026-09-15,01:35 PM
United Airlines,Boeing 737 MAX 8,B38M,UA1886,George Bush Intcntl/Houston Airport,IAH,Houston,United States,Newark Liberty International Airport,EWR,Newark,United States,1215,2.79,2026-09-15,01:54 PM
American Airlines,Airbus A321-231,A321,AA2459,John F Kennedy International Airport,JFK,New York,United States,John Wayne/Orange County Airport,SNA,Santa Ana,United States,2128,4.73,2026-09-15,02:14 PM
Spirit Airlines,Airbus A320-271N,A20N,NK220,Louis Armstrong New Orleans International Airport,MSY,New Orleans,United States,Los Angeles International Airport,LAX,Los Angeles,United States,1449,3.29,2026-09-15,02:29 PM
Spirit Airlines,Airbus A320-271N,A20N,NK3225,George Bush Intcntl/Houston Airport,IAH,Houston,United States,Los Angeles International Airport,LAX,Los Angeles,United States,1196,2.75,2026-09-15,03:10 PM
United Airlines,Boeing 737 MAX 8,B38M,UA1538,Toronto Pearson International Airport,YYZ,Mississauga,Canada,Chicago O'Hare International Airport,ORD,Chicago,United States,378,1.02,2026-09-15,03:22 PM
United Airlines,Boeing 787-8 Dreamliner,B788,UA770,Barcelona International Airport,BCN,Barcelona,Spain,Chicago O'Hare International Airport,ORD,Chicago,United States,3830,8.34,2026-09-15,03:34 PM
United Airlines,Boeing 767-424(ER),B764,UA55,Charles de Gaulle International Airport,CDG,Paris,France,Newark Liberty International Airport,EWR,Newark,United States,3162,6.92,2026-09-15,03:43 PM
United Airlines,Boeing 767-322(ER),B763,UA147,London Heathrow Airport,LHR,London,United Kingdom,Newark Liberty International Airport,EWR,Newark,United States,3003,6.59,2026-09-15,03:52 PM
United Airlines,Boeing 787-9 Dreamliner,B789,UA2679,Newark Liberty International Airport,EWR,Newark,United States,Los Angeles International Airport,LAX,Los Angeles,United States,2128,4.73,2026-09-15,03:56 PM
American Airlines,Boeing 737-823,B738,AA3320,Chicago O'Hare International Airport,ORD,Chicago,United States,Portland International Airport,PDX,Portland,United States,1507,3.41,2026-05-15,04:12 PM
United Airlines,Boeing 777-222,B772,UA2329,Denver International Airport,DEN,Denver,United States,Chicago O'Hare International Airport,ORD,Chicago,United States,770,1.85,2026-09-15,04:54 PM
United Airlines,Boeing 787-10 Dreamliner,B78X,UA928,London Heathrow Airport,LHR,London,United Kingdom,Chicago O'Hare International Airport,ORD,Chicago,United States,3426,7.48,2026-08-15,04:57 PM
United Airlines,Boeing 737 MAX 9,B39M,UA1670,El Salvador International Airport,SAL,Santa Clara,El Salvador,Los Angeles International Airport,LAX,Los Angeles,United States,2016,4.49,2026-09-17,11:09 AM
United Airlines,Boeing 767-322(ER),B763,UA3933,Chicago O'Hare International Airport,ORD,Chicago,United States,Galeao - Antonio Carlos Jobim International Airport,GIG,Rio De Janeiro,Brazil,4612,10,2026-04-17,02:04 PM
United Airlines,Boeing 767-322(ER),B763,UA460,Blaise Diagne International Airport,DSS,Diass,Senegal,Washington Dulles International Airport,IAD,Washington,United States,3480,7.6,2026-09-17,04:24 PM
United Airlines,Boeing 737-824,B738,UA132,Daniel K Inouye International Airport,HNL,Honolulu,United States,Amata Kabua International Airport,MAJ,Majuro Atoll,Marshall Islands,1981,4.42,2026-09-17,10:47 PM
American Airlines,Boeing 787-8 Dreamliner,B788,AA161,Eleftherios Venizelos International Airport,ATH,Athens,Greece,Chicago O'Hare International Airport,ORD,Chicago,United States,4736,10.26,2026-09-18,09:21 AM
United Airlines,Boeing 777-322(ER),B77W,UA857,San Francisco International Airport,SFO,San Francisco,United States,Shanghai Pudong International Airport,PVG,Shanghai,China,5333,11.52,2026-09-18,09:57 AM
United Airlines,Boeing 777-224(ER),B772,UA130,Tokyo International Airport,HND,Tokyo,Japan,Newark Liberty International Airport,EWR,Newark,United States,5861,12.64,2026-09-18,11:03 AM
United Airlines,Boeing 777-222(ER),B772,UA889,Beijing Capital International Airport,PEK,Beijing,China,San Francisco International Airport,SFO,San Francisco,United States,5126,11.09,2026-09-18,11:20 AM
United Airlines,Boeing 787-10 Dreamliner,B78X,UA85,Ben Gurion International Airport,TLV,Tel Aviv,Israel,Newark Liberty International Airport,EWR,Newark,United States,4935,10.68,2026-09-18,11:27 AM
American Airlines,Boeing 777-223(ER),B772,AA60,Narita International Airport,NRT,Tokyo,Japan,Dallas-Fort Worth International Airport,DFW,Dallas-Fort Worth,United States,5574,12.04,2026-09-18,11:33 AM
United Airlines,Boeing 737 MAX 8,B38M,UA8140,George Bush Intcntl/Houston Airport,IAH,Houston,United States,George Bush Intcntl/Houston Airport,IAH,Houston,United States,0,0.22,2026-09-19,01:02 AM
American Airlines,Boeing 737-823,B738,AA366,Phoenix Sky Harbor International Airport,PHX,Phoenix,United States,Chicago O'Hare International Airport,ORD,Chicago,United States,1249,2.87,2026-09-19,01:08 AM
United Airlines,Boeing 737-824,B738,UA714,Chicago O'Hare International Airport,ORD,Chicago,United States,Harrisburg International Airport,MDT,Harrisburg,United States,515,1.31,2026-09-19,01:15 AM
United Airlines,Boeing 767-322(ER),B763,UA748,Washington Dulles International Airport,IAD,Washington,United States,Geneva Cointrin International Airport,GVA,Geneva,Switzerland,3549,7.74,2026-09-19,01:16 AM
American Airlines,Airbus A319-112,A319,AA2286,St Louis Lambert International Airport,STL,St Louis,United States,Ronald Reagan Washington Ntl Airport,DCA,Washington,United States,623,1.54,2026-09-19,01:27 AM
Spirit Airlines,Airbus A321-271NX,A21N,NK771,Fort Lauderdale/Hollywood International Airport,FLL,Fort Lauderdale,United States,Baltimore/Washington International Thurgood Marshall Airport,BWI,Baltimore,United States,806,1.93,2026-09-19,01:28 AM
American Airlines,Airbus A321-231,A321,AA590,Phoenix Sky Harbor International Airport,PHX,Phoenix,United States,St Louis Lambert International Airport,STL,St Louis,United States,1094,2.54,2026-09-19,01:38 AM
United Airlines,Boeing 737 MAX 8,B38M,UA2168,Denver International Airport,DEN,Denver,United States,Laguardia Airport,LGA,New York,United States,1404,3.2,2026-09-19,01:40 AM
United Airlines,Boeing 787-9 Dreamliner,B789,UA1822,Newark Liberty International Airport,EWR,Newark,United States,San Francisco International Airport,SFO,San Francisco,United States,2224,4.93,2026-09-19,01:42 AM
Spirit Airlines,Airbus A321-271NX,A21N,NK8820,Orlando International Airport,MCO,Orlando,United States,San Antonio International Airport,SAT,San Antonio,United States,903,2.13,2026-09-19,01:51 AM
American Airlines,Boeing 737-823,B738,AA2802,Minneapolis-St Paul International/Wold-Chamberlain Airport,MSP,Minneapolis,United States,Charlotte/Douglas International Airport,CLT,Charlotte,United States,808,1.93,2026-09-19,01:54 AM
United Airlines,Boeing 787-10 Dreamliner,B78X,UA970,Chicago O'Hare International Airport,ORD,Chicago,United States,Leonardo Da Vinci (Fiumicino) International Airport,FCO,Rome,Italy,4181,9.08,2026-09-19,02:01 AM
United Airlines,Boeing 737 MAX 8,B38M,UA1706,San Francisco International Airport,SFO,San Francisco,United States,Raleigh-Durham International Airport,RDU,Raleigh/Durham,United States,2081,4.63,2026-09-19,02:16 AM
Spirit Airlines,Airbus A320-271N,A20N,NK3447,Harry Reid International Airport,LAS,Las Vegas,United States,Louis Armstrong New Orleans International Airport,MSY,New Orleans,United States,1301,2.98,2026-09-19,02:19 AM
United Airlines,Boeing 737-724,B737,UA1046,Hartsfield - Jackson Atlanta International Airport,ATL,Atlanta,United States,Chicago O'Hare International Airport,ORD,Chicago,United States,527,1.34,2026-03-19,02:21 AM
United Airlines,Boeing 777-222,B772,UA2328,Newark Liberty International Airport,EWR,Newark,United States,San Francisco International Airport,SFO,San Francisco,United States,2224,4.93,2026-05-19,02:34 AM
Spirit Airlines,Airbus A320-232,A320,NK3656,Harry Reid International Airport,LAS,Las Vegas,United States,General Mitchell International Airport,MKE,Milwaukee,United States,1321,3.02,2026-09-19,02:45 AM
United Airlines,Boeing 777-224(ER),B772,UA673,Barcelona International Airport,BCN,Barcelona,Spain,San Francisco International Airport,SFO,San Francisco,United States,5176,11.19,2026-09-19,02:48 AM
Spirit Airlines,Airbus A320-271N,A20N,NK2527,Louisville Muhammad Ali International Airport,SDF,Louisville,United States,Los Angeles International Airport,LAX,Los Angeles,United States,1598,3.61,2026-09-19,02:49 AM
United Airlines,Boeing 787-9 Dreamliner,B789,UA7,George Bush Intcntl/Houston Airport,IAH,Houston,United States,Narita International Airport,NRT,Tokyo,Japan,5761,12.43,2026-09-19,03:48 AM
United Airlines,Boeing 737-724,B737,UA2682,George Bush Intcntl/Houston Airport,IAH,Houston,United States,Cincinnati/Northern Kentucky International Airport,CVG,Covington,United States,757,1.82,2026-09-19,03:53 AM
American Airlines,Boeing 737-823,B738,AA686,Phoenix Sky Harbor International Airport,PHX,Phoenix,United States,San Francisco International Airport,SFO,San Francisco,United States,565,1.42,2026-09-19,04:03 AM
United Airlines,Boeing 737 MAX 8,B38M,UA1722,Ellison Onizuka Kona International At Keahole Airport,KOA,Kailua/Kona,United States,San Francisco International Airport,SFO,San Francisco,United States,2056,4.58,2026-08-19,04:07 AM
American Airlines,Boeing 737-823,B738,AA3333,Charlotte/Douglas International Airport,CLT,Charlotte,United States,Syracuse Hancock International Airport,SYR,Syracuse,United States,525,1.33,2026-09-19,04:10 AM
American Airlines,Boeing 737-823,B738,AA2353,Dallas-Fort Worth International Airport,DFW,Dallas-Fort Worth,United States,Tulsa International Airport,TUL,Tulsa,United States,206,0.66,2026-01-19,04:11 AM
United Airlines,Boeing 737-724,B737,UA2347,Chicago O'Hare International Airport,ORD,Chicago,United States,Cleveland-Hopkins International Airport,CLE,Cleveland,United States,273,0.8,2026-09-19,04:42 AM
Spirit Airlines,Airbus A321-271NX,A21N,NK3136,Fort Lauderdale/Hollywood International Airport,FLL,Fort Lauderdale,United States,Philadelphia International Airport,PHL,Philadelphia,United States,864,2.05,2026-05-19,04:44 AM
American Airlines,Boeing 737-823,B738,AA857,Chicago O'Hare International Airport,ORD,Chicago,United States,Dallas-Fort Worth International Airport,DFW,Dallas-Fort Worth,United States,697,1.7,2026-09-19,04:46 AM
Spirit Airlines,Airbus A321-271NX,A21N,NK2276,General Edward Lawrence Logan International Airport,BOS,Boston,United States,Charlotte/Douglas International Airport,CLT,Charlotte,United States,632,1.56,2026-05-19,04:47 AM
American Airlines,Airbus A319-115,A319,AA3115,Chicago O'Hare International Airport,ORD,Chicago,United States,John Glenn Columbus International Airport,CMH,Columbus,United States,256,0.76,2026-09-19,04:54 AM
United Airlines,Boeing 767-3CB(ER),B763,UA956,Newark Liberty International Airport,EWR,Newark,United States,Geneva Cointrin International Airport,GVA,Geneva,Switzerland,3361,7.34,2026-09-19,04:58 AM
Spirit Airlines,Airbus A321-271NX,A21N,NK130,Fort Lauderdale/Hollywood International Airport,FLL,Fort Lauderdale,United States,Hartsfield - Jackson Atlanta International Airport,ATL,Atlanta,United States,506,1.29,2026-09-19,05:09 AM
Spirit Airlines,Airbus A320-232,A320,NK1526,Detroit Metro Wayne County Airport,DTW,Detroit,United States,Philadelphia International Airport,PHL,Philadelphia,United States,393,1.05,2026-08-19,05:20 AM
American Airlines,Boeing 737-823,B738,AA3289,Miami International Airport,MIA,Miami,United States,Nashville International Airport,BNA,Nashville,United States,702,1.71,2026-02-19,05:32 AM
United Airlines,Boeing 737-824,B738,UA301,San Francisco International Airport,SFO,San Francisco,United States,Los Angeles International Airport,LAX,Los Angeles,United States,293,0.84,2026-09-19,05:55 AM
United Airlines,Boeing 737-824,B738,UA716,Denver International Airport,DEN,Denver,United States,General Edward Lawrence Logan International Airport,BOS,Boston,United States,1520,3.44,2026-09-19,06:18 AM
American Airlines,Boeing 787-8 Dreamliner,B788,AA298,Philadelphia International Airport,PHL,Philadelphia,United States,Malpensa International Airport,MXP,Milan,Italy,3544,7.73,2026-09-19,08:24 AM
American Airlines,Boeing 787-9 Dreamliner,B789,AA718,Philadelphia International Airport,PHL,Philadelphia,United States,Leonardo Da Vinci (Fiumicino) International Airport,FCO,Rome,Italy,3789,8.25,2026-09-19,09:12 AM
Spirit Airlines,Airbus A321-231,A321,NK185,Harry Reid International Airport,LAS,Las Vegas,United States,Detroit Metro Wayne County Airport,DTW,Detroit,United States,1516,3.43,2026-09-19,09:19 AM
American Airlines,Boeing 777-223(ER),B772,AA240,Dallas-Fort Worth International Airport,DFW,Dallas-Fort Worth,United States,Leonardo Da Vinci (Fiumicino) International Airport,FCO,Rome,Italy,4867,10.54,2026-09-19,09:42 AM
Spirit Airlines,Airbus A320-271N,A20N,NK756,Harry Reid International Airport,LAS,Las Vegas,United States,Philadelphia International Airport,PHL,Philadelphia,United States,1887,4.22,2026-09-19,10:11 AM
United Airlines,Boeing 737-824,B738,UA2624,San Diego International Airport,SAN,San Diego,United States,Chicago O'Hare International Airport,ORD,Chicago,United States,1494,3.39,2026-09-19,10:21 AM
American Airlines,Boeing 777-223(ER),B772,AA194,Phoenix Sky Harbor International Airport,PHX,Phoenix,United States,London Heathrow Airport,LHR,London,United Kingdom,4570,9.91,2026-09-19,11:21 AM
United Airlines,Boeing 737 MAX 9,B39M,UA240,Cibao International Airport,STI,Santiago,Dominican Republic,Newark Liberty International Airport,EWR,Newark,United States,1291,2.96,2026-09-19,12:56 PM
United Airlines,Boeing 767-424(ER),B764,UA70,Newark Liberty International Airport,EWR,Newark,United States,Amsterdam Airport Schiphol,AMS,Amsterdam,Netherlands,3169,6.94,2026-09-20,05:39 AM
United Airlines,Boeing 777-224(ER),B772,UA888,San Francisco International Airport,SFO,San Francisco,United States,Beijing Capital International Airport,PEK,Beijing,China,5126,11.09,2026-09-20,05:44 AM
United Airlines,Boeing 787-9 Dreamliner,B789,UA893,San Francisco International Airport,SFO,San Francisco,United States,Incheon International Airport,ICN,Seoul,South Korea,4906,10.62,2026-04-20,06:10 AM
China United Airlines,Boeing 737-89P,B738,KN895,Beijing Daxing International Airport,PKX,Beijing,China,Wattay International Airport,VTE,Vientiane,Laos,1479,3.35,2026-09-20,06:39 AM
United Airlines,Boeing 787-10 Dreamliner,B78X,UA84,Newark Liberty International Airport,EWR,Newark,United States,Ben Gurion International Airport,TLV,Tel Aviv,Israel,4935,10.68,2026-09-20,07:20 AM
United Airlines,Boeing 737-824,B738,UA166,Taiwan Taoyuan International Airport,TPE,Taipei,Taiwan,Guam International Airport,GUM,Guam,Guam,1502,3.4,2026-09-20,07:37 AM
United Airlines,Boeing 767-322(ER),B763,UA322,Venezia / Tessera -  Marco Polo Airport,VCE,Venezia,Italy,Washington Dulles International Airport,IAD,Washington,United States,3800,8.27,2026-09-20,09:39 AM
United Airlines,Boeing 737-824,B738,UA837,Narita International Airport,NRT,Tokyo,Japan,Kaohsiung International Airport,KHH,Kaohsiung City,Taiwan,1311,3,2026-09-20,10:18 AM
United Airlines,Boeing 737-924,B739,UA799,Kansas City International Airport,MCI,Kansas City,United States,George Bush Intcntl/Houston Airport,IAH,Houston,United States,560,1.41,2026-09-20,03:51 PM
Spirit Airlines,Airbus A321-271NX,A21N,NK1040,Baltimore/Washington International Thurgood Marshall Airport,BWI,Baltimore,United States,Punta Cana International Airport,PUJ,Punta Cana,Dominican Republic,1311,3,2026-09-20,03:56 PM
American Airlines,Boeing 777-223(ER),B772,AA731,London Heathrow Airport,LHR,London,United Kingdom,Charlotte/Douglas International Airport,CLT,Charlotte,United States,3461,7.56,2026-09-20,04:03 PM
American Airlines,Boeing 737-823,B738,AA887,Charlotte/Douglas International Airport,CLT,Charlotte,United States,Daniel Oduber Quiros International Airport,LIR,Liberia,Costa Rica,1499,3.4,2026-09-20,04:17 PM
United Airlines,Boeing 737 MAX 8,B38M,UA1098,George Bush Intcntl/Houston Airport,IAH,Houston,United States,Ronald Reagan Washington Ntl Airport,DCA,Washington,United States,1048,2.44,2026-02-20,04:25 PM
Spirit Airlines,Airbus A320-271N,A20N,NK2200,Louisville Muhammad Ali International Airport,SDF,Louisville,United States,Orlando International Airport,MCO,Orlando,United States,626,1.55,2026-09-20,04:33 PM
Spirit Airlines,Airbus A320-271N,A20N,NK2079,Harry Reid International Airport,LAS,Las Vegas,United States,Chicago O'Hare International Airport,ORD,Chicago,United States,1313,3,2026-09-20,04:42 PM
United Airlines,Boeing 737-724,B737,UA1540,Sacramento International Airport,SMF,Sacramento,United States,George Bush Intcntl/Houston Airport,IAH,Houston,United States,1396,3.18,2026-09-20,04:45 PM
United Airlines,Boeing 757-224,B752,UA2029,Chicago O'Hare International Airport,ORD,Chicago,United States,Washington Dulles International Airport,IAD,Washington,United States,510,1.3,2026-09-20,04:52 PM
United Airlines,Boeing 737-824,B738,UA2622,San Diego International Airport,SAN,San Diego,United States,George Bush Intcntl/Houston Airport,IAH,Houston,United States,1130,2.61,2026-09-20,05:04 PM
United Airlines,Boeing 737-724,B737,UA1608,Jackson Hole Airport,JAC,Jackson,United States,Newark Liberty International Airport,EWR,Newark,United States,1624,3.66,2026-01-20,05:29 PM
American Airlines,Airbus A319-115,A319,AA2692,George Bush Intcntl/Houston Airport,IAH,Houston,United States,Philadelphia International Airport,PHL,Philadelphia,United States,1150,2.66,2026-09-20,05:35 PM
United Airlines,Boeing 737 MAX 9,B39M,UA600,General Edward Lawrence Logan International Airport,BOS,Boston,United States,Los Angeles International Airport,LAX,Los Angeles,United States,2264,5.02,2026-09-20,05:49 PM
United Airlines,Airbus A319-131,A319,UA1107,San Francisco International Airport,SFO,San Francisco,United States,Austin-Bergstrom International Airport,AUS,Austin,United States,1305,2.99,2026-09-20,05:55 PM
American Airlines,Boeing 737 MAX 8,B38M,AA1438,General Edward Lawrence Logan International Airport,BOS,Boston,United States,Dallas-Fort Worth International Airport,DFW,Dallas-Fort Worth,United States,1355,3.09,2026-09-20,06:11 PM
American Airlines,Airbus A321-253NX,A21N,AA1221,Los Angeles International Airport,LAX,Los Angeles,United States,Miami International Airport,MIA,Miami,United States,2032,4.53,2026-09-20,06:30 PM
Spirit Airlines,Airbus A320-271N,A20N,NK2487,Palm Beach International Airport,PBI,West Palm Beach,United States,Atlantic City International Airport,ACY,Atlantic City,United States,815,1.95,2026-07-20,06:32 PM
American Airlines,Airbus A319-112,A319,AA1726,Austin-Bergstrom International Airport,AUS,Austin,United States,Chicago O'Hare International Airport,ORD,Chicago,United States,850,2.02,2026-09-20,07:04 PM
United Airlines,Boeing 737-924,B739,UA722,George Bush Intcntl/Houston Airport,IAH,Houston,United States,John Glenn Columbus International Airport,CMH,Columbus,United States,856,2.03,2026-03-20,07:09 PM
Spirit Airlines,Airbus A321-271NX,A21N,NK2410,Orlando International Airport,MCO,Orlando,United States,Chicago O'Hare International Airport,ORD,Chicago,United States,875,2.07,2026-09-20,07:13 PM
American Airlines,Airbus A319-112,A319,AA1295,Dallas-Fort Worth International Airport,DFW,Dallas-Fort Worth,United States,Joe Foss Field,FSD,Sioux Falls,United States,642,1.58,2026-09-20,07:19 PM
Spirit Airlines,Airbus A321-271NX,A21N,NK344,Cancun International Airport,CUN,Cancun,Mexico,Dallas-Fort Worth International Airport,DFW,Dallas-Fort Worth,United States,895,2.12,2026-09-20,07:23 PM
United Airlines,Boeing 777-224(ER),B772,UA804,Tokyo International Airport,HND,Tokyo,Japan,Washington Dulles International Airport,IAD,Washington,United States,5882,12.69,2026-09-20,07:43 PM
American Airlines,Boeing 737-823,B738,AA665,Dallas-Fort Worth International Airport,DFW,Dallas-Fort Worth,United States,Montrose Regional Airport,MTJ,Montrose,United States,627,1.55,2026-09-20,07:50 PM
United Airlines,Boeing 737 MAX 8,B38M,UA2290,Chicago O'Hare International Airport,ORD,Chicago,United States,Dallas-Fort Worth International Airport,DFW,Dallas-Fort Worth,United States,697,1.7,2026-09-20,07:55 PM
American Airlines,Boeing 737-823,B738,AA1831,Chicago O'Hare International Airport,ORD,Chicago,United States,Palm Beach International Airport,PBI,West Palm Beach,United States,995,2.33,2026-05-20,07:55 PM
American Airlines,Boeing 737-823,B738,Unknown,Dallas-Fort Worth International Airport,DFW,Dallas-Fort Worth,United States,Dallas-Fort Worth International Airport,DFW,Dallas-Fort Worth,United States,0,0.22,2026-09-20,07:59 PM
United Airlines,Boeing 767-322(ER),B763,UA3905,Newark Liberty International Airport,EWR,Newark,United States,Galeao - Antonio Carlos Jobim International Airport,GIG,Rio De Janeiro,Brazil,4185,9.09,2026-09-20,08:01 PM
American Airlines,Airbus A319-112,A319,AA2101,Phoenix Sky Harbor International Airport,PHX,Phoenix,United States,Kansas City International Airport,MCI,Kansas City,United States,905,2.14,2026-09-20,08:26 PM
United Airlines,Boeing 777-222,B772,UA384,Denver International Airport,DEN,Denver,United States,Daniel K Inouye International Airport,HNL,Honolulu,United States,2920,6.41,2026-09-20,08:32 PM
United Airlines,Boeing 737-824,B738,UA2470,Vancouver International Airport,YVR,Richmond,Canada,Denver International Airport,DEN,Denver,United States,966,2.27,2026-09-20,08:34 PM
United Airlines,Boeing 737-924(ER),B739,UA2460,George Bush Intcntl/Houston Airport,IAH,Houston,United States,Los Angeles International Airport,LAX,Los Angeles,United States,1196,2.75,2026-09-20,08:38 PM
United Airlines,Boeing 737 MAX 8,B38M,UA1608,Newark Liberty International Airport,EWR,Newark,United States,Nashville International Airport,BNA,Nashville,United States,648,1.59,2026-09-20,08:45 PM
American Airlines,Boeing 737-823,B738,AA2314,Baltimore/Washington International Thurgood Marshall Airport,BWI,Baltimore,United States,Dallas-Fort Worth International Airport,DFW,Dallas-Fort Worth,United States,1055,2.46,2026-09-20,08:49 PM
United Airlines,Boeing 737-824,B738,UA360,Rogue Valley International - Medford Airport,MFR,Medford,United States,Denver International Airport,DEN,Denver,United States,835,1.99,2026-09-20,08:58 PM
United Airlines,Boeing 737 MAX 8,B38M,UA2318,Los Angeles International Airport,LAX,Los Angeles,United States,Vancouver International Airport,YVR,Richmond,Canada,940,2.21,2026-09-20,09:20 PM
United Airlines,Airbus A319-131,A319,UA1086,Bozeman Yellowstone International Airport,BZN,Bozeman,United States,George Bush Intcntl/Houston Airport,IAH,Houston,United States,1204,2.77,2026-09-20,09:56 PM
United Airlines,Boeing 737 MAX 9,B39M,UA692,Denver International Airport,DEN,Denver,United States,Baltimore/Washington International Thurgood Marshall Airport,BWI,Baltimore,United States,1292,2.96,2026-09-21,12:53 AM
Spirit Airlines,Airbus A320-232,A320,NK2027,George Bush Intcntl/Houston Airport,IAH,Houston,United States,Tampa International Airport,TPA,Tampa,United States,683,1.67,2026-09-21,12:59 AM
American Airlines,Boeing 737-823,B738,AA1559,Dallas-Fort Worth International Airport,DFW,Dallas-Fort Worth,United States,Chicago O'Hare International Airport,ORD,Chicago,United States,697,1.7,2026-09-21,01:03 AM
American Airlines,Airbus A321-253NX,A21N,AA636,Los Angeles International Airport,LAX,Los Angeles,United States,Charlotte/Douglas International Airport,CLT,Charlotte,United States,1842,4.12,2026-09-21,01:08 AM
American Airlines,Boeing 737-823,B738,AA2102,Dallas-Fort Worth International Airport,DFW,Dallas-Fort Worth,United States,Pensacola International Airport,PNS,Pensacola,United States,524,1.33,2026-09-21,01:09 AM
United Airlines,Boeing 737 MAX 8,B38M,UA1261,Salt Lake City International Airport,SLC,Salt Lake City,United States,Newark Liberty International Airport,EWR,Newark,United States,1706,3.84,2026-08-21,01:14 AM
Spirit Airlines,Airbus A320-271N,A20N,NK1883,Dallas-Fort Worth International Airport,DFW,Dallas-Fort Worth,United States,Newark Liberty International Airport,EWR,Newark,United States,1190,2.74,2026-09-21,01:16 AM
Spirit Airlines,Airbus A320-271N,A20N,NK3831,Kansas City International Airport,MCI,Kansas City,United States,Los Angeles International Airport,LAX,Los Angeles,United States,1182,2.72,2026-09-21,01:17 AM
American Airlines,Airbus A319-112,A319,AA2278,Eppley Airfield,OMA,Omaha,United States,Charlotte/Douglas International Airport,CLT,Charlotte,United States,792,1.9,2026-09-21,01:23 AM
United Airlines,Airbus A319-131,A319,UA1603,St Louis Lambert International Airport,STL,St Louis,United States,San Francisco International Airport,SFO,San Francisco,United States,1504,3.41,2026-09-21,01:24 AM
United Airlines,Boeing 737 MAX 8,B38M,UA2403,Newark Liberty International Airport,EWR,Newark,United States,Seattle-Tacoma International Airport,SEA,Seattle,United States,2082,4.63,2026-09-21,01:32 AM
American Airlines,Airbus A319-115,A319,AA504,Jackson Hole Airport,JAC,Jackson,United States,Chicago O'Hare International Airport,ORD,Chicago,United States,1007,2.35,2026-09-21,01:46 AM
United Airlines,Boeing 737 MAX 8,B38M,UA577,General Edward Lawrence Logan International Airport,BOS,Boston,United States,George Bush Intcntl/Houston Airport,IAH,Houston,United States,1386,3.16,2026-09-21,01:52 AM
American Airlines,Boeing 737-823,B738,AA1591,Tucson International Airport,TUS,Tucson,United States,Dallas-Fort Worth International Airport,DFW,Dallas-Fort Worth,United States,705,1.71,2026-09-21,01:52 AM
United Airlines,Boeing 787-9 Dreamliner,B789,UA1578,Newark Liberty International Airport,EWR,Newark,United States,Los Angeles International Airport,LAX,Los Angeles,United States,2128,4.73,2026-09-21,01:57 AM
American Airlines,Boeing 737 MAX 8,B38M,AA1937,Bozeman Yellowstone International Airport,BZN,Bozeman,United States,Dallas-Fort Worth International Airport,DFW,Dallas-Fort Worth,United States,1011,2.36,2026-09-21,02:03 AM
United Airlines,Boeing 737-7V3,B737,UA604,Chicago O'Hare International Airport,ORD,Chicago,United States,Eagle County Regional Airport,EGE,Eagle,United States,873,2.07,2026-09-21,02:07 AM
United Airlines,Boeing 737-924(ER),B739,UA1240,Dallas-Fort Worth International Airport,DFW,Dallas-Fort Worth,United States,Washington Dulles International Airport,IAD,Washington,United States,1014,2.37,2026-04-21,02:11 AM
American Airlines,Boeing 737-823,B738,AA1160,Chicago O'Hare International Airport,ORD,Chicago,United States,Denver International Airport,DEN,Denver,United States,770,1.85,2026-09-21,02:17 AM
United Airlines,Boeing 737-924(ER),B739,UA1943,Sacramento International Airport,SMF,Sacramento,United States,Denver International Airport,DEN,Denver,United States,788,1.89,2026-08-21,02:25 AM
United Airlines,Boeing 737-824,B738,UA1868,Vancouver International Airport,YVR,Richmond,Canada,Chicago O'Hare International Airport,ORD,Chicago,United States,1529,3.46,2026-09-21,02:29 AM
American Airlines,Airbus A320-232,A320,AA2353,Dallas-Fort Worth International Airport,DFW,Dallas-Fort Worth,United States,Tulsa International Airport,TUL,Tulsa,United States,206,0.66,2026-02-21,02:29 AM
Spirit Airlines,Airbus A320-271N,A20N,NK2070,Harry Reid International Airport,LAS,Las Vegas,United States,Chicago O'Hare International Airport,ORD,Chicago,United States,1313,3,2026-09-21,02:30 AM
American Airlines,Airbus A319-112,A319,AA1010,Dallas-Fort Worth International Airport,DFW,Dallas-Fort Worth,United States,St Louis Lambert International Airport,STL,St Louis,United States,478,1.23,2026-01-21,02:46 AM
American Airlines,Boeing 737-823,B738,AA1370,Phoenix Sky Harbor International Airport,PHX,Phoenix,United States,Nashville International Airport,BNA,Nashville,United States,1256,2.88,2026-01-21,02:46 AM
Spirit Airlines,Airbus A320-271N,A20N,NK1886,Tampa International Airport,TPA,Tampa,United States,Harry Reid International Airport,LAS,Las Vegas,United States,1721,3.87,2026-09-21,03:02 AM
American Airlines,Boeing 737-823,B738,AA2031,Charlotte/Douglas International Airport,CLT,Charlotte,United States,Laguardia Airport,LGA,New York,United States,473,1.22,2026-09-21,03:07 AM
American Airlines,Boeing 787-8 Dreamliner,B788,AA758,Philadelphia International Airport,PHL,Philadelphia,United States,Eleftherios Venizelos International Airport,ATH,Athens,Greece,4364,9.47,2026-09-21,03:16 AM
Spirit Airlines,Airbus A321-271NX,A21N,NK2535,Orlando International Airport,MCO,Orlando,United States,Nashville International Airport,BNA,Nashville,United States,536,1.36,2026-09-21,03:23 AM
United Airlines,Boeing 757-224,B752,UA1950,Los Angeles International Airport,LAX,Los Angeles,United States,Newark Liberty International Airport,EWR,Newark,United States,2128,4.73,2026-02-21,03:27 AM
American Airlines,Airbus A321-231,A321,AA2459,John Wayne/Orange County Airport,SNA,Santa Ana,United States,John F Kennedy International Airport,JFK,New York,United States,2128,4.73,2026-09-21,03:35 AM
United Airlines,Boeing 757-33N,B753,UA767,Chicago O'Hare International Airport,ORD,Chicago,United States,Denver International Airport,DEN,Denver,United States,770,1.85,2026-09-21,03:39 AM
American Airlines,Airbus A321-253NX,A21N,AA1489,Philadelphia International Airport,PHL,Philadelphia,United States,San Diego International Airport,SAN,San Diego,United States,2055,4.58,2026-09-21,04:04 AM
American Airlines,Boeing 777-323(ER),B77W,AA78,Dallas-Fort Worth International Airport,DFW,Dallas-Fort Worth,United States,London Heathrow Airport,LHR,London,United Kingdom,4118,8.95,2026-09-21,04:44 AM
United Airlines,Boeing 737-824,B738,UA1932,Montral-Pierre Elliott Trudeau International Airport,YUL,Dorval,Canada,San Francisco International Airport,SFO,San Francisco,United States,2201,4.89,2026-09-21,05:05 AM
American Airlines,Boeing 737-823,B738,AA600,Chicago O'Hare International Airport,ORD,Chicago,United States,Raleigh-Durham International Airport,RDU,Raleigh/Durham,United States,561,1.41,2026-09-21,05:32 AM
United Airlines,Boeing 777-224(ER),B772,UA915,Washington Dulles International Airport,IAD,Washington,United States,Charles de Gaulle International Airport,CDG,Paris,France,3350,7.32,2026-09-21,06:29 AM
United Airlines,Boeing 787-9 Dreamliner,B789,UA3027,Guarulhos - Governador Andre Franco Montoro International Airport,GRU,Sao Paulo,Brazil,George Bush Intcntl/Houston Airport,IAH,Houston,United States,4269,9.27,2026-09-21,09:26 AM
United Airlines,Boeing 767-322(ER),B763,UA330,Washington Dulles International Airport,IAD,Washington,United States,Charles de Gaulle International Airport,CDG,Paris,France,3350,7.32,2026-09-21,11:29 AM
American Airlines,Boeing 787-8 Dreamliner,B788,AA209,Dublin Airport,DUB,Dublin,Ireland,Chicago O'Hare International Airport,ORD,Chicago,United States,3183,6.97,2026-02-21,07:28 PM
United Airlines,Boeing 757-224,B752,UA1050,Newark Liberty International Airport,EWR,Newark,United States,George Bush Intcntl/Houston Airport,IAH,Houston,United States,1215,2.79,2026-07-21,07:37 PM
American Airlines,Boeing 737-823,B738,AA2233,Bangor International Airport,BGR,Bangor,United States,Charlotte/Douglas International Airport,CLT,Charlotte,United States,800,1.92,2026-09-21,07:38 PM
United Airlines,Airbus A320-232,A320,UA3883,Cecil Airport,VQQ,Jacksonville,United States,Denver International Airport,DEN,Denver,United States,1256,2.88,2026-09-21,07:51 PM
Spirit Airlines,Airbus A320-232,A320,NK882,Ramon Villeda Morales International Airport,SAP,La Mesa,Honduras,Orlando International Airport,MCO,Orlando,United States,861,2.04,2026-07-21,07:59 PM
American Airlines,Boeing 787-9 Dreamliner,B789,AA47,London Heathrow Airport,LHR,London,United Kingdom,Chicago O'Hare International Airport,ORD,Chicago,United States,3426,7.48,2026-01-21,08:00 PM
American Airlines,Boeing 787-8 Dreamliner,B788,AA299,Malpensa International Airport,MXP,Milan,Italy,Philadelphia International Airport,PHL,Philadelphia,United States,3544,7.73,2026-09-21,08:02 PM
United Airlines,Boeing 737-824,B738,UA1569,George Bush Intcntl/Houston Airport,IAH,Houston,United States,Philip S. W. Goldson International Airport,BZE,Belize City,Belize,841,2,2026-09-21,08:15 PM
American Airlines,Boeing 777-223(ER),B772,AA133,Dublin Airport,DUB,Dublin,Ireland,Dallas-Fort Worth International Airport,DFW,Dallas-Fort Worth,United States,3877,8.44,2026-09-21,08:28 PM
United Airlines,Boeing 737-724,B737,UA2079,Queretaro Intercontinental Airport,QRO,Queretaro,Mexico,George Bush Intcntl/Houston Airport,IAH,Houston,United States,621,1.54,2026-07-21,08:30 PM
American Airlines,Boeing 787-8 Dreamliner,B788,AA71,Frankfurt am Main International Airport,FRA,Frankfurt am Main,Germany,Dallas-Fort Worth International Airport,DFW,Dallas-Fort Worth,United States,4458,9.67,2026-09-21,08:52 PM
Spirit Airlines,Airbus A320-271N,A20N,NK281,Dallas-Fort Worth International Airport,DFW,Dallas-Fort Worth,United States,Luis Munoz Marin International Airport,SJU,San Juan,Puerto Rico,1880,4.2,2026-09-21,09:07 PM
United Airlines,Boeing 737-724,B737,UA8166,George Bush Intcntl/Houston Airport,IAH,Houston,United States,Washington Dulles International Airport,IAD,Washington,United States,1030,2.4,2026-08-21,09:22 PM
Spirit Airlines,Airbus A320-271N,A20N,NK2197,Baltimore/Washington International Thurgood Marshall Airport,BWI,Baltimore,United States,Detroit Metro Wayne County Airport,DTW,Detroit,United States,355,0.97,2026-09-21,10:03 PM
American Airlines,Airbus A319-132,A319,AA616,Hartsfield - Jackson Atlanta International Airport,ATL,Atlanta,United States,Chicago O'Hare International Airport,ORD,Chicago,United States,527,1.34,2026-01-21,10:11 PM
American Airlines,Airbus A319-115,A319,AA2147,Miami International Airport,MIA,Miami,United States,Orlando International Airport,MCO,Orlando,United States,167,0.57,2026-09-21,10:34 PM
United Airlines,Boeing 737-724,B737,UA543,Washington Dulles International Airport,IAD,Washington,United States,Pittsburgh International Airport,PIT,Pittsburgh,United States,158,0.55,2026-09-21,10:51 PM
American Airlines,Airbus A319-112,A319,AA3121,Dallas-Fort Worth International Airport,DFW,Dallas-Fort Worth,United States,Northwest Arkansas Ntl Airport,XNA,Fayetteville/Springdale/Rogers,United States,244,0.74,2026-09-21,10:56 PM
Spirit Airlines,Airbus A320-232,A320,NK2171,Dallas-Fort Worth International Airport,DFW,Dallas-Fort Worth,United States,Fort Lauderdale/Hollywood International Airport,FLL,Fort Lauderdale,United States,972,2.28,2026-09-21,11:17 PM
American Airlines,Boeing 787-8 Dreamliner,B788,AA123,Dallas-Fort Worth International Airport,DFW,Dallas-Fort Worth,United States,Kahului Airport,OGG,Kahului,United States,3219,7.04,2026-09-21,11:41 PM
United Airlines,Boeing 777-222,B772,UA1728,Washington Dulles International Airport,IAD,Washington,United States,Denver International Airport,DEN,Denver,United States,1258,2.89,2026-05-21,11:41 PM
Spirit Airlines,Airbus A320-271N,A20N,NK2349,Fort Lauderdale/Hollywood International Airport,FLL,Fort Lauderdale,United States,Myrtle Beach International Airport,MYR,Myrtle Beach,United States,461,1.2,2026-09-22,12:07 AM
United Airlines,Boeing 757-224,B752,UA2641,Newark Liberty International Airport,EWR,Newark,United States,Los Angeles International Airport,LAX,Los Angeles,United States,2128,4.73,2026-09-22,12:21 AM
Spirit Airlines,Airbus A320-232,A320,NK1469,Louis Armstrong New Orleans International Airport,MSY,New Orleans,United States,Orlando International Airport,MCO,Orlando,United States,478,1.23,2026-09-22,12:27 AM
United Airlines,Boeing 737-724,B737,UA1794,Portland International Airport,PDX,Portland,United States,George Bush Intcntl/Houston Airport,IAH,Houston,United States,1584,3.58,2026-09-22,12:36 AM
United Airlines,Boeing 757-224,B752,UA2248,San Francisco International Airport,SFO,San Francisco,United States,Newark Liberty International Airport,EWR,Newark,United States,2224,4.93,2026-09-22,02:58 AM
United Airlines,Boeing 737 MAX 8,B38M,UA1105,Vancouver International Airport,YVR,Richmond,Canada,Denver International Airport,DEN,Denver,United States,966,2.27,2026-09-22,03:04 AM
United Airlines,Boeing 767-322(ER),B763,UA134,Newark Liberty International Airport,EWR,Newark,United States,Zurich Airport,ZRH,Zurich,Switzerland,3419,7.47,2026-09-22,03:10 AM
American Airlines,Boeing 787-9 Dreamliner,B789,AA736,Philadelphia International Airport,PHL,Philadelphia,United States,London Heathrow Airport,LHR,London,United Kingdom,3072,6.73,2026-09-22,03:10 AM
United Airlines,Boeing 787-9 Dreamliner,B789,UA182,Denver International Airport,DEN,Denver,United States,Frankfurt am Main International Airport,FRA,Frankfurt am Main,Germany,4367,9.48,2026-09-22,03:13 AM
United Airlines,Boeing 777-224(ER),B772,UA1578,Newark Liberty International Airport,EWR,Newark,United States,Los Angeles International Airport,LAX,Los Angeles,United States,2128,4.73,2026-04-22,03:15 AM
United Airlines,Boeing 757-33N,B753,UA3779,Denver International Airport,DEN,Denver,United States,Seattle-Tacoma International Airport,SEA,Seattle,United States,888,2.1,2026-09-22,03:29 AM
United Airlines,Boeing 737-724,B737,UA554,Chicago O'Hare International Airport,ORD,Chicago,United States,San Antonio International Airport,SAT,San Antonio,United States,906,2.14,2026-09-22,03:30 AM
American Airlines,Boeing 737-823,B738,AA1425,Dallas-Fort Worth International Airport,DFW,Dallas-Fort Worth,United States,Bradley International Airport,BDL,Windsor Locks,United States,1276,2.92,2026-09-22,03:32 AM
Spirit Airlines,Airbus A320-271N,A20N,NK456,Atlantic City International Airport,ACY,Atlantic City,United States,Fort Lauderdale/Hollywood International Airport,FLL,Fort Lauderdale,United States,851,2.02,2026-09-22,03:39 AM
United Airlines,Boeing 737-824,B738,UA360,Denver International Airport,DEN,Denver,United States,Philadelphia International Airport,PHL,Philadelphia,United States,1350,3.08,2026-09-22,03:58 AM
Spirit Airlines,Airbus A320-271N,A20N,NK2116,Fort Lauderdale/Hollywood International Airport,FLL,Fort Lauderdale,United States,Newark Liberty International Airport,EWR,Newark,United States,927,2.18,2026-09-22,04:09 AM
United Airlines,Boeing 737-824,B738,UA424,San Francisco International Airport,SFO,San Francisco,United States,San Antonio International Airport,SAT,San Antonio,United States,1286,2.95,2026-08-22,04:15 AM
United Airlines,Boeing 767-322(ER),B763,UA321,Washington Dulles International Airport,IAD,Washington,United States,Venezia / Tessera -  Marco Polo Airport,VCE,Venezia,Italy,3800,8.27,2026-09-22,04:17 AM
United Airlines,Boeing 767-3CB(ER),B763,UA272,Newark Liberty International Airport,EWR,Newark,United States,Nice-Cote d'Azur Airport,NCE,Nice,France,3473,7.58,2026-09-22,04:29 AM
United Airlines,Boeing 777-224(ER),B772,UA102,George Bush Intcntl/Houston Airport,IAH,Houston,United States,Munich International Airport,MUC,Munich,Germany,4697,10.18,2026-09-22,04:42 AM
American Airlines,Boeing 787-8 Dreamliner,B788,AA714,Philadelphia International Airport,PHL,Philadelphia,United States,Venezia / Tessera -  Marco Polo Airport,VCE,Venezia,Italy,3682,8.02,2026-09-22,05:19 AM
United Airlines,Boeing 757-224,B752,UA288,Chicago O'Hare International Airport,ORD,Chicago,United States,Shannon Airport,SNN,Shannon,Ireland,3111,6.81,2026-09-22,05:44 AM
American Airlines,Boeing 777-323(ER),B77W,AA106,John F Kennedy International Airport,JFK,New York,United States,London Heathrow Airport,LHR,London,United Kingdom,2991,6.56,2026-09-22,06:13 AM
United Airlines,Boeing 757-224,B752,UA978,Washington Dulles International Airport,IAD,Washington,United States,Edinburgh Airport,EDI,Edinburgh,United Kingdom,3017,6.62,2026-09-22,06:50 AM
United Airlines,Boeing 757-224,B752,UA350,Newark Liberty International Airport,EWR,Newark,United States,Malaga Airport,AGP,Malaga,Spain,3187,6.98,2026-09-22,06:50 AM
United Airlines,Boeing 767-322(ER),B763,UA14,Newark Liberty International Airport,EWR,Newark,United States,London Heathrow Airport,LHR,London,United Kingdom,3003,6.59,2026-02-22,07:01 AM
Spirit Airlines,Airbus A321-271NX,A21N,NK954,Harry Reid International Airport,LAS,Las Vegas,United States,Fort Lauderdale/Hollywood International Airport,FLL,Fort Lauderdale,United States,1886,4.22,2026-09-22,07:31 AM
United Airlines,Boeing 787-8 Dreamliner,B788,UA953,Chicago O'Hare International Airport,ORD,Chicago,United States,Munich International Airport,MUC,Munich,Germany,3925,8.54,2026-09-22,07:50 AM
United Airlines,Boeing 757-224,B752,UA619,Brussels Airport,BRU,Brussels,Belgium,Newark Liberty International Airport,EWR,Newark,United States,3190,6.98,2026-09-22,08:31 AM
American Airlines,Boeing 777-223(ER),B772,AA48,Dallas-Fort Worth International Airport,DFW,Dallas-Fort Worth,United States,Charles de Gaulle International Airport,CDG,Paris,France,4289,9.31,2026-09-22,08:37 AM
American Airlines,Airbus A321-253NX,A21N,AA9805,Philadelphia International Airport,PHL,Philadelphia,United States,Edinburgh Airport,EDI,Edinburgh,United Kingdom,2902,6.37,2026-09-22,08:44 AM
United Airlines,Boeing 737 MAX 8,B38M,UA2132,Sacramento International Airport,SMF,Sacramento,United States,Newark Liberty International Airport,EWR,Newark,United States,2167,4.81,2026-09-22,11:40 AM
Spirit Airlines,Airbus A320-271N,A20N,NK2396,Indianapolis International Airport,IND,Indianapolis,United States,Orlando International Airport,MCO,Orlando,United States,721,1.75,2026-09-22,11:54 AM
Spirit Airlines,Airbus A320-271N,A20N,NK311,Dallas-Fort Worth International Airport,DFW,Dallas-Fort Worth,United States,Raleigh-Durham International Airport,RDU,Raleigh/Durham,United States,920,2.17,2026-09-22,02:11 PM
Spirit Airlines,Airbus A320-271N,A20N,NK2717,Fort Lauderdale/Hollywood International Airport,FLL,Fort Lauderdale,United States,Columbia Metro Airport,CAE,Columbia,United States,475,1.23,2026-09-22,02:22 PM
United Airlines,Boeing 737 MAX 8,B38M,UA1160,Montral-Pierre Elliott Trudeau International Airport,YUL,Dorval,Canada,Chicago O'Hare International Airport,ORD,Chicago,United States,648,1.59,2026-09-22,03:02 PM
American Airlines,Boeing 737 MAX 8,B38M,AA683,Miami International Airport,MIA,Miami,United States,John F Kennedy International Airport,JFK,New York,United States,949,2.23,2026-09-22,03:16 PM
United Airlines,Boeing 787-10 Dreamliner,B78X,UA423,Eleftherios Venizelos International Airport,ATH,Athens,Greece,Chicago O'Hare International Airport,ORD,Chicago,United States,4736,10.26,2026-09-22,03:46 PM
China United Airlines,Boeing 737-79P,B737,KN5628,Xingyi Airport,ACX,Xingyi,China,Beijing Daxing International Airport,PKX,Beijing,China,1040,2.42,2026-09-22,03:47 PM
American Airlines,Boeing 787-8 Dreamliner,B788,AA771,Leonardo Da Vinci (Fiumicino) International Airport,FCO,Rome,Italy,Philadelphia International Airport,PHL,Philadelphia,United States,3789,8.25,2026-09-22,03:48 PM
United Airlines,Boeing 757-224,B752,UA282,Faro Airport,FAO,Faro,Portugal,Newark Liberty International Airport,EWR,Newark,United States,3029,6.64,2026-09-22,04:34 PM
United Airlines,Boeing 737-924(ER),B739,UA1926,Washington Dulles International Airport,IAD,Washington,United States,Orlando International Airport,MCO,Orlando,United States,657,1.61,2026-09-22,04:41 PM
American Airlines,Boeing 737 MAX 8,B38M,AA2626,Charlotte/Douglas International Airport,CLT,Charlotte,United States,Calgary International Airport,YYC,Calgary,Canada,1712,3.85,2026-09-22,05:07 PM
United Airlines,Boeing 767-322(ER),B763,UA3906,Galeao - Antonio Carlos Jobim International Airport,GIG,Rio De Janeiro,Brazil,Newark Liberty International Airport,EWR,Newark,United States,4185,9.09,2026-09-22,06:10 PM
United Airlines,Boeing 767-424(ER),B764,UA3921,Newark Liberty International Airport,EWR,Newark,United States,Galeao - Antonio Carlos Jobim International Airport,GIG,Rio De Janeiro,Brazil,4185,9.09,2026-09-23,12:36 PM
Spirit Airlines,Airbus A320-232,A320,NK2274,Fort Lauderdale/Hollywood International Airport,FLL,Fort Lauderdale,United States,Charlotte/Douglas International Airport,CLT,Charlotte,United States,550,1.39,2026-09-23,01:50 PM
United Airlines,Boeing 737 MAX 8,B38M,UA2746,George Bush Intcntl/Houston Airport,IAH,Houston,United States,Fort Lauderdale/Hollywood International Airport,FLL,Fort Lauderdale,United States,838,2,2026-09-23,02:41 PM
Spirit Airlines,Airbus A321-231,A321,NK3643,Cancun International Airport,CUN,Cancun,Mexico,Orlando International Airport,MCO,Orlando,United States,538,1.36,2026-09-26,04:00 PM
United Airlines,Boeing 737 MAX 8,B38M,UA1064,Licenciado Benito Juarez International Airport,MEX,Mexico City,Mexico,Newark Liberty International Airport,EWR,Newark,United States,1805,4.05,2026-09-26,06:00 PM
Spirit Airlines,Airbus A321-271NX,A21N,NK514,La Aurora Airport,GUA,Guatemala City,Guatemala,Orlando International Airport,MCO,Orlando,United States,977,2.29,2026-09-26,07:28 PM
American Airlines,Boeing 737 MAX 8,B38M,AA264,Licenciado Benito Juarez International Airport,MEX,Mexico City,Mexico,Miami International Airport,MIA,Miami,United States,1107,2.57,2026-09-26,08:06 PM
Spirit Airlines,Airbus A320-232,A320,NK1310,Juan Santamaria International Airport,SJO,San Jose,Costa Rica,Orlando International Airport,MCO,Orlando,United States,1119,2.59,2026-09-26,08:48 PM
United Airlines,Boeing 737 MAX 8,B38M,UA1733,Newark Liberty International Airport,EWR,Newark,United States,Miami International Airport,MIA,Miami,United States,945,2.22,2026-09-26,08:50 PM
United Airlines,Boeing 787-10 Dreamliner,B78X,UA3879,Guarulhos - Governador Andre Franco Montoro International Airport,GRU,Sao Paulo,Brazil,Chicago O'Hare International Airport,ORD,Chicago,United States,4551,9.87,2026-09-26,08:53 PM
Spirit Airlines,Airbus A321-231,A321,NK1898,Fort Lauderdale/Hollywood International Airport,FLL,Fort Lauderdale,United States,Pittsburgh International Airport,PIT,Pittsburgh,United States,866,2.05,2026-09-26,09:22 PM
American Airlines,Airbus A321-253NX,A21N,AA985,Miami International Airport,MIA,Miami,United States,Charlotte/Douglas International Airport,CLT,Charlotte,United States,567,1.42,2026-09-26,10:12 PM
American Airlines,Boeing 737 MAX 8,B38M,AA1341,Miami International Airport,MIA,Miami,United States,Luis Munoz Marin International Airport,SJU,San Juan,Puerto Rico,908,2.14,2026-09-27,05:12 PM
China United Airlines,Boeing 737-89P,B738,KN5968,Quanzhou Airport,JJN,Quanzhou,China,Beijing Daxing International Airport,PKX,Beijing,China,890,2.11,2026-09-28,06:14 AM
China United Airlines,Boeing 737-89P,B738,KN5251,Wenzhou Yongqiang Airport,WNZ,Wenzhou,China,Shenzhen Bao'an International Airport,SZX,Shenzhen,China,496,1.27,2026-09-28,09:33 AM
United Airlines,Boeing 737-724,B737,UA434,John Wayne/Orange County Airport,SNA,Santa Ana,United States,George Bush Intcntl/Houston Airport,IAH,Houston,United States,1168,2.7,2026-09-29,01:01 AM
United Airlines,Boeing 737-824,B738,UA1174,Los Cabos International Airport,SJD,San Jose del Cabo,Mexico,San Francisco International Airport,SFO,San Francisco,United States,1086,2.52,2026-09-29,01:01 AM
Spirit Airlines,Airbus A320-232,A320,NK2070,Harry Reid International Airport,LAS,Las Vegas,United States,Chicago O'Hare International Airport,ORD,Chicago,United States,1313,3,2026-09-29,01:02 AM
American Airlines,Airbus A319-115,A319,AA1883,Jackson Hole Airport,JAC,Jackson,United States,Dallas-Fort Worth International Airport,DFW,Dallas-Fort Worth,United States,909,2.15,2026-09-29,01:06 AM
Spirit Airlines,Airbus A320-271N,A20N,NK3493,Chicago O'Hare International Airport,ORD,Chicago,United States,Tampa International Airport,TPA,Tampa,United States,881,2.09,2026-09-29,01:08 AM
United Airlines,Boeing 767-322(ER),B763,UA929,Chicago O'Hare International Airport,ORD,Chicago,United States,London Heathrow Airport,LHR,London,United Kingdom,3426,7.48,2026-05-29,01:09 AM
United Airlines,Boeing 757-224,B752,UA854,George Bush Intcntl/Houston Airport,IAH,Houston,United States,Jorge Chavez International Airport,LIM,Lima,Peru,2734,6.02,2026-09-29,01:12 AM
American Airlines,Airbus A320-232,A320,AA1320,Austin-Bergstrom International Airport,AUS,Austin,United States,Charlotte/Douglas International Airport,CLT,Charlotte,United States,896,2.12,2026-07-29,01:21 AM
United Airlines,Airbus A319-131,A319,UA1968,Albuquerque International Sunport Airport,ABQ,Albuquerque,United States,Washington Dulles International Airport,IAD,Washington,United States,1409,3.21,2026-07-29,01:41 AM
United Airlines,Boeing 787-9 Dreamliner,B789,UA1855,Los Angeles International Airport,LAX,Los Angeles,United States,Newark Liberty International Airport,EWR,Newark,United States,2128,4.73,2026-09-29,01:43 AM
United Airlines,Boeing 737 MAX 8,B38M,UA1383,John Wayne/Orange County Airport,SNA,Santa Ana,United States,Chicago O'Hare International Airport,ORD,Chicago,United States,1497,3.39,2026-09-29,01:45 AM
United Airlines,Boeing 757-224,B752,UA2328,Newark Liberty International Airport,EWR,Newark,United States,San Francisco International Airport,SFO,San Francisco,United States,2224,4.93,2026-03-29,01:51 AM
United Airlines,Boeing 737-824,B738,UA211,George Bush Intcntl/Houston Airport,IAH,Houston,United States,Laguardia Airport,LGA,New York,United States,1230,2.83,2026-09-29,01:54 AM
United Airlines,Boeing 737-824,B738,UA1587,Denver International Airport,DEN,Denver,United States,Southwest Florida International Airport,RSW,Fort Myers,United States,1395,3.18,2026-09-29,01:58 AM
United Airlines,Boeing 737-824,B738,UA2146,Los Angeles International Airport,LAX,Los Angeles,United States,Denver International Airport,DEN,Denver,United States,748,1.8,2026-09-29,02:00 AM
United Airlines,Boeing 737-724,B737,UA697,San Antonio International Airport,SAT,San Antonio,United States,Chicago O'Hare International Airport,ORD,Chicago,United States,906,2.14,2026-01-29,02:04 AM
United Airlines,Boeing 737 MAX 8,B38M,UA1675,George Bush Intcntl/Houston Airport,IAH,Houston,United States,Jose Maria Cordova International Airport,MDE,Rionegro,Colombia,1820,4.08,2026-09-29,02:08 AM
United Airlines,Boeing 777-222,B772,UA3816,Buffalo Niagara International Airport,BUF,Buffalo,United States,Louis Armstrong New Orleans International Airport,MSY,New Orleans,United States,954,2.24,2026-09-29,02:19 AM
United Airlines,Boeing 737 MAX 8,B38M,UA2386,San Francisco International Airport,SFO,San Francisco,United States,Ronald Reagan Washington Ntl Airport,DCA,Washington,United States,2117,4.71,2026-09-29,02:21 AM
United Airlines,Boeing 737-71Q,B737,UA592,Chicago O'Hare International Airport,ORD,Chicago,United States,Reno/Tahoe International Airport,RNO,Reno,United States,1449,3.29,2026-09-29,02:39 AM
American Airlines,Boeing 777-223(ER),B772,AA9732,Newark Liberty International Airport,EWR,Newark,United States,Los Angeles International Airport,LAX,Los Angeles,United States,2128,4.73,2026-09-29,02:41 AM
United Airlines,Boeing 777-222,B772,UA1947,Daniel K Inouye International Airport,HNL,Honolulu,United States,San Francisco International Airport,SFO,San Francisco,United States,2082,4.63,2026-09-29,02:47 AM
United Airlines,Boeing 787-10 Dreamliner,B78X,UA40,Newark Liberty International Airport,EWR,Newark,United States,Leonardo Da Vinci (Fiumicino) International Airport,FCO,Rome,Italy,3721,8.11,2026-09-29,02:47 AM
United Airlines,Boeing 777-222,B772,UA1157,Daniel K Inouye International Airport,HNL,Honolulu,United States,Los Angeles International Airport,LAX,Los Angeles,United States,2218,4.92,2026-09-29,02:50 AM
United Airlines,Boeing 787-9 Dreamliner,B789,UA884,Washington Dulles International Airport,IAD,Washington,United States,Leonardo Da Vinci (Fiumicino) International Airport,FCO,Rome,Italy,3908,8.5,2026-05-29,04:05 AM
American Airlines,Airbus A319-132,A319,AA3198,Chicago O'Hare International Airport,ORD,Chicago,United States,Eppley Airfield,OMA,Omaha,United States,360,0.98,2026-09-29,04:35 AM
American Airlines,Boeing 737-823,B738,AA972,Dallas-Fort Worth International Airport,DFW,Dallas-Fort Worth,United States,Austin-Bergstrom International Airport,AUS,Austin,United States,165,0.57,2026-09-29,04:36 AM
United Airlines,Boeing 737 MAX 8,B38M,UA1787,Denver International Airport,DEN,Denver,United States,Eppley Airfield,OMA,Omaha,United States,409,1.09,2026-09-29,04:45 AM
American Airlines,Airbus A320-214,A320,AA2846,Phoenix Sky Harbor International Airport,PHX,Phoenix,United States,George Bush Intcntl/Houston Airport,IAH,Houston,United States,875,2.07,2026-09-29,04:58 AM
United Airlines,Boeing 787-9 Dreamliner,B789,UA115,San Francisco International Airport,SFO,San Francisco,United States,Faa'a International Airport,PPT,Papeete,French Polynesia,3652,7.96,2026-09-29,05:43 AM
United Airlines,Boeing 777-224(ER),B772,UA2397,Los Angeles International Airport,LAX,Los Angeles,United States,Newark Liberty International Airport,EWR,Newark,United States,2128,4.73,2026-09-29,05:51 AM
United Airlines,Boeing 737-824,B738,UA2651,Denver International Airport,DEN,Denver,United States,Seattle-Tacoma International Airport,SEA,Seattle,United States,888,2.1,2026-09-29,06:10 AM
American Airlines,Boeing 787-8 Dreamliner,B788,AA6,Daniel K Inouye International Airport,HNL,Honolulu,United States,Dallas-Fort Worth International Airport,DFW,Dallas-Fort Worth,United States,3283,7.18,2026-09-29,06:38 AM
American Airlines,Boeing 777-323(ER),B77W,AA905,Miami International Airport,MIA,Miami,United States,Galeao - Antonio Carlos Jobim International Airport,GIG,Rio De Janeiro,Brazil,3627,7.91,2026-09-29,08:57 AM
Spirit Airlines,Airbus A320-232,A320,NK1341,Comayagua-Palmerola International Airport,XPL,Comayagua,Honduras,Fort Lauderdale/Hollywood International Airport,FLL,Fort Lauderdale,United States,818,1.95,2026-05-29,09:01 AM
United Airlines,Boeing 737 MAX 8,B38M,UA1834,Chicago O'Hare International Airport,ORD,Chicago,United States,Tampa International Airport,TPA,Tampa,United States,881,2.09,2026-09-29,07:20 PM
United Airlines,Boeing 737-924,B739,UA1334,George Bush Intcntl/Houston Airport,IAH,Houston,United States,Palm Beach International Airport,PBI,West Palm Beach,United States,829,1.98,2026-09-29,07:34 PM
United Airlines,Airbus A319-131,A319,UA358,Dallas-Fort Worth International Airport,DFW,Dallas-Fort Worth,United States,Washington Dulles International Airport,IAD,Washington,United States,1014,2.37,2026-09-29,07:48 PM
United Airlines,Boeing 737 MAX 8,B38M,UA1418,Denver International Airport,DEN,Denver,United States,Miami International Airport,MIA,Miami,United States,1484,3.37,2026-07-29,07:55 PM
American Airlines,Boeing 787-8 Dreamliner,B788,Unknown,Guarulhos - Governador Andre Franco Montoro International Airport,GRU,Sao Paulo,Brazil,Guarulhos - Governador Andre Franco Montoro International Airport,GRU,Sao Paulo,Brazil,0,0.22,2026-09-29,08:43 PM
Spirit Airlines,Airbus A320-232,A320,NK441,Orlando International Airport,MCO,Orlando,United States,Nashville International Airport,BNA,Nashville,United States,536,1.36,2026-09-29,08:57 PM
United Airlines,Boeing 737 MAX 8,B38M,UA1570,Philip S. W. Goldson International Airport,BZE,Belize City,Belize,George Bush Intcntl/Houston Airport,IAH,Houston,United States,841,2,2026-09-29,09:36 PM
American Airlines,Airbus A321-253N,A21N,AA2790,Punta Cana International Airport,PUJ,Punta Cana,Dominican Republic,Charlotte/Douglas International Airport,CLT,Charlotte,United States,1203,2.77,2026-04-29,09:40 PM
United Airlines,Boeing 737 MAX 8,B38M,UA1303,Southwest Florida International Airport,RSW,Fort Myers,United States,Denver International Airport,DEN,Denver,United States,1395,3.18,2026-09-29,09:47 PM
Spirit Airlines,Airbus A320-271N,A20N,NK2461,Miami International Airport,MIA,Miami,United States,Atlantic City International Airport,ACY,Atlantic City,United States,869,2.06,2026-09-29,10:00 PM
Spirit Airlines,Airbus A320-232,A320,NK1665,Nashville International Airport,BNA,Nashville,United States,Miami International Airport,MIA,Miami,United States,702,1.71,2026-09-29,10:02 PM
Spirit Airlines,Airbus A321-271NX,A21N,NK3774,Baltimore/Washington International Thurgood Marshall Airport,BWI,Baltimore,United States,Miami International Airport,MIA,Miami,United States,824,1.97,2026-09-29,10:02 PM
United Airlines,Boeing 737-924(ER),B739,UA1667,Cancun International Airport,CUN,Cancun,Mexico,Chicago O'Hare International Airport,ORD,Chicago,United States,1258,2.89,2026-09-29,10:14 PM
American Airlines,Boeing 737 MAX 8,B38M,AA358,Charlotte/Douglas International Airport,CLT,Charlotte,United States,John Wayne/Orange County Airport,SNA,Santa Ana,United States,1820,4.08,2026-09-29,10:33 PM
United Airlines,Boeing 737 MAX 8,B38M,UA2132,Mc Ghee Tyson Airport,TYS,Knoxville,United States,Denver International Airport,DEN,Denver,United States,1008,2.36,2026-09-29,10:41 PM
American Airlines,Boeing 737-823,B738,AA2082,Tulsa International Airport,TUL,Tulsa,United States,Charlotte/Douglas International Airport,CLT,Charlotte,United States,730,1.77,2026-09-29,10:45 PM
Spirit Airlines,Airbus A320-271N,A20N,NK2580,Louis Armstrong New Orleans International Airport,MSY,New Orleans,United States,Baltimore/Washington International Thurgood Marshall Airport,BWI,Baltimore,United States,867,2.06,2026-09-29,10:46 PM
United Airlines,Boeing 737-7V3,B737,UA654,Ronald Reagan Washington Ntl Airport,DCA,Washington,United States,Chicago O'Hare International Airport,ORD,Chicago,United States,531,1.34,2026-09-29,11:14 PM
American Airlines,Boeing 737-823,B738,AA1028,Queen Beatrix International Airport,AUA,Oranjestad,Aruba,Miami International Airport,MIA,Miami,United States,987,2.31,2026-09-29,11:17 PM
United Airlines,Airbus A319-131,A319,UA725,John Glenn Columbus International Airport,CMH,Columbus,United States,George Bush Intcntl/Houston Airport,IAH,Houston,United States,856,2.03,2026-09-29,11:25 PM
United Airlines,Boeing 737-824,B738,UA1338,Laguardia Airport,LGA,New York,United States,George Bush Intcntl/Houston Airport,IAH,Houston,United States,1230,2.83,2026-09-29,11:31 PM
American Airlines,Boeing 737 MAX 8,B38M,AA1173,Dallas-Fort Worth International Airport,DFW,Dallas-Fort Worth,United States,Miami International Airport,MIA,Miami,United States,973,2.28,2026-09-29,11:32 PM
American Airlines,Airbus A319-115,A319,AA657,Charlotte/Douglas International Airport,CLT,Charlotte,United States,John F Kennedy International Airport,JFK,New York,United States,470,1.22,2026-09-29,11:45 PM
Spirit Airlines,Airbus A320-271N,A20N,NK1872,Louisville Muhammad Ali International Airport,SDF,Louisville,United States,Harry Reid International Airport,LAS,Las Vegas,United States,1408,3.2,2026-09-29,11:52 PM
United Airlines,Boeing 737 MAX 9,B39M,UA2399,George Bush Intcntl/Houston Airport,IAH,Houston,United States,San Diego International Airport,SAN,San Diego,United States,1130,2.61,2026-09-30,12:03 AM
Spirit Airlines,Airbus A320-271N,A20N,NK2245,Orlando International Airport,MCO,Orlando,United States,Hartsfield - Jackson Atlanta International Airport,ATL,Atlanta,United States,351,0.96,2026-09-30,12:11 AM
American Airlines,Airbus A319-112,A319,AA3314,Chicago O'Hare International Airport,ORD,Chicago,United States,San Antonio International Airport,SAT,San Antonio,United States,906,2.14,2026-09-30,12:22 AM
United Airlines,Boeing 737 MAX 8,B38M,UA582,San Francisco International Airport,SFO,San Francisco,United States,Cleveland-Hopkins International Airport,CLE,Cleveland,United States,1873,4.19,2026-08-30,12:30 AM
United Airlines,Boeing 737-824,B738,UA445,Fort Lauderdale/Hollywood International Airport,FLL,Fort Lauderdale,United States,George Bush Intcntl/Houston Airport,IAH,Houston,United States,838,2,2026-08-30,12:55 AM
Spirit Airlines,Airbus A321-271NX,A21N,NK595,San Antonio International Airport,SAT,San Antonio,United States,Los Angeles International Airport,LAX,Los Angeles,United States,1050,2.44,2026-09-30,03:15 AM
United Airlines,Boeing 737 MAX 8,B38M,UA1420,George Bush Intcntl/Houston Airport,IAH,Houston,United States,Portland International Airport,PDX,Portland,United States,1584,3.58,2026-09-30,03:18 AM
Spirit Airlines,Airbus A321-271NX,A21N,NK1226,Chicago O'Hare International Airport,ORD,Chicago,United States,Fort Lauderdale/Hollywood International Airport,FLL,Fort Lauderdale,United States,1029,2.4,2026-09-30,03:23 AM
American Airlines,Airbus A320-232,A320,AA391,Dallas-Fort Worth International Airport,DFW,Dallas-Fort Worth,United States,Albany International Airport,ALB,Albany,United States,1245,2.86,2026-09-30,03:24 AM
United Airlines,Boeing 737-724,B737,UA1079,Austin-Bergstrom International Airport,AUS,Austin,United States,Newark Liberty International Airport,EWR,Newark,United States,1305,2.99,2026-09-30,03:25 AM
United Airlines,Boeing 737-724,B737,UA2091,George Bush Intcntl/Houston Airport,IAH,Houston,United States,Nashville International Airport,BNA,Nashville,United States,570,1.43,2026-09-30,03:35 AM
United Airlines,Boeing 757-224,B752,UA2437,San Francisco International Airport,SFO,San Francisco,United States,Newark Liberty International Airport,EWR,Newark,United States,2224,4.93,2026-09-30,03:36 AM
United Airlines,Boeing 737-924(ER),B739,UA2322,George Bush Intcntl/Houston Airport,IAH,Houston,United States,Washington Dulles International Airport,IAD,Washington,United States,1030,2.4,2026-09-30,03:38 AM
United Airlines,Boeing 737 MAX 9,B39M,UA739,Chicago O'Hare International Airport,ORD,Chicago,United States,Harry Reid International Airport,LAS,Las Vegas,United States,1313,3,2026-09-30,03:45 AM
American Airlines,Boeing 737-823,B738,AA1982,Los Angeles International Airport,LAX,Los Angeles,United States,Raleigh-Durham International Airport,RDU,Raleigh/Durham,United States,1941,4.33,2026-09-30,03:48 AM
United Airlines,Boeing 737-724,B737,UA2198,George Bush Intcntl/Houston Airport,IAH,Houston,United States,Tucson International Airport,TUS,Tucson,United States,812,1.94,2026-03-30,03:50 AM
United Airlines,Boeing 737 MAX 8,B38M,UA2197,George Bush Intcntl/Houston Airport,IAH,Houston,United States,Seattle-Tacoma International Airport,SEA,Seattle,United States,1627,3.67,2026-09-30,04:07 AM
United Airlines,Boeing 737-924(ER),B739,UA421,Denver International Airport,DEN,Denver,United States,General Mitchell International Airport,MKE,Milwaukee,United States,776,1.86,2026-09-30,04:11 AM
Spirit Airlines,Airbus A320-271N,A20N,NK2075,Chicago O'Hare International Airport,ORD,Chicago,United States,Harry Reid International Airport,LAS,Las Vegas,United States,1313,3,2026-09-30,04:11 AM
Spirit Airlines,Airbus A320-271N,A20N,NK2400,Orlando International Airport,MCO,Orlando,United States,Indianapolis International Airport,IND,Indianapolis,United States,721,1.75,2026-09-30,04:14 AM
American Airlines,Boeing 777-223(ER),B772,AA3007,Dallas-Fort Worth International Airport,DFW,Dallas-Fort Worth,United States,Los Angeles International Airport,LAX,Los Angeles,United States,1071,2.49,2026-03-30,04:22 AM
United Airlines,Airbus A320-232,A320,UA1325,Norman Y Mineta San Jose International Airport,SJC,San Jose,United States,Denver International Airport,DEN,Denver,United States,822,1.96,2026-09-30,04:30 AM
United Airlines,Boeing 737-724,B737,UA675,Newark Liberty International Airport,EWR,Newark,United States,John Wayne/Orange County Airport,SNA,Santa Ana,United States,2110,4.69,2026-09-30,04:50 AM
American Airlines,Airbus A321-211,A321,AA9789,Seattle-Tacoma International Airport,SEA,Seattle,United States,Charlotte/Douglas International Airport,CLT,Charlotte,United States,1976,4.41,2026-09-30,05:00 AM
United Airlines,Boeing 737-824,B738,UA1580,Chicago O'Hare International Airport,ORD,Chicago,United States,Vancouver International Airport,YVR,Richmond,Canada,1529,3.46,2026-09-30,05:08 AM
United Airlines,Boeing 737-824,B738,UA303,Chicago O'Hare International Airport,ORD,Chicago,United States,Salt Lake City International Airport,SLC,Salt Lake City,United States,1083,2.51,2026-09-30,05:10 AM
American Airlines,Boeing 737-823,B738,AA2667,Miami International Airport,MIA,Miami,United States,Orlando International Airport,MCO,Orlando,United States,167,0.57,2026-08-30,05:27 AM
United Airlines,Boeing 737-924(ER),B739,UA1964,Phoenix Sky Harbor International Airport,PHX,Phoenix,United States,Chicago O'Hare International Airport,ORD,Chicago,United States,1249,2.87,2026-09-30,05:29 AM
United Airlines,Boeing 737-824,B738,UA448,San Francisco International Airport,SFO,San Francisco,United States,Ontario International Airport,ONT,Ontario,United States,316,0.89,2026-09-30,05:57 AM
United Airlines,Boeing 737-824,B738,UA2852,Denver International Airport,DEN,Denver,United States,Reno/Tahoe International Airport,RNO,Reno,United States,697,1.7,2026-09-30,06:51 AM
United Airlines,Boeing 757-224,B752,UA887,Jorge Chavez International Airport,LIM,Lima,Peru,George Bush Intcntl/Houston Airport,IAH,Houston,United States,2734,6.02,2026-09-30,06:59 AM
United Airlines,Boeing 737 MAX 8,B38M,UA412,San Francisco International Airport,SFO,San Francisco,United States,Licenciado Benito Juarez International Airport,MEX,Mexico City,Mexico,1635,3.69,2026-09-30,07:27 AM
American Airlines,Boeing 787-8 Dreamliner,B788,AA746,Philadelphia International Airport,PHL,Philadelphia,United States,Nice-Cote d'Azur Airport,NCE,Nice,France,3541,7.73,2026-09-30,07:50 AM
United Airlines,Boeing 737 MAX 8,B38M,UA406,Harry Reid International Airport,LAS,Las Vegas,United States,Newark Liberty International Airport,EWR,Newark,United States,1931,4.31,2026-09-30,07:57 AM
United Airlines,Boeing 737 MAX 8,B38M,UA2110,San Francisco International Airport,SFO,San Francisco,United States,Philadelphia International Airport,PHL,Philadelphia,United States,2186,4.85,2026-09-30,07:58 AM
American Airlines,Boeing 787-8 Dreamliner,B788,AA40,Chicago O'Hare International Airport,ORD,Chicago,United States,Barcelona International Airport,BCN,Barcelona,Spain,3830,8.34,2026-09-30,08:46 AM
United Airlines,Boeing 737 MAX 9,B39M,UA284,Harry Reid International Airport,LAS,Las Vegas,United States,Washington Dulles International Airport,IAD,Washington,United States,1789,4.01,2026-07-30,08:54 AM
American Airlines,Boeing 777-323(ER),B77W,AA904,Galeao - Antonio Carlos Jobim International Airport,GIG,Rio De Janeiro,Brazil,Miami International Airport,MIA,Miami,United States,3627,7.91,2026-09-30,11:35 AM
American Airlines,Airbus A321-253NX,A21N,AA3267,Miami International Airport,MIA,Miami,United States,Dallas-Fort Worth International Airport,DFW,Dallas-Fort Worth,United States,973,2.28,2026-09-30,01:16 PM
American Airlines,Boeing 737 MAX 8,B38M,AA581,Miami International Airport,MIA,Miami,United States,Chicago O'Hare International Airport,ORD,Chicago,United States,1042,2.43,2026-09-30,01:37 PM
United Airlines,Boeing 777-322(ER),B77W,UA214,Daniel K Inouye International Airport,HNL,Honolulu,United States,San Francisco International Airport,SFO,San Francisco,United States,2082,4.63,2026-09-30,01:39 PM
American Airlines,Boeing 737-823,B738,AA304,Juan Santamaria International Airport,SJO,San Jose,Costa Rica,Miami International Airport,MIA,Miami,United States,975,2.29,2026-09-30,02:59 PM
American Airlines,Boeing 737-823,B738,AA850,La Aurora Airport,GUA,Guatemala City,Guatemala,Miami International Airport,MIA,Miami,United States,886,2.1,2026-09-30,03:20 PM
United Airlines,Boeing 737-824,B738,UA1427,Licenciado Manuel Crescencio Rejon Int Airport,MID,Merida,Mexico,George Bush Intcntl/Houston Airport,IAH,Houston,United States,624,1.54,2026-09-30,03:39 PM
United Airlines,Boeing 737-824,B738,UA193,Palau International Airport,ROR,Babelthuap Island,Palau,Ninoy Aquino International Airport,MNL,Manila,Philippines,901,2.13,2026-09-30,03:42 PM
American Airlines,Airbus A321-231,A321,AA316,Cancun International Airport,CUN,Cancun,Mexico,Dallas-Fort Worth International Airport,DFW,Dallas-Fort Worth,United States,895,2.12,2026-09-30,04:31 PM
American Airlines,Boeing 737 MAX 8,B38M,AA2517,Miami International Airport,MIA,Miami,United States,Punta Cana International Airport,PUJ,Punta Cana,Dominican Republic,792,1.9,2026-09-30,06:15 PM
United Airlines,Boeing 737 MAX 9,B39M,UA2105,George Bush Intcntl/Houston Airport,IAH,Houston,United States,Miami International Airport,MIA,Miami,United States,837,1.99,2026-09-30,06:21 PM
United Airlines,Boeing 737-824,B738,UA1821,George Bush Intcntl/Houston Airport,IAH,Houston,United States,Raleigh-Durham International Airport,RDU,Raleigh/Durham,United States,905,2.14,2026-05-30,07:13 PM
United Airlines,Boeing 737-824,B738,UA2189,Tampa International Airport,TPA,Tampa,United States,Chicago O'Hare International Airport,ORD,Chicago,United States,881,2.09,2026-10-01,02:14 PM
American Airlines,Boeing 737-823,B738,AA2755,Chicago O'Hare International Airport,ORD,Chicago,United States,Denver International Airport,DEN,Denver,United States,770,1.85,2026-10-01,02:15 PM
United Airlines,Boeing 737 MAX 8,B38M,UA2150,Tampa International Airport,TPA,Tampa,United States,Los Angeles International Airport,LAX,Los Angeles,United States,1872,4.19,2026-10-01,02:30 PM
United Airlines,Boeing 737 MAX 8,B38M,UA1847,Dallas-Fort Worth International Airport,DFW,Dallas-Fort Worth,United States,Newark Liberty International Airport,EWR,Newark,United States,1190,2.74,2026-10-01,02:40 PM
Spirit Airlines,Airbus A320-271N,A20N,NK3492,Tampa International Airport,TPA,Tampa,United States,Chicago O'Hare International Airport,ORD,Chicago,United States,881,2.09,2026-10-01,02:56 PM
United Airlines,Boeing 757-224,B752,UA563,Chicago O'Hare International Airport,ORD,Chicago,United States,Newark Liberty International Airport,EWR,Newark,United States,624,1.54,2026-10-01,03:07 PM
United Airlines,Boeing 737 MAX 8,B38M,UA548,Newark Liberty International Airport,EWR,Newark,United States,Tampa International Airport,TPA,Tampa,United States,868,2.06,2026-10-01,03:16 PM
American Airlines,Boeing 737-823,B738,AA607,Chicago O'Hare International Airport,ORD,Chicago,United States,Los Angeles International Airport,LAX,Los Angeles,United States,1513,3.43,2026-10-01,03:45 PM
American Airlines,Boeing 737-823,B738,AA1331,Dallas-Fort Worth International Airport,DFW,Dallas-Fort Worth,United States,John Wayne/Orange County Airport,SNA,Santa Ana,United States,1045,2.43,2026-10-01,03:48 PM
United Airlines,Boeing 737 MAX 8,B38M,UA2113,Orlando International Airport,MCO,Orlando,United States,Los Angeles International Airport,LAX,Los Angeles,United States,1924,4.3,2026-10-01,03:55 PM
United Airlines,Boeing 737 MAX 8,B38M,UA1204,Raleigh-Durham International Airport,RDU,Raleigh/Durham,United States,San Francisco International Airport,SFO,San Francisco,United States,2081,4.63,2026-05-01,04:04 PM
American Airlines,Boeing 737-823,B738,AA2012,Chicago O'Hare International Airport,ORD,Chicago,United States,Los Angeles International Airport,LAX,Los Angeles,United States,1513,3.43,2026-10-01,04:15 PM
American Airlines,Boeing 737-823,B738,AA2888,Chicago O'Hare International Airport,ORD,Chicago,United States,San Francisco International Airport,SFO,San Francisco,United States,1600,3.61,2026-10-01,04:29 PM
United Airlines,Boeing 737-724,B737,UA2084,Jacksonville International Airport,JAX,Jacksonville,United States,George Bush Intcntl/Houston Airport,IAH,Houston,United States,708,1.72,2026-02-01,04:47 PM
United Airlines,Boeing 737-924(ER),B739,UA2153,Cleveland-Hopkins International Airport,CLE,Cleveland,United States,San Francisco International Airport,SFO,San Francisco,United States,1873,4.19,2026-10-01,04:58 PM
United Airlines,Boeing 757-224,B752,UA2434,Newark Liberty International Airport,EWR,Newark,United States,Los Angeles International Airport,LAX,Los Angeles,United States,2128,4.73,2026-10-01,05:00 PM
United Airlines,Boeing 737 MAX 8,B38M,UA1197,Miami International Airport,MIA,Miami,United States,Newark Liberty International Airport,EWR,Newark,United States,945,2.22,2026-10-01,05:08 PM
American Airlines,Boeing 737-823,B738,AA3088,San Antonio International Airport,SAT,San Antonio,United States,Charlotte/Douglas International Airport,CLT,Charlotte,United States,950,2.23,2026-10-01,05:23 PM
United Airlines,Boeing 737 MAX 9,B39M,UA397,Denver International Airport,DEN,Denver,United States,Minneapolis-St Paul International/Wold-Chamberlain Airport,MSP,Minneapolis,United States,590,1.47,2026-10-01,05:28 PM
American Airlines,Boeing 737 MAX 8,B38M,AA1579,Miami International Airport,MIA,Miami,United States,Abel Santamaria Airport,SNU,Santa Clara,Cuba,199,0.64,2026-10-01,05:29 PM
Spirit Airlines,Airbus A320-271N,A20N,NK1439,Ramon Villeda Morales International Airport,SAP,La Mesa,Honduras,Louis Armstrong New Orleans International Airport,MSY,New Orleans,United States,882,2.09,2026-02-01,05:36 PM
United Airlines,Airbus A319-131,A319,UA402,Charlotte/Douglas International Airport,CLT,Charlotte,United States,Newark Liberty International Airport,EWR,Newark,United States,459,1.19,2026-04-01,05:40 PM
American Airlines,Boeing 737-823,B738,AA2129,Hartsfield - Jackson Atlanta International Airport,ATL,Atlanta,United States,Dallas-Fort Worth International Airport,DFW,Dallas-Fort Worth,United States,634,1.56,2026-10-01,05:55 PM
United Airlines,Boeing 737-824,B738,UA705,Laguardia Airport,LGA,New York,United States,Chicago O'Hare International Airport,ORD,Chicago,United States,636,1.57,2026-10-01,06:03 PM
United Airlines,Boeing 737 MAX 8,B38M,UA1575,Denver International Airport,DEN,Denver,United States,Philadelphia International Airport,PHL,Philadelphia,United States,1350,3.08,2026-05-01,06:04 PM
American Airlines,Boeing 737-823,B738,AA2496,Dallas-Fort Worth International Airport,DFW,Dallas-Fort Worth,United States,Portland International Airport,PDX,Portland,United States,1402,3.19,2026-10-01,06:07 PM
American Airlines,Boeing 737-823,B738,AA3309,Chicago O'Hare International Airport,ORD,Chicago,United States,Laguardia Airport,LGA,New York,United States,636,1.57,2026-10-01,06:18 PM
American Airlines,Boeing 737-823,B738,AA2355,Ronald Reagan Washington Ntl Airport,DCA,Washington,United States,Palm Beach International Airport,PBI,West Palm Beach,United States,747,1.8,2026-10-01,06:34 PM
Spirit Airlines,Airbus A321-271NX,A21N,NK2045,Detroit Metro Wayne County Airport,DTW,Detroit,United States,Harry Reid International Airport,LAS,Las Vegas,United States,1516,3.43,2026-10-01,06:36 PM
United Airlines,Boeing 737-924(ER),B739,UA1964,Miami International Airport,MIA,Miami,United States,George Bush Intcntl/Houston Airport,IAH,Houston,United States,837,1.99,2026-10-01,06:38 PM
American Airlines,Boeing 737-823,B738,AA845,Bradley International Airport,BDL,Windsor Locks,United States,Charlotte/Douglas International Airport,CLT,Charlotte,United States,559,1.4,2026-10-01,06:49 PM
United Airlines,Airbus A319-131,A319,UA515,Newark Liberty International Airport,EWR,Newark,United States,San Antonio International Airport,SAT,San Antonio,United States,1362,3.11,2026-10-01,06:53 PM
United Airlines,Boeing 737 MAX 9,B39M,UA2206,Washington Dulles International Airport,IAD,Washington,United States,Orlando International Airport,MCO,Orlando,United States,657,1.61,2026-02-01,06:55 PM
United Airlines,Boeing 737-824,B738,UA2195,Chicago O'Hare International Airport,ORD,Chicago,United States,Bradley International Airport,BDL,Windsor Locks,United States,679,1.66,2026-10-01,06:57 PM
United Airlines,Boeing 737-824,B738,UA1857,Chicago O'Hare International Airport,ORD,Chicago,United States,Miami International Airport,MIA,Miami,United States,1042,2.43,2026-10-01,07:07 PM
United Airlines,Airbus A320-232,A320,UA1872,Chicago O'Hare International Airport,ORD,Chicago,United States,St Louis Lambert International Airport,STL,St Louis,United States,224,0.69,2026-10-01,07:10 PM
United Airlines,Boeing 737-824,B738,UA511,Philadelphia International Airport,PHL,Philadelphia,United States,Chicago O'Hare International Airport,ORD,Chicago,United States,588,1.47,2026-10-01,07:11 PM
United Airlines,Boeing 737 MAX 8,B38M,UA1103,San Francisco International Airport,SFO,San Francisco,United States,Tocumen International Airport,PTY,Tocumen,Panama,2885,6.34,2026-10-01,07:22 PM
United Airlines,Boeing 757-224,B752,UA1980,Newark Liberty International Airport,EWR,Newark,United States,George Bush Intcntl/Houston Airport,IAH,Houston,United States,1215,2.79,2026-10-01,07:34 PM
United Airlines,Boeing 737-724,B737,UA1938,Jacksonville International Airport,JAX,Jacksonville,United States,Washington Dulles International Airport,IAD,Washington,United States,545,1.37,2026-10-01,07:34 PM
United Airlines,Airbus A320-232,A320,UA1172,Savannah/Hilton Head International Airport,SAV,Savannah,United States,Chicago O'Hare International Airport,ORD,Chicago,United States,672,1.64,2026-03-01,07:35 PM
United Airlines,Boeing 737 MAX 8,B38M,UA2367,San Francisco International Airport,SFO,San Francisco,United States,John Wayne/Orange County Airport,SNA,Santa Ana,United States,323,0.9,2026-10-01,07:43 PM
American Airlines,Boeing 737-823,B738,AA1646,Southwest Florida International Airport,RSW,Fort Myers,United States,Charlotte/Douglas International Airport,CLT,Charlotte,United States,525,1.33,2026-03-01,07:44 PM
American Airlines,Boeing 737-823,B738,AA1937,Dallas-Fort Worth International Airport,DFW,Dallas-Fort Worth,United States,Bozeman Yellowstone International Airport,BZN,Bozeman,United States,1011,2.36,2026-10-01,07:44 PM
United Airlines,Boeing 737 MAX 8,B38M,UA608,San Francisco International Airport,SFO,San Francisco,United States,Toronto Pearson International Airport,YYZ,Mississauga,Canada,1959,4.37,2026-10-01,07:46 PM
Spirit Airlines,Airbus A321-271NX,A21N,NK1778,Harry Reid International Airport,LAS,Las Vegas,United States,Baltimore/Washington International Thurgood Marshall Airport,BWI,Baltimore,United States,1826,4.09,2026-10-01,07:52 PM
American Airlines,Boeing 737-823,B738,AA1263,Laguardia Airport,LGA,New York,United States,Dallas-Fort Worth International Airport,DFW,Dallas-Fort Worth,United States,1205,2.77,2026-10-01,07:56 PM
American Airlines,Boeing 737-823,B738,AA813,Dallas-Fort Worth International Airport,DFW,Dallas-Fort Worth,United States,Newark Liberty International Airport,EWR,Newark,United States,1190,2.74,2026-10-01,08:04 PM
United Airlines,Boeing 757-224,B752,UA1758,Denver International Airport,DEN,Denver,United States,Ellison Onizuka Kona International At Keahole Airport,KOA,Kailua/Kona,United States,2889,6.34,2026-10-01,08:05 PM
American Airlines,Airbus A319-112,A319,AA1295,Joe Foss Field,FSD,Sioux Falls,United States,Dallas-Fort Worth International Airport,DFW,Dallas-Fort Worth,United States,642,1.58,2026-08-01,08:07 PM
United Airlines,Boeing 737 MAX 8,B38M,UA1651,George Bush Intcntl/Houston Airport,IAH,Houston,United States,Newark Liberty International Airport,EWR,Newark,United States,1215,2.79,2026-10-01,08:10 PM
American Airlines,Boeing 737-823,B738,AA2735,Detroit Metro Wayne County Airport,DTW,Detroit,United States,Charlotte/Douglas International Airport,CLT,Charlotte,United States,435,1.14,2026-10-01,08:26 PM
American Airlines,Boeing 737-823,B738,AA1193,Chicago O'Hare International Airport,ORD,Chicago,United States,Dallas-Fort Worth International Airport,DFW,Dallas-Fort Worth,United States,697,1.7,2026-10-01,11:46 PM
American Airlines,Boeing 737-823,B738,AA1577,Charlotte/Douglas International Airport,CLT,Charlotte,United States,Miami International Airport,MIA,Miami,United States,567,1.42,2026-10-01,11:53 PM
United Airlines,Boeing 737 MAX 8,B38M,UA1737,George Bush Intcntl/Houston Airport,IAH,Houston,United States,Laguardia Airport,LGA,New York,United States,1230,2.83,2026-10-01,11:54 PM
United Airlines,Boeing 737 MAX 8,B38M,UA1579,Denver International Airport,DEN,Denver,United States,Laguardia Airport,LGA,New York,United States,1404,3.2,2026-10-02,12:00 AM
United Airlines,Airbus A319-131,A319,UA1308,Charleston Afb/International Airport,CHS,Charleston,United States,Newark Liberty International Airport,EWR,Newark,United States,546,1.38,2026-10-02,12:06 AM
American Airlines,Boeing 737-823,B738,AA2834,Norman Y Mineta San Jose International Airport,SJC,San Jose,United States,Dallas-Fort Worth International Airport,DFW,Dallas-Fort Worth,United States,1247,2.86,2026-10-02,12:07 AM
American Airlines,Boeing 737-823,B738,AA578,Dallas-Fort Worth International Airport,DFW,Dallas-Fort Worth,United States,John F Kennedy International Airport,JFK,New York,United States,1207,2.78,2026-10-02,12:10 AM
American Airlines,Boeing 737-823,B738,AA2761,Dallas-Fort Worth International Airport,DFW,Dallas-Fort Worth,United States,St Louis Lambert International Airport,STL,St Louis,United States,478,1.23,2026-10-02,12:14 AM
American Airlines,Airbus A321-231,A321,AA1717,Vancouver International Airport,YVR,Richmond,Canada,Chicago O'Hare International Airport,ORD,Chicago,United States,1529,3.46,2026-08-02,12:15 AM
United Airlines,Boeing 737 MAX 8,B38M,UA1656,Bozeman Yellowstone International Airport,BZN,Bozeman,United States,Los Angeles International Airport,LAX,Los Angeles,United States,785,1.88,2026-10-02,12:17 AM
United Airlines,Boeing 737 MAX 8,B38M,UA1116,San Francisco International Airport,SFO,San Francisco,United States,Austin-Bergstrom International Airport,AUS,Austin,United States,1305,2.99,2026-10-02,12:18 AM
American Airlines,Airbus A320-232,A320,AA489,Chicago O'Hare International Airport,ORD,Chicago,United States,Ronald Reagan Washington Ntl Airport,DCA,Washington,United States,531,1.34,2026-10-02,12:20 AM
United Airlines,Boeing 737-824,B738,UA1910,Phoenix Sky Harbor International Airport,PHX,Phoenix,United States,Denver International Airport,DEN,Denver,United States,523,1.33,2026-02-02,12:21 AM
American Airlines,Boeing 737-823,B738,AA2485,John Wayne/Orange County Airport,SNA,Santa Ana,United States,Dallas-Fort Worth International Airport,DFW,Dallas-Fort Worth,United States,1045,2.43,2026-10-02,12:26 AM
United Airlines,Boeing 737-924(ER),B739,UA564,Denver International Airport,DEN,Denver,United States,Los Angeles International Airport,LAX,Los Angeles,United States,748,1.8,2026-10-02,12:30 AM
American Airlines,Airbus A321-231,A321,AA2464,Sacramento International Airport,SMF,Sacramento,United States,Charlotte/Douglas International Airport,CLT,Charlotte,United States,1945,4.34,2026-04-02,12:42 AM
American Airlines,Boeing 737 MAX 8,B38M,AA186,Cancun International Airport,CUN,Cancun,Mexico,Phoenix Sky Harbor International Airport,PHX,Phoenix,United States,1528,3.46,2026-08-02,01:02 AM
American Airlines,Boeing 737-823,B738,AA2513,Dallas-Fort Worth International Airport,DFW,Dallas-Fort Worth,United States,Laguardia Airport,LGA,New York,United States,1205,2.77,2026-10-02,01:02 AM
American Airlines,Boeing 737-823,B738,AA3246,Bozeman Yellowstone International Airport,BZN,Bozeman,United States,Chicago O'Hare International Airport,ORD,Chicago,United States,1028,2.4,2026-10-02,01:05 AM
American Airlines,Boeing 737-823,B738,AA2939,Glacier Park International Airport,FCA,Kalispell,United States,Dallas-Fort Worth International Airport,DFW,Dallas-Fort Worth,United States,1208,2.78,2026-05-02,01:06 AM
United Airlines,Boeing 737-824,B738,UA1686,Phoenix Sky Harbor International Airport,PHX,Phoenix,United States,Chicago O'Hare International Airport,ORD,Chicago,United States,1249,2.87,2026-10-02,01:10 AM
American Airlines,Airbus A321-253NX,A21N,AA2311,Los Angeles International Airport,LAX,Los Angeles,United States,Miami International Airport,MIA,Miami,United States,2032,4.53,2026-10-02,01:26 AM
United Airlines,Airbus A320-232,A320,UA2274,Sacramento International Airport,SMF,Sacramento,United States,Chicago O'Hare International Airport,ORD,Chicago,United States,1544,3.49,2026-10-02,01:27 AM
American Airlines,Airbus A319-132,A319,AA3133,Bangor International Airport,BGR,Bangor,United States,Chicago O'Hare International Airport,ORD,Chicago,United States,848,2.02,2026-10-02,01:41 AM
American Airlines,Airbus A319-132,A319,AA1818,Myrtle Beach International Airport,MYR,Myrtle Beach,United States,Dallas-Fort Worth International Airport,DFW,Dallas-Fort Worth,United States,909,2.15,2026-10-02,01:55 AM
American Airlines,Airbus A321-231,A321,AA274,Los Angeles International Airport,LAX,Los Angeles,United States,John F Kennedy International Airport,JFK,New York,United States,2146,4.77,2026-10-02,02:02 AM
United Airlines,Boeing 737 MAX 8,B38M,UA1703,Newark Liberty International Airport,EWR,Newark,United States,Washington Dulles International Airport,IAD,Washington,United States,188,0.62,2026-03-02,02:06 AM
United Airlines,Boeing 737 MAX 8,B38M,UA516,Chicago O'Hare International Airport,ORD,Chicago,United States,John Wayne/Orange County Airport,SNA,Santa Ana,United States,1497,3.39,2026-10-02,02:20 AM
Spirit Airlines,Airbus A321-271NX,A21N,NK2129,Louis Armstrong New Orleans International Airport,MSY,New Orleans,United States,Fort Lauderdale/Hollywood International Airport,FLL,Fort Lauderdale,United States,585,1.46,2026-10-02,02:22 AM
United Airlines,Boeing 737-7V3,B737,UA1517,Dallas-Fort Worth International Airport,DFW,Dallas-Fort Worth,United States,Chicago O'Hare International Airport,ORD,Chicago,United States,697,1.7,2026-10-02,02:23 AM
United Airlines,Boeing 737 MAX 8,B38M,UA781,George Bush Intcntl/Houston Airport,IAH,Houston,United States,John Wayne/Orange County Airport,SNA,Santa Ana,United States,1168,2.7,2026-10-02,02:37 AM
American Airlines,Boeing 737-823,B738,AA1504,Los Angeles International Airport,LAX,Los Angeles,United States,Dallas-Fort Worth International Airport,DFW,Dallas-Fort Worth,United States,1071,2.49,2026-10-02,02:39 AM
American Airlines,Boeing 737-823,B738,AA1641,Charlotte/Douglas International Airport,CLT,Charlotte,United States,Memphis International Airport,MEM,Memphis,United States,443,1.16,2026-10-02,02:47 AM
American Airlines,Airbus A321-231,A321,AA1081,Dallas-Fort Worth International Airport,DFW,Dallas-Fort Worth,United States,Mc Ghee Tyson Airport,TYS,Knoxville,United States,669,1.64,2026-10-02,02:55 AM
American Airlines,Boeing 737-823,B738,AA3053,Dallas-Fort Worth International Airport,DFW,Dallas-Fort Worth,United States,General Mitchell International Airport,MKE,Milwaukee,United States,742,1.79,2026-10-02,03:04 AM
United Airlines,Boeing 737-824,B738,UA1691,Denver International Airport,DEN,Denver,United States,Durango-La Plata County Airport,DRO,Durango,United States,218,0.68,2026-10-02,03:09 AM
United Airlines,Boeing 737-824,B738,UA1218,Seattle-Tacoma International Airport,SEA,Seattle,United States,Denver International Airport,DEN,Denver,United States,888,2.1,2026-10-02,03:14 AM
United Airlines,Airbus A319-131,A319,UA1131,George Bush Intcntl/Houston Airport,IAH,Houston,United States,Midland International Air And Space Port Airport,MAF,Midland,United States,372,1.01,2026-05-02,03:38 AM
American Airlines,Boeing 737-823,B738,AA2139,Ronald Reagan Washington Ntl Airport,DCA,Washington,United States,Orlando International Airport,MCO,Orlando,United States,661,1.62,2026-10-02,03:38 AM
Spirit Airlines,Airbus A321-231,A321,NK2053,Detroit Metro Wayne County Airport,DTW,Detroit,United States,Hartsfield - Jackson Atlanta International Airport,ATL,Atlanta,United States,517,1.32,2026-10-02,03:42 AM
American Airlines,Airbus A321-231,A321,AA1305,Chicago O'Hare International Airport,ORD,Chicago,United States,Vancouver International Airport,YVR,Richmond,Canada,1529,3.46,2026-10-02,03:45 AM
United Airlines,Boeing 767-322(ER),B763,UA946,Washington Dulles International Airport,IAD,Washington,United States,Amsterdam Airport Schiphol,AMS,Amsterdam,Netherlands,3355,7.33,2026-10-02,03:48 AM
United Airlines,Boeing 737 MAX 8,B38M,UA280,Denver International Airport,DEN,Denver,United States,Ted Stevens Anchorage International Airport,ANC,Anchorage,United States,2086,4.64,2026-10-02,03:51 AM
American Airlines,Boeing 737-823,B738,AA935,Chicago O'Hare International Airport,ORD,Chicago,United States,Austin-Bergstrom International Airport,AUS,Austin,United States,850,2.02,2026-10-02,04:05 AM
American Airlines,Airbus A319-115,A319,AA3144,Chicago O'Hare International Airport,ORD,Chicago,United States,George Bush Intcntl/Houston Airport,IAH,Houston,United States,805,1.93,2026-10-02,04:13 AM
American Airlines,Boeing 737-823,B738,AA2564,Dallas-Fort Worth International Airport,DFW,Dallas-Fort Worth,United States,Albuquerque International Sunport Airport,ABQ,Albuquerque,United States,493,1.26,2026-10-02,04:35 AM
American Airlines,Boeing 757-223,B752,OMD227,Phoenix Sky Harbor International Airport,PHX,Phoenix,United States,Keflavik International Airport,KEF,Reykjavik,Iceland,3607,7.87,2026-10-02,04:48 AM
United Airlines,Boeing 737 MAX 9,B39M,UA367,Washington Dulles International Airport,IAD,Washington,United States,San Francisco International Airport,SFO,San Francisco,United States,2095,4.66,2026-10-02,04:58 AM
Spirit Airlines,Airbus A320-271N,A20N,NK3549,Fort Lauderdale/Hollywood International Airport,FLL,Fort Lauderdale,United States,Louis Armstrong New Orleans International Airport,MSY,New Orleans,United States,585,1.46,2026-10-02,05:00 AM
American Airlines,Boeing 737-823,B738,AA2976,Chicago O'Hare International Airport,ORD,Chicago,United States,Charlotte/Douglas International Airport,CLT,Charlotte,United States,521,1.32,2026-10-02,05:06 AM
United Airlines,Boeing 737-724,B737,UA2448,Newark Liberty International Airport,EWR,Newark,United States,Austin-Bergstrom International Airport,AUS,Austin,United States,1305,2.99,2026-10-02,05:30 AM
United Airlines,Boeing 787-9 Dreamliner,B789,UA916,Auckland International Airport,AKL,Auckland,New Zealand,San Francisco International Airport,SFO,San Francisco,United States,5674,12.25,2026-10-02,06:47 AM
American Airlines,Boeing 737-823,B738,AA2089,Fort Lauderdale/Hollywood International Airport,FLL,Fort Lauderdale,United States,Philadelphia International Airport,PHL,Philadelphia,United States,864,2.05,2026-10-02,08:22 PM
American Airlines,Airbus A319-112,A319,AA1585,Jacksonville International Airport,JAX,Jacksonville,United States,Ronald Reagan Washington Ntl Airport,DCA,Washington,United States,552,1.39,2026-10-02,08:29 PM
American Airlines,Boeing 737-823,B738,AA1233,Miami International Airport,MIA,Miami,United States,Ronald Reagan Washington Ntl Airport,DCA,Washington,United States,801,1.92,2026-10-02,08:43 PM
American Airlines,Boeing 737-823,B738,AA2544,Mc Ghee Tyson Airport,TYS,Knoxville,United States,Dallas-Fort Worth International Airport,DFW,Dallas-Fort Worth,United States,669,1.64,2026-10-02,08:47 PM
United Airlines,Boeing 757-224,B752,UA1839,Newark Liberty International Airport,EWR,Newark,United States,Tampa International Airport,TPA,Tampa,United States,868,2.06,2026-10-02,08:55 PM
American Airlines,Boeing 737-823,B738,AA1056,Laguardia Airport,LGA,New York,United States,Dallas-Fort Worth International Airport,DFW,Dallas-Fort Worth,United States,1205,2.77,2026-10-02,09:18 PM
United Airlines,Boeing 777-222(ER),B772,UA900,London Heathrow Airport,LHR,London,United Kingdom,San Francisco International Airport,SFO,San Francisco,United States,4652,10.08,2026-10-02,09:22 PM
United Airlines,Boeing 777-222,B772,UA1721,San Francisco International Airport,SFO,San Francisco,United States,Ellison Onizuka Kona International At Keahole Airport,KOA,Kailua/Kona,United States,2056,4.58,2026-10-02,09:28 PM
Spirit Airlines,Airbus A320-232,A320,NK748,Comayagua-Palmerola International Airport,XPL,Comayagua,Honduras,Louis Armstrong New Orleans International Airport,MSY,New Orleans,United States,949,2.23,2026-10-02,09:40 PM
United Airlines,Boeing 737 MAX 8,B38M,UA2425,Bozeman Yellowstone International Airport,BZN,Bozeman,United States,Newark Liberty International Airport,EWR,Newark,United States,1631,3.68,2026-10-02,09:49 PM
Spirit Airlines,Airbus A320-232,A320,NK2149,Luis Munoz Marin International Airport,SJU,San Juan,Puerto Rico,Detroit Metro Wayne County Airport,DTW,Detroit,United States,1679,3.78,2026-10-02,10:06 PM
Spirit Airlines,Airbus A320-271N,A20N,NK2526,Los Angeles International Airport,LAX,Los Angeles,United States,Louisville Muhammad Ali International Airport,SDF,Louisville,United States,1598,3.61,2026-10-02,10:38 PM
United Airlines,Boeing 737-824,B738,UA1967,Southwest Florida International Airport,RSW,Fort Myers,United States,Chicago O'Hare International Airport,ORD,Chicago,United States,977,2.29,2026-10-02,10:40 PM
American Airlines,Boeing 737-823,B738,AA1189,Ronald Reagan Washington Ntl Airport,DCA,Washington,United States,Chicago O'Hare International Airport,ORD,Chicago,United States,531,1.34,2026-10-02,10:41 PM
Spirit Airlines,Airbus A321-271NX,A21N,NK475,Chicago O'Hare International Airport,ORD,Chicago,United States,Southwest Florida International Airport,RSW,Fort Myers,United States,977,2.29,2026-10-02,10:52 PM
American Airlines,Boeing 737-823,B738,AA618,Dallas-Fort Worth International Airport,DFW,Dallas-Fort Worth,United States,Newark Liberty International Airport,EWR,Newark,United States,1190,2.74,2026-10-02,11:34 PM
Spirit Airlines,Airbus A320-271N,A20N,NK1536,Tampa International Airport,TPA,Tampa,United States,Atlantic City International Airport,ACY,Atlantic City,United States,795,1.9,2026-10-02,11:39 PM
United Airlines,Airbus A320-232,A320,UA738,George Bush Intcntl/Houston Airport,IAH,Houston,United States,St Louis Lambert International Airport,STL,St Louis,United States,581,1.45,2026-10-02,11:57 PM
Spirit Airlines,Airbus A321-271NX,A21N,NK1811,Dallas-Fort Worth International Airport,DFW,Dallas-Fort Worth,United States,Orlando International Airport,MCO,Orlando,United States,854,2.03,2026-10-03,12:09 AM
American Airlines,Airbus A321-231,A321,AA1578,General Edward Lawrence Logan International Airport,BOS,Boston,United States,Los Angeles International Airport,LAX,Los Angeles,United States,2264,5.02,2026-10-03,12:24 AM
Spirit Airlines,Airbus A321-271NX,A21N,NK2240,Indianapolis International Airport,IND,Indianapolis,United States,Fort Lauderdale/Hollywood International Airport,FLL,Fort Lauderdale,United States,875,2.07,2026-01-03,12:39 AM
United Airlines,Boeing 737-724,B737,UA2652,Chicago O'Hare International Airport,ORD,Chicago,United States,Cleveland-Hopkins International Airport,CLE,Cleveland,United States,273,0.8,2026-10-03,01:17 AM
American Airlines,Boeing 737-823,B738,AA2461,Laguardia Airport,LGA,New York,United States,Dallas-Fort Worth International Airport,DFW,Dallas-Fort Worth,United States,1205,2.77,2026-10-03,01:41 AM
American Airlines,Airbus A319-115,A319,AA2112,Northwest Arkansas Ntl Airport,XNA,Fayetteville/Springdale/Rogers,United States,Dallas-Fort Worth International Airport,DFW,Dallas-Fort Worth,United States,244,0.74,2026-10-03,01:48 AM
American Airlines,Airbus A321-253NX,A21N,AA297,Los Angeles International Airport,LAX,Los Angeles,United States,Daniel K Inouye International Airport,HNL,Honolulu,United States,2218,4.92,2026-10-03,07:02 AM
Spirit Airlines,Airbus A320-232,A320,NK1340,Fort Lauderdale/Hollywood International Airport,FLL,Fort Lauderdale,United States,Comayagua-Palmerola International Airport,XPL,Comayagua,Honduras,818,1.95,2026-10-03,07:23 AM
Spirit Airlines,Airbus A321-231,A321,NK826,Ramon Villeda Morales International Airport,SAP,La Mesa,Honduras,Fort Lauderdale/Hollywood International Airport,FLL,Fort Lauderdale,United States,772,1.86,2026-10-03,08:18 AM
United Airlines,Boeing 787-9 Dreamliner,B789,UA885,Leonardo Da Vinci (Fiumicino) International Airport,FCO,Rome,Italy,Washington Dulles International Airport,IAD,Washington,United States,3908,8.5,2026-10-03,01:56 PM
American Airlines,Boeing 737-823,B738,AA2789,Jacksonville International Airport,JAX,Jacksonville,United States,Dallas-Fort Worth International Airport,DFW,Dallas-Fort Worth,United States,797,1.91,2026-10-03,02:04 PM
United Airlines,Boeing 757-224,B752,UA492,Newark Liberty International Airport,EWR,Newark,United States,George Bush Intcntl/Houston Airport,IAH,Houston,United States,1215,2.79,2026-10-03,02:04 PM
Spirit Airlines,Airbus A320-271N,A20N,NK1120,Dallas-Fort Worth International Airport,DFW,Dallas-Fort Worth,United States,Cancun International Airport,CUN,Cancun,Mexico,895,2.12,2026-02-03,02:10 PM
American Airlines,Boeing 777-223(ER),B772,AA95,Madrid Barajas International Airport,MAD,Madrid,Spain,John F Kennedy International Airport,JFK,New York,United States,3111,6.81,2026-10-03,02:36 PM
United Airlines,Boeing 737-724,B737,UA1760,Austin-Bergstrom International Airport,AUS,Austin,United States,Newark Liberty International Airport,EWR,Newark,United States,1305,2.99,2026-10-03,02:40 PM
American Airlines,Boeing 737-823,B738,AA1064,Austin-Bergstrom International Airport,AUS,Austin,United States,Chicago O'Hare International Airport,ORD,Chicago,United States,850,2.02,2026-10-03,02:43 PM
American Airlines,Boeing 737-823,B738,AA1854,Chicago O'Hare International Airport,ORD,Chicago,United States,Philadelphia International Airport,PHL,Philadelphia,United States,588,1.47,2026-10-03,02:44 PM
Spirit Airlines,Airbus A321-271NX,A21N,NK1530,Miami International Airport,MIA,Miami,United States,Chicago O'Hare International Airport,ORD,Chicago,United States,1042,2.43,2026-10-03,02:54 PM
Spirit Airlines,Airbus A320-232,A320,NK2162,Dallas-Fort Worth International Airport,DFW,Dallas-Fort Worth,United States,Detroit Metro Wayne County Airport,DTW,Detroit,United States,857,2.04,2026-10-03,03:01 PM
American Airlines,Boeing 787-9 Dreamliner,B789,AA176,Tokyo International Airport,HND,Tokyo,Japan,Dallas-Fort Worth International Airport,DFW,Dallas-Fort Worth,United States,5604,12.1,2026-03-03,03:43 PM
American Airlines,Boeing 787-8 Dreamliner,B788,AA41,Barcelona International Airport,BCN,Barcelona,Spain,Chicago O'Hare International Airport,ORD,Chicago,United States,3830,8.34,2026-10-03,03:53 PM
United Airlines,Boeing 787-10 Dreamliner,B78X,UA41,Leonardo Da Vinci (Fiumicino) International Airport,FCO,Rome,Italy,Newark Liberty International Airport,EWR,Newark,United States,3721,8.11,2026-10-03,03:56 PM
American Airlines,Boeing 737-823,B738,AA3167,Dallas-Fort Worth International Airport,DFW,Dallas-Fort Worth,United States,Gerald R Ford International Airport,GRR,Grand Rapids,United States,809,1.93,2026-10-03,04:01 PM
United Airlines,Boeing 737-724,B737,UA2311,George Bush Intcntl/Houston Airport,IAH,Houston,United States,Ronald Reagan Washington Ntl Airport,DCA,Washington,United States,1048,2.44,2026-10-03,04:04 PM
American Airlines,Airbus A319-115,A319,AA2329,Miami International Airport,MIA,Miami,United States,Gregorio Luperon International Airport,POP,Puerto Plata,Dominican Republic,648,1.59,2026-03-03,04:06 PM
American Airlines,Airbus A319-115,A319,AA172,Miami International Airport,MIA,Miami,United States,Felipe Carrillo Puerto International Airport,TQO,Tulum,Mexico,529,1.34,2026-10-03,04:23 PM
American Airlines,Boeing 787-9 Dreamliner,B789,AA93,Zurich Airport,ZRH,Zurich,Switzerland,Philadelphia International Airport,PHL,Philadelphia,United States,3488,7.61,2026-10-03,04:26 PM
United Airlines,Boeing 737-924(ER),B739,UA2483,Chicago O'Hare International Airport,ORD,Chicago,United States,George Bush Intcntl/Houston Airport,IAH,Houston,United States,805,1.93,2026-10-03,05:01 PM
Spirit Airlines,Airbus A320-271N,A20N,NK2751,Dallas-Fort Worth International Airport,DFW,Dallas-Fort Worth,United States,Orlando International Airport,MCO,Orlando,United States,854,2.03,2026-10-03,05:02 PM
American Airlines,Boeing 737-823,B738,AA393,Dallas-Fort Worth International Airport,DFW,Dallas-Fort Worth,United States,Licenciado Benito Juarez International Airport,MEX,Mexico City,Mexico,816,1.95,2026-10-03,05:05 PM
American Airlines,Boeing 787-8 Dreamliner,B788,AA9600,Napoli / Capodichino International Airport,NAP,Napoli,Italy,Philadelphia International Airport,PHL,Philadelphia,United States,3896,8.48,2026-10-03,05:10 PM
American Airlines,Boeing 737-823,B738,AA1186,John F Kennedy International Airport,JFK,New York,United States,Austin-Bergstrom International Airport,AUS,Austin,United States,1320,3.02,2026-10-03,05:14 PM
American Airlines,Boeing 737-823,B738,AA409,Dallas-Fort Worth International Airport,DFW,Dallas-Fort Worth,United States,Daniel Oduber Quiros International Airport,LIR,Liberia,Costa Rica,1482,3.36,2026-10-03,05:17 PM
United Airlines,Boeing 737-824,B738,UA2257,Denver International Airport,DEN,Denver,United States,Licenciado Gustavo Diaz Ordaz International Airport,PVR,Puerto Vallarta,Mexico,1152,2.66,2026-02-03,05:23 PM
United Airlines,Boeing 737-824,B738,UA763,Chicago O'Hare International Airport,ORD,Chicago,United States,Portland International Jetport Airport,PWM,Portland,United States,780,1.87,2026-10-03,05:27 PM
Spirit Airlines,Airbus A320-232,A320,NK1651,Detroit Metro Wayne County Airport,DTW,Detroit,United States,Charlotte/Douglas International Airport,CLT,Charlotte,United States,435,1.14,2026-10-03,05:28 PM
American Airlines,Airbus A319-112,A319,AA1878,Chicago O'Hare International Airport,ORD,Chicago,United States,Laguardia Airport,LGA,New York,United States,636,1.57,2026-10-03,05:31 PM
United Airlines,Boeing 737 MAX 9,B39M,UA1728,Newark Liberty International Airport,EWR,Newark,United States,Nashville International Airport,BNA,Nashville,United States,648,1.59,2026-10-03,05:32 PM
American Airlines,Boeing 737-823,B738,AA2509,Ronald Reagan Washington Ntl Airport,DCA,Washington,United States,Orlando International Airport,MCO,Orlando,United States,661,1.62,2026-10-03,05:36 PM
American Airlines,Boeing 737 MAX 8,B38M,AA2543,Dallas-Fort Worth International Airport,DFW,Dallas-Fort Worth,United States,John Wayne/Orange County Airport,SNA,Santa Ana,United States,1045,2.43,2026-10-03,05:47 PM
Spirit Airlines,Airbus A320-271N,A20N,NK2164,Punta Cana International Airport,PUJ,Punta Cana,Dominican Republic,Philadelphia International Airport,PHL,Philadelphia,United States,1328,3.03,2026-10-03,05:53 PM
United Airlines,Boeing 737-824,B738,UA2744,George Bush Intcntl/Houston Airport,IAH,Houston,United States,Laguardia Airport,LGA,New York,United States,1230,2.83,2026-10-03,06:12 PM
American Airlines,Airbus A319-115,A319,AA2297,Chicago O'Hare International Airport,ORD,Chicago,United States,Jackson Hole Airport,JAC,Jackson,United States,1007,2.35,2026-10-03,06:16 PM
American Airlines,Boeing 737-823,B738,AA2572,Ronald Reagan Washington Ntl Airport,DCA,Washington,United States,Dallas-Fort Worth International Airport,DFW,Dallas-Fort Worth,United States,1034,2.41,2026-10-03,06:24 PM
American Airlines,Boeing 737-823,B738,AA2088,Laguardia Airport,LGA,New York,United States,Dallas-Fort Worth International Airport,DFW,Dallas-Fort Worth,United States,1205,2.77,2026-10-03,06:35 PM
Spirit Airlines,Airbus A320-271N,A20N,NK2139,Fort Lauderdale/Hollywood International Airport,FLL,Fort Lauderdale,United States,Hartsfield - Jackson Atlanta International Airport,ATL,Atlanta,United States,506,1.29,2026-10-03,06:40 PM
Spirit Airlines,Airbus A320-271N,A20N,NK234,Newark Liberty International Airport,EWR,Newark,United States,Orlando International Airport,MCO,Orlando,United States,816,1.95,2026-10-03,06:41 PM
United Airlines,Boeing 737 MAX 9,B39M,UA2122,Newark Liberty International Airport,EWR,Newark,United States,Punta Cana International Airport,PUJ,Punta Cana,Dominican Republic,1362,3.11,2026-10-03,06:44 PM
United Airlines,Boeing 737 MAX 9,B39M,UA419,Washington Dulles International Airport,IAD,Washington,United States,Denver International Airport,DEN,Denver,United States,1258,2.89,2026-10-03,06:50 PM
United Airlines,Boeing 787-9 Dreamliner,B789,UA435,San Francisco International Airport,SFO,San Francisco,United States,Newark Liberty International Airport,EWR,Newark,United States,2224,4.93,2026-10-03,06:54 PM
American Airlines,Boeing 737-823,B738,AA1102,Cancun International Airport,CUN,Cancun,Mexico,Miami International Airport,MIA,Miami,United States,462,1.2,2026-10-03,07:01 PM
United Airlines,Boeing 757-224,B752,UA2121,Newark Liberty International Airport,EWR,Newark,United States,Denver International Airport,DEN,Denver,United States,1391,3.17,2026-02-03,07:02 PM
United Airlines,Airbus A319-131,A319,UA1872,Chicago O'Hare International Airport,ORD,Chicago,United States,St Louis Lambert International Airport,STL,St Louis,United States,224,0.69,2026-10-03,07:34 PM
American Airlines,Boeing 737-823,B738,AA413,San Antonio International Airport,SAT,San Antonio,United States,Dallas-Fort Worth International Airport,DFW,Dallas-Fort Worth,United States,215,0.67,2026-10-03,07:54 PM
American Airlines,Boeing 737-823,B738,AA2405,Santa Barbara Municipal Airport,SBA,Santa Barbara,United States,Dallas-Fort Worth International Airport,DFW,Dallas-Fort Worth,United States,1139,2.63,2026-10-03,07:58 PM
United Airlines,Boeing 737-824,B738,UA3033,Palau International Airport,ROR,Babelthuap Island,Palau,Guam International Airport,GUM,Guam,Guam,710,1.72,2026-10-04,02:23 PM
United Airlines,Boeing 767-322(ER),B763,UA117,Eleftherios Venizelos International Airport,ATH,Athens,Greece,Newark Liberty International Airport,EWR,Newark,United States,4296,9.33,2026-01-04,02:34 PM
United Airlines,Boeing 787-10 Dreamliner,B78X,UA125,Eleftherios Venizelos International Airport,ATH,Athens,Greece,Newark Liberty International Airport,EWR,Newark,United States,4296,9.33,2026-10-04,03:36 PM
American Airlines,Boeing 787-9 Dreamliner,B789,AA169,Los Angeles International Airport,LAX,Los Angeles,United States,Tokyo International Airport,HND,Tokyo,Japan,4758,10.31,2026-10-04,06:35 PM
United Airlines,Boeing 737-824,B738,UA132,Amata Kabua International Airport,MAJ,Majuro Atoll,Marshall Islands,Pohnpei International Airport,PNI,Pohnpei Island,Micronesia,778,1.87,2026-10-05,02:07 AM
China United Airlines,Boeing 737-89P,B738,KN5529,Beijing Daxing International Airport,PKX,Beijing,China,Ulanhot Airport,HLH,Ulanhot,China,471,1.22,2026-10-05,11:35 AM
United Airlines,Boeing 737-824,B738,UA157,Guam International Airport,GUM,Guam,Guam,Palau International Airport,ROR,Babelthuap Island,Palau,710,1.72,2026-10-05,03:51 PM
United Airlines,Boeing 737-824,B738,UA176,Chuuk International Airport,TKK,Weno Island,Micronesia,Guam International Airport,GUM,Guam,Guam,551,1.39,2026-10-05,05:09 PM
United Airlines,Boeing 737-824,B738,UA1007,San Francisco International Airport,SFO,San Francisco,United States,Pittsburgh International Airport,PIT,Pittsburgh,United States,1954,4.36,2026-10-06,06:44 AM
United Airlines,Boeing 737 MAX 9,B39M,UA1851,George Bush Intcntl/Houston Airport,IAH,Houston,United States,Los Angeles International Airport,LAX,Los Angeles,United States,1196,2.75,2026-10-06,07:23 AM
American Airlines,Boeing 737-823,B738,AA619,Miami International Airport,MIA,Miami,United States,Phoenix Sky Harbor International Airport,PHX,Phoenix,United States,1711,3.85,2026-01-06,07:33 AM
Spirit Airlines,Airbus A320-232,A320,NK2321,George Bush Intcntl/Houston Airport,IAH,Houston,United States,Los Angeles International Airport,LAX,Los Angeles,United States,1196,2.75,2026-01-06,07:44 AM
American Airlines,Airbus A320-232,A320,AA3269,Phoenix Sky Harbor International Airport,PHX,Phoenix,United States,Mahlon Sweet Field,EUG,Eugene,United States,827,1.97,2026-10-06,07:51 AM
United Airlines,Boeing 757-224,B752,UA2397,Los Angeles International Airport,LAX,Los Angeles,United States,Newark Liberty International Airport,EWR,Newark,United States,2128,4.73,2026-10-06,07:55 AM
American Airlines,Boeing 787-8 Dreamliner,B788,AA116,Kahului Airport,OGG,Kahului,United States,Dallas-Fort Worth International Airport,DFW,Dallas-Fort Worth,United States,3219,7.04,2026-10-06,08:15 AM
United Airlines,Boeing 787-10 Dreamliner,B78X,UA91,Ben Gurion International Airport,TLV,Tel Aviv,Israel,Newark Liberty International Airport,EWR,Newark,United States,4935,10.68,2026-10-06,08:18 AM
United Airlines,Boeing 757-224,B752,UA317,Newark Liberty International Airport,EWR,Newark,United States,Dublin Airport,DUB,Dublin,Ireland,2767,6.09,2026-10-06,10:14 AM
United Airlines,Boeing 757-224,B752,UA327,San Diego International Airport,SAN,San Diego,United States,Newark Liberty International Airport,EWR,Newark,United States,2103,4.68,2026-02-06,10:33 AM
United Airlines,Boeing 787-9 Dreamliner,B789,UA3773,Washington Dulles International Airport,IAD,Washington,United States,San Francisco International Airport,SFO,San Francisco,United States,2095,4.66,2026-10-06,10:59 AM
United Airlines,Boeing 767-322(ER),B763,UA53,Zurich Airport,ZRH,Zurich,Switzerland,Washington Dulles International Airport,IAD,Washington,United States,3607,7.87,2026-10-06,11:55 AM
American Airlines,Boeing 787-8 Dreamliner,B788,AA111,Leonardo Da Vinci (Fiumicino) International Airport,FCO,Rome,Italy,Chicago O'Hare International Airport,ORD,Chicago,United States,4181,9.08,2026-08-06,12:02 PM
United Airlines,Boeing 787-9 Dreamliner,B789,UA991,Barcelona International Airport,BCN,Barcelona,Spain,Washington Dulles International Airport,IAD,Washington,United States,3522,7.69,2026-10-06,12:34 PM
United Airlines,Boeing 787-8 Dreamliner,B788,UA981,Dublin Airport,DUB,Dublin,Ireland,Chicago O'Hare International Airport,ORD,Chicago,United States,3183,6.97,2026-10-06,01:08 PM
American Airlines,Boeing 777-223(ER),B772,AA61,Dallas-Fort Worth International Airport,DFW,Dallas-Fort Worth,United States,Narita International Airport,NRT,Tokyo,Japan,5574,12.04,2026-10-07,05:56 AM
American Airlines,Boeing 787-9 Dreamliner,B789,AA127,Dallas-Fort Worth International Airport,DFW,Dallas-Fort Worth,United States,Shanghai Pudong International Airport,PVG,Shanghai,China,6376,13.74,2026-10-07,06:08 AM
United Airlines,Boeing 767-3CB(ER),B763,UA965,Napoli / Capodichino International Airport,NAP,Napoli,Italy,Newark Liberty International Airport,EWR,Newark,United States,3828,8.33,2026-08-07,09:15 AM
American Airlines,Boeing 737-823,B738,AA2300,Miami International Airport,MIA,Miami,United States,Sangster International Airport,MBJ,Montego Bay,Jamaica,457,1.19,2026-10-10,05:23 PM
Spirit Airlines,Airbus A320-271N,A20N,NK2696,Luis Munoz Marin International Airport,SJU,San Juan,Puerto Rico,San Antonio International Airport,SAT,San Antonio,United States,1893,4.23,2026-10-10,05:42 PM
American Airlines,Airbus A321-231,A321,AA1856,Las Americas International Airport,SDQ,Santo Domingo,Dominican Republic,Miami International Airport,MIA,Miami,United States,737,1.78,2026-05-10,05:55 PM
United Airlines,Boeing 737-824,B738,UA3019,Chuuk International Airport,TKK,Weno Island,Micronesia,Guam International Airport,GUM,Guam,Guam,551,1.39,2026-10-10,06:13 PM
American Airlines,Boeing 737 MAX 8,B38M,AA1076,Miami International Airport,MIA,Miami,United States,V.C. Bird International Airport,ANU,St. George,Antigua And Barbuda,1155,2.67,2026-10-10,06:54 PM
American Airlines,Boeing 737-823,B738,AA359,Miami International Airport,MIA,Miami,United States,Comayagua-Palmerola International Airport,XPL,Comayagua,Honduras,800,1.92,2026-10-10,07:07 PM
American Airlines,Airbus A319-112,A319,AA673,Chicago O'Hare International Airport,ORD,Chicago,United States,Laguardia Airport,LGA,New York,United States,636,1.57,2026-10-11,12:11 AM
American Airlines,Boeing 737-823,B738,AA2043,Punta Cana International Airport,PUJ,Punta Cana,Dominican Republic,Dallas-Fort Worth International Airport,DFW,Dallas-Fort Worth,United States,1765,3.96,2026-10-11,12:24 AM
American Airlines,Airbus A319-112,A319,AA1848,Chicago O'Hare International Airport,ORD,Chicago,United States,Philadelphia International Airport,PHL,Philadelphia,United States,588,1.47,2026-10-11,12:25 AM
United Airlines,Airbus A319-131,A319,UA2116,Washington Dulles International Airport,IAD,Washington,United States,Dallas-Fort Worth International Airport,DFW,Dallas-Fort Worth,United States,1014,2.37,2026-02-11,12:40 AM
American Airlines,Airbus A321-231,A321,AA1675,Mahlon Sweet Field,EUG,Eugene,United States,Dallas-Fort Worth International Airport,DFW,Dallas-Fort Worth,United States,1394,3.17,2026-10-11,12:42 AM
American Airlines,Boeing 737-823,B738,AA844,Dallas-Fort Worth International Airport,DFW,Dallas-Fort Worth,United States,Tampa International Airport,TPA,Tampa,United States,806,1.93,2026-10-11,12:50 AM
American Airlines,Boeing 737-823,B738,AA1053,Dallas-Fort Worth International Airport,DFW,Dallas-Fort Worth,United States,Juan Santamaria International Airport,SJO,San Jose,Costa Rica,1547,3.5,2026-10-11,12:57 AM
American Airlines,Boeing 737 MAX 8,B38M,AA2886,Harry Reid International Airport,LAS,Las Vegas,United States,Philadelphia International Airport,PHL,Philadelphia,United States,1887,4.22,2026-10-11,01:00 AM
United Airlines,Boeing 757-224,B752,UA661,Newark Liberty International Airport,EWR,Newark,United States,Chicago O'Hare International Airport,ORD,Chicago,United States,624,1.54,2026-10-11,01:05 AM
Spirit Airlines,Airbus A320-232,A320,NK1663,Los Angeles International Airport,LAX,Los Angeles,United States,Detroit Metro Wayne County Airport,DTW,Detroit,United States,1716,3.86,2026-10-11,01:10 AM
American Airlines,Boeing 737-823,B738,AA2851,Eppley Airfield,OMA,Omaha,United States,Charlotte/Douglas International Airport,CLT,Charlotte,United States,792,1.9,2026-03-11,01:16 AM
American Airlines,Boeing 737-823,B738,AA2131,San Diego International Airport,SAN,San Diego,United States,Chicago O'Hare International Airport,ORD,Chicago,United States,1494,3.39,2026-10-11,01:24 AM
United Airlines,Boeing 737-724,B737,UA1616,Chicago O'Hare International Airport,ORD,Chicago,United States,John Wayne/Orange County Airport,SNA,Santa Ana,United States,1497,3.39,2026-10-11,01:25 AM
Spirit Airlines,Airbus A320-232,A320,NK1811,Dallas-Fort Worth International Airport,DFW,Dallas-Fort Worth,United States,Orlando International Airport,MCO,Orlando,United States,854,2.03,2026-10-11,01:25 AM
American Airlines,Airbus A321-253NX,A21N,AA1222,Dallas-Fort Worth International Airport,DFW,Dallas-Fort Worth,United States,Phoenix Sky Harbor International Airport,PHX,Phoenix,United States,753,1.82,2026-10-11,02:03 AM
United Airlines,Boeing 787-9 Dreamliner,B789,UA1757,Washington Dulles International Airport,IAD,Washington,United States,San Francisco International Airport,SFO,San Francisco,United States,2095,4.66,2026-10-11,02:21 AM
American Airlines,Boeing 737-823,B738,AA1398,Palm Beach International Airport,PBI,West Palm Beach,United States,Chicago O'Hare International Airport,ORD,Chicago,United States,995,2.33,2026-10-11,02:24 AM
American Airlines,Airbus A319-112,A319,AA2244,Nashville International Airport,BNA,Nashville,United States,Dallas-Fort Worth International Airport,DFW,Dallas-Fort Worth,United States,548,1.38,2026-10-11,02:37 AM
American Airlines,Boeing 737-823,B738,AA2772,John F Kennedy International Airport,JFK,New York,United States,Austin-Bergstrom International Airport,AUS,Austin,United States,1320,3.02,2026-10-11,02:43 AM
American Airlines,Boeing 777-223(ER),B772,AA302,John F Kennedy International Airport,JFK,New York,United States,Los Angeles International Airport,LAX,Los Angeles,United States,2146,4.77,2026-10-11,02:50 AM
American Airlines,Airbus A321-253NX,A21N,AA2155,Los Angeles International Airport,LAX,Los Angeles,United States,Miami International Airport,MIA,Miami,United States,2032,4.53,2026-10-11,03:28 AM
American Airlines,Boeing 737-823,B738,AA3265,Miami International Airport,MIA,Miami,United States,Orlando International Airport,MCO,Orlando,United States,167,0.57,2026-02-11,03:33 AM
American Airlines,Boeing 737-823,B738,AA3028,Chicago O'Hare International Airport,ORD,Chicago,United States,Portland International Airport,PDX,Portland,United States,1507,3.41,2026-02-11,03:34 AM
American Airlines,Airbus A319-132,A319,AA2978,Ronald Reagan Washington Ntl Airport,DCA,Washington,United States,Portland International Jetport Airport,PWM,Portland,United States,418,1.11,2026-10-11,03:36 AM
United Airlines,Boeing 737 MAX 8,B38M,UA1184,Dallas-Fort Worth International Airport,DFW,Dallas-Fort Worth,United States,San Francisco International Airport,SFO,San Francisco,United States,1270,2.91,2026-10-11,04:00 AM
American Airlines,Boeing 737-823,B738,AA2628,Dallas-Fort Worth International Airport,DFW,Dallas-Fort Worth,United States,Eppley Airfield,OMA,Omaha,United States,508,1.3,2026-04-11,04:13 AM
American Airlines,Boeing 737-823,B738,AA3113,Dallas-Fort Worth International Airport,DFW,Dallas-Fort Worth,United States,Los Angeles International Airport,LAX,Los Angeles,United States,1071,2.49,2026-10-11,04:17 AM
Spirit Airlines,Airbus A320-232,A320,NK2172,Fort Lauderdale/Hollywood International Airport,FLL,Fort Lauderdale,United States,Dallas-Fort Worth International Airport,DFW,Dallas-Fort Worth,United States,972,2.28,2026-10-11,04:38 AM
American Airlines,Airbus A319-115,A319,AA2190,Dallas-Fort Worth International Airport,DFW,Dallas-Fort Worth,United States,Del Bajio International Airport,BJX,Silao,Mexico,753,1.82,2026-10-11,04:44 AM
American Airlines,Boeing 737-823,B738,AA1336,Dallas-Fort Worth International Airport,DFW,Dallas-Fort Worth,United States,Orlando International Airport,MCO,Orlando,United States,854,2.03,2026-03-11,04:55 AM
Spirit Airlines,Airbus A321-271NX,A21N,NK2465,Fort Lauderdale/Hollywood International Airport,FLL,Fort Lauderdale,United States,Charlotte/Douglas International Airport,CLT,Charlotte,United States,550,1.39,2026-10-11,04:56 AM
United Airlines,Boeing 737 MAX 8,B38M,UA1756,Chicago O'Hare International Airport,ORD,Chicago,United States,Toronto Pearson International Airport,YYZ,Mississauga,Canada,378,1.02,2026-10-11,05:00 AM
American Airlines,Boeing 737-823,B738,AA1926,Chicago O'Hare International Airport,ORD,Chicago,United States,St Louis Lambert International Airport,STL,St Louis,United States,224,0.69,2026-10-11,05:13 AM
United Airlines,Boeing 757-224,B752,UA698,San Francisco International Airport,SFO,San Francisco,United States,Newark Liberty International Airport,EWR,Newark,United States,2224,4.93,2026-10-11,05:37 AM
United Airlines,Boeing 737-824,B738,UA308,Chicago O'Hare International Airport,ORD,Chicago,United States,Ontario International Airport,ONT,Ontario,United States,1474,3.34,2026-10-11,05:52 AM
Spirit Airlines,Airbus A320-271N,A20N,NK1229,Dallas-Fort Worth International Airport,DFW,Dallas-Fort Worth,United States,Los Angeles International Airport,LAX,Los Angeles,United States,1071,2.49,2026-10-11,05:57 AM
American Airlines,Boeing 787-9 Dreamliner,B789,AA258,Philadelphia International Airport,PHL,Philadelphia,United States,Lisbon Portela Airport,LIS,Lisbon,Portugal,2997,6.57,2026-10-11,08:58 AM
United Airlines,Boeing 787-9 Dreamliner,B789,UA772,Beijing Capital International Airport,PEK,Beijing,China,Los Angeles International Airport,LAX,Los Angeles,United States,5420,11.71,2026-10-11,10:07 AM
American Airlines,Boeing 787-8 Dreamliner,B788,AA53,Leonardo Da Vinci (Fiumicino) International Airport,FCO,Rome,Italy,Miami International Airport,MIA,Miami,United States,4498,9.75,2026-01-11,01:23 PM
United Airlines,Boeing 737-824,B738,UA186,Yap International Airport,YAP,Yap Island,Micronesia,Guam International Airport,GUM,Guam,Guam,462,1.2,2026-10-11,06:37 PM
American Airlines,Boeing 737-823,B738,AA2703,Miami International Airport,MIA,Miami,United States,Piarco International Airport,POS,Port of Spain,Trinidad And Tobago,1411,3.21,2026-02-11,07:00 PM
American Airlines,Airbus A321-231,A321,AA2638,Punta Cana International Airport,PUJ,Punta Cana,Dominican Republic,Miami International Airport,MIA,Miami,United States,792,1.9,2026-10-11,07:01 PM
American Airlines,Airbus A319-112,A319,AA342,Felipe Carrillo Puerto International Airport,TQO,Tulum,Mexico,Miami International Airport,MIA,Miami,United States,529,1.34,2026-10-11,07:11 PM
United Airlines,Boeing 737 MAX 8,B38M,UA2006,Chicago O'Hare International Airport,ORD,Chicago,United States,La Aurora Airport,GUA,Guatemala City,Guatemala,1650,3.72,2026-05-11,07:18 PM
American Airlines,Boeing 737 MAX 8,B38M,AA1130,El Dorado International Airport,BOG,Bogota,Colombia,Miami International Airport,MIA,Miami,United States,1315,3.01,2026-10-11,07:28 PM
American Airlines,Boeing 737-823,B738,AA411,Miami International Airport,MIA,Miami,United States,Tocumen International Airport,PTY,Tocumen,Panama,1005,2.35,2026-10-11,07:44 PM
American Airlines,Airbus A321-231,A321,AA2939,Sangster International Airport,MBJ,Montego Bay,Jamaica,Philadelphia International Airport,PHL,Philadelphia,United States,1290,2.95,2026-10-11,08:29 PM
American Airlines,Boeing 737 MAX 8,B38M,AA3039,V.C. Bird International Airport,ANU,St. George,Antigua And Barbuda,Miami International Airport,MIA,Miami,United States,1155,2.67,2026-10-11,08:32 PM
American Airlines,Airbus A321-253NX,A21N,AA1800,Hato International Airport,CUR,Willemstad,Curacao,Miami International Airport,MIA,Miami,United States,1038,2.42,2026-03-11,09:05 PM
American Airlines,Boeing 737-823,B738,AA3034,Comayagua-Palmerola International Airport,XPL,Comayagua,Honduras,Dallas-Fort Worth International Airport,DFW,Dallas-Fort Worth,United States,1225,2.82,2026-10-11,09:32 PM
American Airlines,Boeing 737-823,B738,AA380,El Salvador International Airport,SAL,Santa Clara,El Salvador,Dallas-Fort Worth International Airport,DFW,Dallas-Fort Worth,United States,1247,2.86,2026-10-11,10:09 PM
Spirit Airlines,Airbus A321-271NX,A21N,NK886,Queen Beatrix International Airport,AUA,Oranjestad,Aruba,Fort Lauderdale/Hollywood International Airport,FLL,Fort Lauderdale,United States,996,2.33,2026-10-11,10:19 PM
American Airlines,Boeing 737-823,B738,AA1553,Miami International Airport,MIA,Miami,United States,Laguardia Airport,LGA,New York,United States,955,2.24,2026-03-11,10:35 PM
American Airlines,Boeing 737 MAX 8,B38M,AA452,Juan Santamaria International Airport,SJO,San Jose,Costa Rica,Charlotte/Douglas International Airport,CLT,Charlotte,United States,1525,3.45,2026-10-11,11:35 PM
American Airlines,Boeing 737-823,B738,AA1335,Hewanorra International Airport,UVF,Vieux Fort,Saint Lucia,Miami International Airport,MIA,Miami,United States,1308,2.99,2026-10-12,12:14 AM
American Airlines,Boeing 737 MAX 8,B38M,AA1788,Juan Santamaria International Airport,SJO,San Jose,Costa Rica,Miami International Airport,MIA,Miami,United States,975,2.29,2026-10-12,12:18 AM
United Airlines,Boeing 737 MAX 9,B39M,UA1033,Tocumen International Airport,PTY,Tocumen,Panama,George Bush Intcntl/Houston Airport,IAH,Houston,United States,1542,3.49,2026-10-12,12:32 AM
United Airlines,Boeing 737 MAX 9,B39M,UA1948,Cancun International Airport,CUN,Cancun,Mexico,San Francisco International Airport,SFO,San Francisco,United States,2090,4.65,2026-04-12,12:35 AM
United Airlines,Boeing 737 MAX 9,B39M,UA1171,Queen Beatrix International Airport,AUA,Oranjestad,Aruba,George Bush Intcntl/Houston Airport,IAH,Houston,United States,1756,3.94,2026-10-12,12:48 AM
Spirit Airlines,Airbus A320-232,A320,NK1630,Comayagua-Palmerola International Airport,XPL,Comayagua,Honduras,George Bush Intcntl/Houston Airport,IAH,Houston,United States,1030,2.4,2026-10-12,12:49 AM
American Airlines,Airbus A319-115,A319,AA990,Miami International Airport,MIA,Miami,United States,Owen Roberts International Airport,GCM,Georgetown,Cayman Islands,395,1.06,2026-10-12,01:04 AM
United Airlines,Boeing 737 MAX 8,B38M,UA2036,Luis Munoz Marin International Airport,SJU,San Juan,Puerto Rico,Newark Liberty International Airport,EWR,Newark,United States,1401,3.19,2026-10-12,02:11 AM
American Airlines,Airbus A321-253NX,A21N,AA917,Miami International Airport,MIA,Miami,United States,Jorge Chavez International Airport,LIM,Lima,Peru,2278,5.05,2026-10-12,02:35 AM
American Airlines,Boeing 737-823,B738,AA2393,Miami International Airport,MIA,Miami,United States,Sir Grantley Adams International Airport,BGI,Bridgetown,Barbados,1400,3.19,2026-10-12,02:47 AM
American Airlines,Boeing 737-823,B738,AA1346,Queen Beatrix International Airport,AUA,Oranjestad,Aruba,Miami International Airport,MIA,Miami,United States,987,2.31,2026-10-12,02:58 AM
United Airlines,Boeing 737-724,B737,UA2284,Hato International Airport,CUR,Willemstad,Curacao,Newark Liberty International Airport,EWR,Newark,United States,1733,3.89,2026-10-12,04:11 AM
United Airlines,Boeing 737 MAX 8,B38M,UA437,George Bush Intcntl/Houston Airport,IAH,Houston,United States,Cheddi Jagan International Airport,GEO,Georgetown,Guyana,2522,5.57,2026-10-12,04:14 AM
American Airlines,Boeing 737-823,B738,AA2230,Miami International Airport,MIA,Miami,United States,George Bush Intcntl/Houston Airport,IAH,Houston,United States,837,1.99,2026-10-12,05:20 AM
Spirit Airlines,Airbus A320-271N,A20N,NK973,Fort Lauderdale/Hollywood International Airport,FLL,Fort Lauderdale,United States,Jose Maria Cordova International Airport,MDE,Rionegro,Colombia,1226,2.82,2026-10-12,05:37 AM
United Airlines,Boeing 777-222(ER),B772,UA3772,Newark Liberty International Airport,EWR,Newark,United States,London Stansted Airport,STN,London,United Kingdom,3020,6.62,2026-10-12,09:08 AM
United Airlines,Boeing 767-322(ER),B763,UA904,Newark Liberty International Airport,EWR,Newark,United States,London Heathrow Airport,LHR,London,United Kingdom,3003,6.59,2026-10-12,09:15 AM
United Airlines,Boeing 777-222,B772,UA2097,San Francisco International Airport,SFO,San Francisco,United States,Chicago O'Hare International Airport,ORD,Chicago,United States,1600,3.61,2026-10-12,09:45 AM
American Airlines,Boeing 737-823,B738,AA565,Portland International Airport,PDX,Portland,United States,Chicago O'Hare International Airport,ORD,Chicago,United States,1507,3.41,2026-07-12,09:53 AM
American Airlines,Boeing 787-8 Dreamliner,B788,AA52,Miami International Airport,MIA,Miami,United States,Leonardo Da Vinci (Fiumicino) International Airport,FCO,Rome,Italy,4498,9.75,2026-10-12,10:25 AM
American Airlines,Boeing 737 MAX 8,B38M,AA2654,Phoenix Sky Harbor International Airport,PHX,Phoenix,United States,Miami International Airport,MIA,Miami,United States,1711,3.85,2026-10-12,11:21 AM
United Airlines,Boeing 737-724,B737,UA2631,Newark Liberty International Airport,EWR,Newark,United States,Sarasota/Bradenton International Airport,SRQ,Sarasota/Bradenton,United States,900,2.13,2026-10-12,12:13 PM
United Airlines,Boeing 777-222,B772,UA1960,Newark Liberty International Airport,EWR,Newark,United States,San Francisco International Airport,SFO,San Francisco,United States,2224,4.93,2026-10-12,01:22 PM
American Airlines,Boeing 777-223(ER),B772,AA195,London Heathrow Airport,LHR,London,United Kingdom,Phoenix Sky Harbor International Airport,PHX,Phoenix,United States,4570,9.91,2026-10-12,02:12 PM
American Airlines,Boeing 787-9 Dreamliner,B789,AA37,Madrid Barajas International Airport,MAD,Madrid,Spain,Dallas-Fort Worth International Airport,DFW,Dallas-Fort Worth,United States,4305,9.35,2026-10-12,02:17 PM
United Airlines,Boeing 737-824,B738,UA2113,Orlando International Airport,MCO,Orlando,United States,Los Angeles International Airport,LAX,Los Angeles,United States,1924,4.3,2026-10-12,02:22 PM
Spirit Airlines,Airbus A320-271N,A20N,NK3548,Louis Armstrong New Orleans International Airport,MSY,New Orleans,United States,Fort Lauderdale/Hollywood International Airport,FLL,Fort Lauderdale,United States,585,1.46,2026-10-12,02:23 PM
United Airlines,Boeing 737 MAX 9,B39M,UA454,Baltimore/Washington International Thurgood Marshall Airport,BWI,Baltimore,United States,Los Angeles International Airport,LAX,Los Angeles,United States,2019,4.5,2026-10-12,02:31 PM
United Airlines,Boeing 737 MAX 8,B38M,UA1674,Newark Liberty International Airport,EWR,Newark,United States,Cleveland-Hopkins International Airport,CLE,Cleveland,United States,351,0.96,2026-10-12,03:10 PM
Spirit Airlines,Airbus A320-271N,A20N,NK1309,Orlando International Airport,MCO,Orlando,United States,Juan Santamaria International Airport,SJO,San Jose,Costa Rica,1119,2.59,2026-08-12,03:10 PM
United Airlines,Boeing 737 MAX 8,B38M,UA1934,George Bush Intcntl/Houston Airport,IAH,Houston,United States,Cleveland-Hopkins International Airport,CLE,Cleveland,United States,948,2.23,2026-02-12,03:11 PM
American Airlines,Boeing 737-823,B738,AA2889,Tampa International Airport,TPA,Tampa,United States,Miami International Airport,MIA,Miami,United States,178,0.6,2026-10-12,03:20 PM
American Airlines,Airbus A321-253N,A21N,AA2914,Philadelphia International Airport,PHL,Philadelphia,United States,Harry Reid International Airport,LAS,Las Vegas,United States,1887,4.22,2026-10-13,06:14 AM
United Airlines,Boeing 757-224,B752,UA526,Harry Reid International Airport,LAS,Las Vegas,United States,Newark Liberty International Airport,EWR,Newark,United States,1931,4.31,2026-10-13,06:21 AM
American Airlines,Airbus A321-231,A321,AA542,Dallas-Fort Worth International Airport,DFW,Dallas-Fort Worth,United States,Raleigh-Durham International Airport,RDU,Raleigh/Durham,United States,920,2.17,2026-10-13,06:23 AM
Spirit Airlines,Airbus A321-231,A321,NK973,Fort Lauderdale/Hollywood International Airport,FLL,Fort Lauderdale,United States,Jose Maria Cordova International Airport,MDE,Rionegro,Colombia,1226,2.82,2026-01-13,06:26 AM
United Airlines,Boeing 737 MAX 8,B38M,UA1933,Newark Liberty International Airport,EWR,Newark,United States,George Bush Intcntl/Houston Airport,IAH,Houston,United States,1215,2.79,2026-10-13,06:39 AM
Spirit Airlines,Airbus A320-232,A320,NK1546,Harry Reid International Airport,LAS,Las Vegas,United States,Hartsfield - Jackson Atlanta International Airport,ATL,Atlanta,United States,1515,3.43,2026-10-13,06:46 AM
American Airlines,Boeing 737-823,B738,AA483,Miami International Airport,MIA,Miami,United States,Chicago O'Hare International Airport,ORD,Chicago,United States,1042,2.43,2026-03-13,06:55 AM
American Airlines,Boeing 737 MAX 8,B38M,AA1989,Miami International Airport,MIA,Miami,United States,Phoenix Sky Harbor International Airport,PHX,Phoenix,United States,1711,3.85,2026-02-13,07:06 AM
American Airlines,Boeing 737 MAX 8,B38M,AA1280,Phoenix Sky Harbor International Airport,PHX,Phoenix,United States,John F Kennedy International Airport,JFK,New York,United States,1867,4.18,2026-10-13,07:08 AM
American Airlines,Airbus A321-231,A321,AA2245,Harry Reid International Airport,LAS,Las Vegas,United States,Charlotte/Douglas International Airport,CLT,Charlotte,United States,1661,3.74,2026-08-13,07:14 AM
American Airlines,Airbus A321-253NX,A21N,AA164,Daniel K Inouye International Airport,HNL,Honolulu,United States,Los Angeles International Airport,LAX,Los Angeles,United States,2218,4.92,2026-10-13,08:12 AM
American Airlines,Airbus A321-231,A321,AA177,John F Kennedy International Airport,JFK,New York,United States,San Francisco International Airport,SFO,San Francisco,United States,2242,4.97,2026-10-13,09:42 AM
American Airlines,Boeing 777-323(ER),B77W,AA56,Miami International Airport,MIA,Miami,United States,London Heathrow Airport,LHR,London,United Kingdom,3838,8.36,2026-10-13,09:59 AM
Spirit Airlines,Airbus A320-271N,A20N,NK3224,Los Angeles International Airport,LAX,Los Angeles,United States,George Bush Intcntl/Houston Airport,IAH,Houston,United States,1196,2.75,2026-10-13,10:31 AM
American Airlines,Boeing 737-823,B738,AA1597,Laguardia Airport,LGA,New York,United States,Dallas-Fort Worth International Airport,DFW,Dallas-Fort Worth,United States,1205,2.77,2026-10-13,10:39 AM
United Airlines,Boeing 737 MAX 9,B39M,UA491,Los Angeles International Airport,LAX,Los Angeles,United States,George Bush Intcntl/Houston Airport,IAH,Houston,United States,1196,2.75,2026-10-13,11:32 AM
American Airlines,Airbus A319-132,A319,AA2589,Toronto Pearson International Airport,YYZ,Mississauga,Canada,Miami International Airport,MIA,Miami,United States,1074,2.5,2026-02-13,11:51 AM
American Airlines,Airbus A319-115,A319,AA9782,Alfonso Bonilla Aragon International Airport,CLO,Cali,Colombia,Miami International Airport,MIA,Miami,United States,1355,3.09,2026-10-13,03:14 PM
United Airlines,Boeing 737-724,B737,UA1248,George Bush Intcntl/Houston Airport,IAH,Houston,United States,Norman Y Mineta San Jose International Airport,SJC,San Jose,United States,1395,3.18,2026-10-13,06:23 PM
American Airlines,Boeing 777-223(ER),B772,AA2,Los Angeles International Airport,LAX,Los Angeles,United States,John F Kennedy International Airport,JFK,New York,United States,2146,4.77,2026-10-13,06:23 PM
United Airlines,Boeing 737-724,B737,UA2609,Chicago O'Hare International Airport,ORD,Chicago,United States,John Wayne/Orange County Airport,SNA,Santa Ana,United States,1497,3.39,2026-10-13,06:29 PM
United Airlines,Boeing 787-8 Dreamliner,B788,UA952,Munich International Airport,MUC,Munich,Germany,Chicago O'Hare International Airport,ORD,Chicago,United States,3925,8.54,2026-10-13,06:42 PM
American Airlines,Airbus A319-112,A319,AA2853,Rhode Island Tf Green International Airport,PVD,Providence,United States,Chicago O'Hare International Airport,ORD,Chicago,United States,736,1.78,2026-10-13,06:42 PM
Spirit Airlines,Airbus A320-232,A320,NK515,Orlando International Airport,MCO,Orlando,United States,La Aurora Airport,GUA,Guatemala City,Guatemala,977,2.29,2026-10-13,07:09 PM
United Airlines,Airbus A320-232,A320,UA793,Ronald Reagan Washington Ntl Airport,DCA,Washington,United States,Chicago O'Hare International Airport,ORD,Chicago,United States,531,1.34,2026-10-13,07:12 PM
United Airlines,Boeing 737-724,B737,UA1920,Raleigh-Durham International Airport,RDU,Raleigh/Durham,United States,Chicago O'Hare International Airport,ORD,Chicago,United States,561,1.41,2026-10-13,07:18 PM
United Airlines,Boeing 787-9 Dreamliner,B789,UA1849,San Francisco International Airport,SFO,San Francisco,United States,Washington Dulles International Airport,IAD,Washington,United States,2095,4.66,2026-10-13,07:53 PM
American Airlines,Boeing 787-9 Dreamliner,B789,AA9601,Tokyo International Airport,HND,Tokyo,Japan,Dallas-Fort Worth International Airport,DFW,Dallas-Fort Worth,United States,5604,12.1,2026-10-13,08:04 PM
American Airlines,Airbus A319-112,A319,AA1385,Dallas-Fort Worth International Airport,DFW,Dallas-Fort Worth,United States,Austin-Bergstrom International Airport,AUS,Austin,United States,165,0.57,2026-10-13,08:05 PM
United Airlines,Boeing 787-9 Dreamliner,B789,UA6,Narita International Airport,NRT,Tokyo,Japan,George Bush Intcntl/Houston Airport,IAH,Houston,United States,5761,12.43,2026-10-13,08:11 PM
American Airlines,Boeing 737-823,B738,AA1219,Albuquerque International Sunport Airport,ABQ,Albuquerque,United States,Chicago O'Hare International Airport,ORD,Chicago,United States,970,2.28,2026-10-13,08:28 PM
American Airlines,Boeing 737-823,B738,AA9792,Dallas-Fort Worth International Airport,DFW,Dallas-Fort Worth,United States,Punta Cana International Airport,PUJ,Punta Cana,Dominican Republic,1765,3.96,2026-10-13,08:35 PM
American Airlines,Boeing 737-823,B738,AA1785,Dallas-Fort Worth International Airport,DFW,Dallas-Fort Worth,United States,Louis Armstrong New Orleans International Airport,MSY,New Orleans,United States,388,1.04,2026-10-13,08:51 PM
United Airlines,Boeing 737-724,B737,UA462,George Bush Intcntl/Houston Airport,IAH,Houston,United States,Hartsfield - Jackson Atlanta International Airport,ATL,Atlanta,United States,598,1.49,2026-10-13,09:03 PM
United Airlines,Boeing 737-724,B737,UA1825,Salt Lake City International Airport,SLC,Salt Lake City,United States,George Bush Intcntl/Houston Airport,IAH,Houston,United States,1038,2.42,2026-10-13,09:07 PM
American Airlines,Boeing 737-823,B738,AA1393,Chicago O'Hare International Airport,ORD,Chicago,United States,Harry Reid International Airport,LAS,Las Vegas,United States,1313,3,2026-10-13,09:22 PM
United Airlines,Boeing 737-824,B738,UA2202,Bozeman Yellowstone International Airport,BZN,Bozeman,United States,Chicago O'Hare International Airport,ORD,Chicago,United States,1028,2.4,2026-10-13,09:23 PM
Spirit Airlines,Airbus A320-232,A320,NK826,Ramon Villeda Morales International Airport,SAP,La Mesa,Honduras,Fort Lauderdale/Hollywood International Airport,FLL,Fort Lauderdale,United States,772,1.86,2026-10-13,09:30 PM
United Airlines,Boeing 737-724,B737,UA1324,Dallas-Fort Worth International Airport,DFW,Dallas-Fort Worth,United States,Chicago O'Hare International Airport,ORD,Chicago,United States,697,1.7,2026-10-13,09:59 PM
United Airlines,Boeing 737-724,B737,UA2236,Toronto Pearson International Airport,YYZ,Mississauga,Canada,George Bush Intcntl/Houston Airport,IAH,Houston,United States,1112,2.58,2026-10-13,10:15 PM
American Airlines,Airbus A319-115,A319,AA2673,Dallas-Fort Worth International Airport,DFW,Dallas-Fort Worth,United States,Eglin Afb/Destin-Ft Walton Beach Airport,VPS,Valparaiso/Destin-Ft Walton Beach,United States,556,1.4,2026-10-13,10:39 PM
American Airlines,Boeing 737-823,B738,AA1126,Albuquerque International Sunport Airport,ABQ,Albuquerque,United States,Philadelphia International Airport,PHL,Philadelphia,United States,1515,3.43,2026-10-13,10:51 PM
United Airlines,Boeing 737-824,B738,UA1495,Louis Armstrong New Orleans International Airport,MSY,New Orleans,United States,Chicago O'Hare International Airport,ORD,Chicago,United States,728,1.76,2026-10-13,11:09 PM
Spirit Airlines,Airbus A320-271N,A20N,NK3656,Harry Reid International Airport,LAS,Las Vegas,United States,General Mitchell International Airport,MKE,Milwaukee,United States,1321,3.02,2026-10-13,11:30 PM
American Airlines,Boeing 787-8 Dreamliner,B788,AA115,Dallas-Fort Worth International Airport,DFW,Dallas-Fort Worth,United States,Daniel K Inouye International Airport,HNL,Honolulu,United States,3283,7.18,2026-03-13,11:57 PM
United Airlines,Boeing 737 MAX 8,B38M,UA2850,George Bush Intcntl/Houston Airport,IAH,Houston,United States,Ronald Reagan Washington Ntl Airport,DCA,Washington,United States,1048,2.44,2026-10-14,02:33 PM
United Airlines,Boeing 737-924(ER),B739,UA1467,El Salvador International Airport,SAL,Santa Clara,El Salvador,George Bush Intcntl/Houston Airport,IAH,Houston,United States,1053,2.45,2026-10-14,03:44 PM
United Airlines,Boeing 757-224,B752,UA2445,Newark Liberty International Airport,EWR,Newark,United States,Los Angeles International Airport,LAX,Los Angeles,United States,2128,4.73,2026-10-14,04:14 PM
American Airlines,Airbus A319-112,A319,AA2720,Ronald Reagan Washington Ntl Airport,DCA,Washington,United States,Key West International Airport,EYW,Key West,United States,891,2.11,2026-10-14,04:15 PM
American Airlines,Boeing 737-823,B738,AA2778,Charlotte/Douglas International Airport,CLT,Charlotte,United States,Gerald R Ford International Airport,GRR,Grand Rapids,United States,507,1.29,2026-10-14,04:22 PM
United Airlines,Boeing 737-724,B737,UA1102,Tucson International Airport,TUS,Tucson,United States,George Bush Intcntl/Houston Airport,IAH,Houston,United States,812,1.94,2026-10-14,04:49 PM
American Airlines,Boeing 737 MAX 8,B38M,AA3232,Chicago O'Hare International Airport,ORD,Chicago,United States,John Wayne/Orange County Airport,SNA,Santa Ana,United States,1497,3.39,2026-10-14,05:05 PM
United Airlines,Airbus A319-131,A319,UA362,Fresno Yosemite International Airport,FAT,Fresno,United States,Chicago O'Hare International Airport,ORD,Chicago,United States,1500,3.4,2026-07-14,05:45 PM
United Airlines,Boeing 737-724,B737,UA346,Albuquerque International Sunport Airport,ABQ,Albuquerque,United States,Chicago O'Hare International Airport,ORD,Chicago,United States,970,2.28,2026-10-14,06:17 PM
American Airlines,Airbus A321-231,A321,AA1008,Dallas-Fort Worth International Airport,DFW,Dallas-Fort Worth,United States,Hartsfield - Jackson Atlanta International Airport,ATL,Atlanta,United States,634,1.56,2026-08-14,06:21 PM
American Airlines,Boeing 737-823,B738,AA424,Gregorio Luperon International Airport,POP,Puerto Plata,Dominican Republic,Miami International Airport,MIA,Miami,United States,648,1.59,2026-10-14,06:29 PM
United Airlines,Boeing 737-724,B737,UA2850,Ronald Reagan Washington Ntl Airport,DCA,Washington,United States,Chicago O'Hare International Airport,ORD,Chicago,United States,531,1.34,2026-10-14,06:34 PM
United Airlines,Boeing 737-824,B738,UA2621,Norman Y Mineta San Jose International Airport,SJC,San Jose,United States,Chicago O'Hare International Airport,ORD,Chicago,United States,1586,3.58,2026-10-14,06:39 PM
American Airlines,Boeing 737-823,B738,AA2263,Phoenix Sky Harbor International Airport,PHX,Phoenix,United States,Miami International Airport,MIA,Miami,United States,1711,3.85,2026-10-14,07:10 PM
United Airlines,Boeing 737-824,B738,UA2181,George Bush Intcntl/Houston Airport,IAH,Houston,United States,Laguardia Airport,LGA,New York,United States,1230,2.83,2026-10-14,07:15 PM
United Airlines,Boeing 737-724,B737,UA752,Chicago O'Hare International Airport,ORD,Chicago,United States,Ronald Reagan Washington Ntl Airport,DCA,Washington,United States,531,1.34,2026-05-14,07:23 PM
United Airlines,Boeing 777-222,B772,UA2743,Los Angeles International Airport,LAX,Los Angeles,United States,Newark Liberty International Airport,EWR,Newark,United States,2128,4.73,2026-10-14,07:55 PM
American Airlines,Boeing 737-823,B738,AA687,Dallas-Fort Worth International Airport,DFW,Dallas-Fort Worth,United States,Jacksonville International Airport,JAX,Jacksonville,United States,797,1.91,2026-10-14,08:04 PM
Spirit Airlines,Airbus A320-271N,A20N,NK2223,Newark Liberty International Airport,EWR,Newark,United States,Los Angeles International Airport,LAX,Los Angeles,United States,2128,4.73,2026-10-14,08:06 PM
American Airlines,Boeing 737-823,B738,AA3267,Dallas-Fort Worth International Airport,DFW,Dallas-Fort Worth,United States,Don Miguel Hidalgo Y Costilla International Airport,GDL,Guadalajara,Mexico,815,1.95,2026-10-14,08:08 PM
American Airlines,Airbus A319-132,A319,AA710,Albany International Airport,ALB,Albany,United States,Charlotte/Douglas International Airport,CLT,Charlotte,United States,562,1.41,2026-10-14,08:17 PM
United Airlines,Boeing 737 MAX 8,B38M,UA2150,Los Angeles International Airport,LAX,Los Angeles,United States,Bozeman Yellowstone International Airport,BZN,Bozeman,United States,785,1.88,2026-10-14,08:17 PM
American Airlines,Boeing 737-823,B738,AA2657,Palm Springs International Airport,PSP,Palm Springs,United States,Chicago O'Hare International Airport,ORD,Chicago,United States,1432,3.25,2026-10-14,08:35 PM
United Airlines,Boeing 777-222,B772,UA1997,San Francisco International Airport,SFO,San Francisco,United States,Washington Dulles International Airport,IAD,Washington,United States,2095,4.66,2026-10-14,09:18 PM
American Airlines,Boeing 737-823,B738,AA861,Chicago O'Hare International Airport,ORD,Chicago,United States,Bradley International Airport,BDL,Windsor Locks,United States,679,1.66,2026-10-14,09:21 PM
United Airlines,Boeing 757-224,B752,UA2191,Newark Liberty International Airport,EWR,Newark,United States,Los Angeles International Airport,LAX,Los Angeles,United States,2128,4.73,2026-10-14,09:41 PM
Spirit Airlines,Airbus A321-271NX,A21N,NK658,Fort Lauderdale/Hollywood International Airport,FLL,Fort Lauderdale,United States,Nashville International Airport,BNA,Nashville,United States,690,1.68,2026-10-14,09:50 PM
American Airlines,Boeing 737-823,B738,AA1398,Chicago O'Hare International Airport,ORD,Chicago,United States,Palm Beach International Airport,PBI,West Palm Beach,United States,995,2.33,2026-10-14,09:55 PM
American Airlines,Boeing 737-823,B738,AA1472,Miami International Airport,MIA,Miami,United States,Baltimore/Washington International Thurgood Marshall Airport,BWI,Baltimore,United States,824,1.97,2026-10-14,10:12 PM
United Airlines,Boeing 737-724,B737,UA1989,Tucson International Airport,TUS,Tucson,United States,Chicago O'Hare International Airport,ORD,Chicago,United States,1247,2.86,2026-10-14,10:19 PM
Spirit Airlines,Airbus A321-271NX,A21N,NK328,Fort Lauderdale/Hollywood International Airport,FLL,Fort Lauderdale,United States,Newark Liberty International Airport,EWR,Newark,United States,927,2.18,2026-10-14,10:23 PM
China United Airlines,Boeing 737-89P,B738,KN2379,Shijiazhuang Daguocun International Airport,SJW,Shijiazhuang,China,Wenzhou Yongqiang Airport,WNZ,Wenzhou,China,695,1.69,2026-10-15,05:30 AM
Spirit Airlines,Airbus A320-271N,A20N,NK1469,Louis Armstrong New Orleans International Airport,MSY,New Orleans,United States,Orlando International Airport,MCO,Orlando,United States,478,1.23,2026-10-15,06:54 PM
United Airlines,Boeing 737 MAX 8,B38M,UA2494,Southwest Florida International Airport,RSW,Fort Myers,United States,Chicago O'Hare International Airport,ORD,Chicago,United States,977,2.29,2026-10-15,07:16 PM
American Airlines,Boeing 737-823,B738,AA2558,Dallas-Fort Worth International Airport,DFW,Dallas-Fort Worth,United States,Sangster International Airport,MBJ,Montego Bay,Jamaica,1344,3.07,2026-10-15,07:34 PM
American Airlines,Boeing 737-823,B738,AA855,Dallas-Fort Worth International Airport,DFW,Dallas-Fort Worth,United States,Norfolk International Airport,ORF,Norfolk,United States,1051,2.45,2026-10-15,07:39 PM
United Airlines,Boeing 737-724,B737,UA1753,Newark Liberty International Airport,EWR,Newark,United States,Dallas-Fort Worth International Airport,DFW,Dallas-Fort Worth,United States,1190,2.74,2026-10-15,07:46 PM
United Airlines,Boeing 737 MAX 9,B39M,UA1755,Fort Lauderdale/Hollywood International Airport,FLL,Fort Lauderdale,United States,Chicago O'Hare International Airport,ORD,Chicago,United States,1029,2.4,2026-08-15,08:23 PM
American Airlines,Boeing 737-823,B738,AA1317,Miami International Airport,MIA,Miami,United States,Indianapolis International Airport,IND,Indianapolis,United States,889,2.1,2026-10-15,08:57 PM
American Airlines,Boeing 737-823,B738,AA3008,Miami International Airport,MIA,Miami,United States,Raleigh-Durham International Airport,RDU,Raleigh/Durham,United States,610,1.51,2026-10-15,09:50 PM
American Airlines,Airbus A319-132,A319,AA1140,Austin-Bergstrom International Airport,AUS,Austin,United States,Philadelphia International Airport,PHL,Philadelphia,United States,1241,2.85,2026-10-15,10:43 PM
American Airlines,Boeing 737-823,B738,AA584,Dallas-Fort Worth International Airport,DFW,Dallas-Fort Worth,United States,Tucson International Airport,TUS,Tucson,United States,705,1.71,2026-10-15,11:03 PM
United Airlines,Boeing 737 MAX 8,B38M,UA1352,Denver International Airport,DEN,Denver,United States,John Wayne/Orange County Airport,SNA,Santa Ana,United States,734,1.78,2026-10-15,11:11 PM
United Airlines,Boeing 737-824,B738,UA1971,George Bush Intcntl/Houston Airport,IAH,Houston,United States,Harry Reid International Airport,LAS,Las Vegas,United States,1060,2.47,2026-10-15,11:15 PM
American Airlines,Airbus A319-112,A319,AA1779,Chicago O'Hare International Airport,ORD,Chicago,United States,Denver International Airport,DEN,Denver,United States,770,1.85,2026-02-15,11:25 PM
American Airlines,Boeing 737-823,B738,AA2286,Miami International Airport,MIA,Miami,United States,Louis Armstrong New Orleans International Airport,MSY,New Orleans,United States,586,1.46,2026-10-15,11:30 PM
American Airlines,Boeing 737-823,B738,AA959,Orlando International Airport,MCO,Orlando,United States,Chicago O'Hare International Airport,ORD,Chicago,United States,875,2.07,2026-10-15,11:41 PM
American Airlines,Airbus A319-115,A319,AA2605,Patrick Leahy Burlington International Airport,BTV,Burlington,United States,Charlotte/Douglas International Airport,CLT,Charlotte,United States,661,1.62,2026-10-16,12:31 AM
American Airlines,Boeing 737-823,B738,AA3152,Dallas-Fort Worth International Airport,DFW,Dallas-Fort Worth,United States,Philadelphia International Airport,PHL,Philadelphia,United States,1130,2.61,2026-10-16,12:42 AM
United Airlines,Boeing 737-824,B738,UA1902,George Bush Intcntl/Houston Airport,IAH,Houston,United States,La Aurora Airport,GUA,Guatemala City,Guatemala,962,2.26,2026-10-16,12:44 AM
United Airlines,Airbus A319-131,A319,UA1652,Tucson International Airport,TUS,Tucson,United States,San Francisco International Airport,SFO,San Francisco,United States,652,1.6,2026-02-16,12:51 AM
American Airlines,Boeing 737-823,B738,AA324,Reno/Tahoe International Airport,RNO,Reno,United States,Dallas-Fort Worth International Airport,DFW,Dallas-Fort Worth,United States,1167,2.69,2026-10-16,12:58 AM
United Airlines,Boeing 737-824,B738,UA1016,Albuquerque International Sunport Airport,ABQ,Albuquerque,United States,San Francisco International Airport,SFO,San Francisco,United States,777,1.87,2026-03-16,12:58 AM
American Airlines,Boeing 737-823,B738,AA856,Louis Armstrong New Orleans International Airport,MSY,New Orleans,United States,Laguardia Airport,LGA,New York,United States,1028,2.4,2026-10-16,01:07 AM
American Airlines,Boeing 737-823,B738,AA3072,Louisville Muhammad Ali International Airport,SDF,Louisville,United States,Dallas-Fort Worth International Airport,DFW,Dallas-Fort Worth,United States,636,1.57,2026-08-16,01:13 AM
American Airlines,Boeing 737-823,B738,AA3314,Denver International Airport,DEN,Denver,United States,Miami International Airport,MIA,Miami,United States,1484,3.37,2026-10-16,01:14 AM
United Airlines,Boeing 737-824,B738,UA1361,Southwest Florida International Airport,RSW,Fort Myers,United States,Washington Dulles International Airport,IAD,Washington,United States,775,1.86,2026-10-16,01:31 AM
American Airlines,Boeing 737-823,B738,AA1805,Greenville Spartanburg International Airport,GSP,Greer,United States,Dallas-Fort Worth International Airport,DFW,Dallas-Fort Worth,United States,747,1.8,2026-10-16,01:31 AM
United Airlines,Boeing 737-724,B737,UA1193,Ronald Reagan Washington Ntl Airport,DCA,Washington,United States,Chicago O'Hare International Airport,ORD,Chicago,United States,531,1.34,2026-02-16,01:53 AM
American Airlines,Boeing 737-823,B738,AA2871,Phoenix Sky Harbor International Airport,PHX,Phoenix,United States,Pittsburgh International Airport,PIT,Pittsburgh,United States,1573,3.55,2026-10-16,02:05 AM
American Airlines,Boeing 737-823,B738,AA944,Miami International Airport,MIA,Miami,United States,John F Kennedy International Airport,JFK,New York,United States,949,2.23,2026-10-16,03:05 AM
American Airlines,Airbus A320-214,A320,AA1598,Piedmont Triad International Airport,GSO,Greensboro,United States,Dallas-Fort Worth International Airport,DFW,Dallas-Fort Worth,United States,866,2.05,2026-10-16,03:33 AM
United Airlines,Boeing 737 MAX 8,B38M,UA2605,Washington Dulles International Airport,IAD,Washington,United States,Newark Liberty International Airport,EWR,Newark,United States,188,0.62,2026-10-16,03:49 AM
American Airlines,Boeing 737-823,B738,AA2833,Miami International Airport,MIA,Miami,United States,Nashville International Airport,BNA,Nashville,United States,702,1.71,2026-10-16,04:02 AM
American Airlines,Boeing 737-823,B738,AA2682,Chicago O'Hare International Airport,ORD,Chicago,United States,General Edward Lawrence Logan International Airport,BOS,Boston,United States,751,1.81,2026-10-16,04:19 AM
American Airlines,Airbus A320-232,A320,AA1452,Charlotte/Douglas International Airport,CLT,Charlotte,United States,Sarasota/Bradenton International Airport,SRQ,Sarasota/Bradenton,United States,477,1.23,2026-10-16,04:24 AM
United Airlines,Boeing 737-824,B738,UA1255,Spokane International Airport,GEG,Spokane,United States,Denver International Airport,DEN,Denver,United States,725,1.76,2026-10-16,04:25 AM
United Airlines,Boeing 737-824,B738,UA1779,Chicago O'Hare International Airport,ORD,Chicago,United States,General Edward Lawrence Logan International Airport,BOS,Boston,United States,751,1.81,2026-10-16,04:33 AM
American Airlines,Boeing 737-823,B738,AA513,Chicago O'Hare International Airport,ORD,Chicago,United States,Buffalo Niagara International Airport,BUF,Buffalo,United States,410,1.09,2026-10-16,04:35 AM
American Airlines,Airbus A319-112,A319,AA2353,Boise Air Trml/Gowen Field,BOI,Boise,United States,Chicago O'Hare International Airport,ORD,Chicago,United States,1246,2.86,2026-10-16,04:41 AM
American Airlines,Boeing 737-823,B738,AA1919,Philadelphia International Airport,PHL,Philadelphia,United States,Orlando International Airport,MCO,Orlando,United States,750,1.81,2026-10-16,04:52 AM
United Airlines,Airbus A319-132,A319,UA1553,Newark Liberty International Airport,EWR,Newark,United States,Charleston Afb/International Airport,CHS,Charleston,United States,546,1.38,2026-10-16,05:10 AM
United Airlines,Boeing 787-10 Dreamliner,B78X,UA3932,Newark Liberty International Airport,EWR,Newark,United States,Galeao - Antonio Carlos Jobim International Airport,GIG,Rio De Janeiro,Brazil,4185,9.09,2026-10-16,09:23 AM
United Airlines,Boeing 737 MAX 8,B38M,UA1157,Los Angeles International Airport,LAX,Los Angeles,United States,Cleveland-Hopkins International Airport,CLE,Cleveland,United States,1780,3.99,2026-10-16,09:47 AM
United Airlines,Boeing 777-222(ER),B772,UA914,Charles de Gaulle International Airport,CDG,Paris,France,Washington Dulles International Airport,IAD,Washington,United States,3350,7.32,2026-10-16,11:42 AM
United Airlines,Boeing 767-322(ER),B763,UA959,London Heathrow Airport,LHR,London,United Kingdom,Chicago O'Hare International Airport,ORD,Chicago,United States,3426,7.48,2026-10-16,12:55 PM
American Airlines,Boeing 777-323(ER),B77W,AA39,London Heathrow Airport,LHR,London,United Kingdom,Miami International Airport,MIA,Miami,United States,3838,8.36,2026-10-16,01:02 PM
United Airlines,Boeing 767-322(ER),B763,UA273,Nice-Cote d'Azur Airport,NCE,Nice,France,Newark Liberty International Airport,EWR,Newark,United States,3473,7.58,2026-10-16,01:39 PM
American Airlines,Boeing 777-223(ER),B772,AA239,Leonardo Da Vinci (Fiumicino) International Airport,FCO,Rome,Italy,Dallas-Fort Worth International Airport,DFW,Dallas-Fort Worth,United States,4867,10.54,2026-10-16,01:47 PM
United Airlines,Boeing 757-224,B752,UA316,Dublin Airport,DUB,Dublin,Ireland,Newark Liberty International Airport,EWR,Newark,United States,2767,6.09,2026-10-16,01:58 PM
American Airlines,Boeing 787-9 Dreamliner,B789,AA235,Leonardo Da Vinci (Fiumicino) International Airport,FCO,Rome,Italy,John F Kennedy International Airport,JFK,New York,United States,3708,8.08,2026-10-16,02:15 PM
American Airlines,Boeing 787-8 Dreamliner,B788,AA193,Barcelona International Airport,BCN,Barcelona,Spain,Dallas-Fort Worth International Airport,DFW,Dallas-Fort Worth,United States,4504,9.77,2026-10-16,02:27 PM
United Airlines,Boeing 787-10 Dreamliner,B78X,UA986,Charles de Gaulle International Airport,CDG,Paris,France,Chicago O'Hare International Airport,ORD,Chicago,United States,3599,7.85,2026-10-16,02:31 PM
Spirit Airlines,Airbus A321-271NX,A21N,NK1877,Harry Reid International Airport,LAS,Las Vegas,United States,Pittsburgh International Airport,PIT,Pittsburgh,United States,1656,3.73,2026-10-16,06:17 PM
Spirit Airlines,Airbus A320-271N,A20N,NK1889,Harry Reid International Airport,LAS,Las Vegas,United States,Tampa International Airport,TPA,Tampa,United States,1721,3.87,2026-10-16,06:36 PM
American Airlines,Boeing 737-823,B738,AA1844,Dallas-Fort Worth International Airport,DFW,Dallas-Fort Worth,United States,Palm Beach International Airport,PBI,West Palm Beach,United States,957,2.25,2026-10-16,06:38 PM
American Airlines,Airbus A319-115,A319,AA2231,Miami International Airport,MIA,Miami,United States,Martinique Aime Cesaire International Airport,FDF,Fort-de-France,Martinique,1276,2.92,2026-10-16,06:39 PM
United Airlines,Airbus A319-131,A319,UA380,Chicago O'Hare International Airport,ORD,Chicago,United States,Jacksonville International Airport,JAX,Jacksonville,United States,752,1.81,2026-10-16,06:46 PM
United Airlines,Boeing 757-33N,B753,UA2008,Chicago O'Hare International Airport,ORD,Chicago,United States,Orlando International Airport,MCO,Orlando,United States,875,2.07,2026-10-16,06:47 PM
United Airlines,Boeing 737-824,B738,UA2617,Laguardia Airport,LGA,New York,United States,George Bush Intcntl/Houston Airport,IAH,Houston,United States,1230,2.83,2026-10-16,06:48 PM
American Airlines,Boeing 737-823,B738,AA517,Miami International Airport,MIA,Miami,United States,Comayagua-Palmerola International Airport,XPL,Comayagua,Honduras,800,1.92,2026-10-16,06:52 PM
American Airlines,Boeing 737-823,B738,AA2247,Chicago O'Hare International Airport,ORD,Chicago,United States,Miami International Airport,MIA,Miami,United States,1042,2.43,2026-10-16,06:55 PM
American Airlines,Airbus A319-115,A319,AA1492,Dallas-Fort Worth International Airport,DFW,Dallas-Fort Worth,United States,John Glenn Columbus International Airport,CMH,Columbus,United States,804,1.92,2026-10-16,06:58 PM
American Airlines,Boeing 737-823,B738,AA880,Tampa International Airport,TPA,Tampa,United States,Laguardia Airport,LGA,New York,United States,879,2.08,2026-04-16,06:58 PM
American Airlines,Boeing 737-823,B738,AA2857,Laguardia Airport,LGA,New York,United States,Dallas-Fort Worth International Airport,DFW,Dallas-Fort Worth,United States,1205,2.77,2026-10-16,06:59 PM
American Airlines,Boeing 737-823,B738,AA2302,Queretaro Intercontinental Airport,QRO,Queretaro,Mexico,Dallas-Fort Worth International Airport,DFW,Dallas-Fort Worth,United States,756,1.82,2026-10-16,07:07 PM
United Airlines,Boeing 757-224,B752,UA2096,Los Angeles International Airport,LAX,Los Angeles,United States,Newark Liberty International Airport,EWR,Newark,United States,2128,4.73,2026-10-16,07:10 PM
United Airlines,Boeing 737-824,B738,UA1189,San Francisco International Airport,SFO,San Francisco,United States,Los Cabos International Airport,SJD,San Jose del Cabo,Mexico,1086,2.52,2026-10-16,07:10 PM
Spirit Airlines,Airbus A320-232,A320,NK1637,St Louis Lambert International Airport,STL,St Louis,United States,Fort Lauderdale/Hollywood International Airport,FLL,Fort Lauderdale,United States,919,2.17,2026-10-16,07:17 PM
American Airlines,Boeing 737 MAX 8,B38M,AA2947,Nashville International Airport,BNA,Nashville,United States,Miami International Airport,MIA,Miami,United States,702,1.71,2026-10-16,07:27 PM
Spirit Airlines,Airbus A320-271N,A20N,NK1809,Louis Armstrong New Orleans International Airport,MSY,New Orleans,United States,General Edward Lawrence Logan International Airport,BOS,Boston,United States,1188,2.74,2026-02-16,07:30 PM
American Airlines,Airbus A319-112,A319,AA2584,Sarasota/Bradenton International Airport,SRQ,Sarasota/Bradenton,United States,Ronald Reagan Washington Ntl Airport,DCA,Washington,United States,741,1.79,2026-10-16,07:45 PM
American Airlines,Airbus A319-112,A319,AA2677,Key West International Airport,EYW,Key West,United States,Charlotte/Douglas International Airport,CLT,Charlotte,United States,641,1.58,2026-10-16,07:55 PM
American Airlines,Boeing 737-823,B738,AA1956,Dallas-Fort Worth International Airport,DFW,Dallas-Fort Worth,United States,John F Kennedy International Airport,JFK,New York,United States,1207,2.78,2026-10-16,08:10 PM
American Airlines,Boeing 737-823,B738,AA2288,Dallas-Fort Worth International Airport,DFW,Dallas-Fort Worth,United States,Norfolk International Airport,ORF,Norfolk,United States,1051,2.45,2026-10-16,08:14 PM
American Airlines,Boeing 737-823,B738,AA821,Austin-Bergstrom International Airport,AUS,Austin,United States,Los Angeles International Airport,LAX,Los Angeles,United States,1077,2.5,2026-10-16,08:27 PM
American Airlines,Airbus A319-115,A319,AA1937,Dallas-Fort Worth International Airport,DFW,Dallas-Fort Worth,United States,Northwest Arkansas Ntl Airport,XNA,Fayetteville/Springdale/Rogers,United States,244,0.74,2026-03-16,08:48 PM
United Airlines,Boeing 777-222(ER),B772,UA1321,Newark Liberty International Airport,EWR,Newark,United States,Los Angeles International Airport,LAX,Los Angeles,United States,2128,4.73,2026-10-16,09:07 PM
Spirit Airlines,Airbus A320-271N,A20N,NK3295,Luis Munoz Marin International Airport,SJU,San Juan,Puerto Rico,Philadelphia International Airport,PHL,Philadelphia,United States,1373,3.13,2026-10-16,09:09 PM
American Airlines,Boeing 787-8 Dreamliner,B788,AA5,Dallas-Fort Worth International Airport,DFW,Dallas-Fort Worth,United States,Daniel K Inouye International Airport,HNL,Honolulu,United States,3283,7.18,2026-10-16,09:15 PM
United Airlines,Boeing 737-824,B738,UA1009,Denver International Airport,DEN,Denver,United States,Nashville International Airport,BNA,Nashville,United States,879,2.08,2026-10-16,09:23 PM
American Airlines,Airbus A319-115,A319,AA1289,L.F. Wade International International Airport,BDA,Hamilton,Bermuda,John F Kennedy International Airport,JFK,New York,United States,662,1.62,2026-10-16,09:30 PM
United Airlines,Boeing 737-824,B738,UA586,Denver International Airport,DEN,Denver,United States,Kansas City International Airport,MCI,Kansas City,United States,462,1.2,2026-10-16,09:32 PM
American Airlines,Boeing 737-823,B738,AA396,Laguardia Airport,LGA,New York,United States,Chicago O'Hare International Airport,ORD,Chicago,United States,636,1.57,2026-10-16,09:41 PM
United Airlines,Boeing 737 MAX 8,B38M,UA624,Southwest Florida International Airport,RSW,Fort Myers,United States,Denver International Airport,DEN,Denver,United States,1395,3.18,2026-10-16,09:43 PM
United Airlines,Airbus A319-132,A319,UA659,Denver International Airport,DEN,Denver,United States,City Of Colorado Springs Municipal Airport,COS,Colorado Springs,United States,63,0.35,2026-10-16,09:52 PM
American Airlines,Boeing 737-823,B738,AA2664,Pittsburgh International Airport,PIT,Pittsburgh,United States,Dallas-Fort Worth International Airport,DFW,Dallas-Fort Worth,United States,926,2.18,2026-10-16,10:11 PM
American Airlines,Airbus A319-132,A319,AA498,Chicago O'Hare International Airport,ORD,Chicago,United States,San Antonio International Airport,SAT,San Antonio,United States,906,2.14,2026-10-16,10:12 PM
American Airlines,Boeing 737-823,B738,AA2861,Dallas-Fort Worth International Airport,DFW,Dallas-Fort Worth,United States,Newark Liberty International Airport,EWR,Newark,United States,1190,2.74,2026-10-16,10:14 PM
American Airlines,Airbus A319-132,A319,AA2137,Des Moines International Airport,DSM,Des Moines,United States,Phoenix Sky Harbor International Airport,PHX,Phoenix,United States,995,2.33,2026-10-16,10:16 PM
American Airlines,Boeing 737 MAX 8,B38M,AA2350,Dallas-Fort Worth International Airport,DFW,Dallas-Fort Worth,United States,Licenciado Benito Juarez International Airport,MEX,Mexico City,Mexico,816,1.95,2026-10-16,10:25 PM
United Airlines,Boeing 737-824,B738,UA1896,Tampa International Airport,TPA,Tampa,United States,Denver International Airport,DEN,Denver,United States,1308,2.99,2026-05-16,10:34 PM
United Airlines,Boeing 737-724,B737,UA1475,Norman Y Mineta San Jose International Airport,SJC,San Jose,United States,George Bush Intcntl/Houston Airport,IAH,Houston,United States,1395,3.18,2026-05-16,10:35 PM
American Airlines,Airbus A319-115,A319,AA2291,Ramon Villeda Morales International Airport,SAP,La Mesa,Honduras,Miami International Airport,MIA,Miami,United States,754,1.82,2026-02-16,10:37 PM
American Airlines,Boeing 737-823,B738,AA2802,Charlotte/Douglas International Airport,CLT,Charlotte,United States,Minneapolis-St Paul International/Wold-Chamberlain Airport,MSP,Minneapolis,United States,808,1.93,2026-10-16,10:39 PM
American Airlines,Boeing 737-823,B738,AA3201,Indianapolis International Airport,IND,Indianapolis,United States,Los Angeles International Airport,LAX,Los Angeles,United States,1573,3.55,2026-10-16,10:43 PM
American Airlines,Boeing 737-823,B738,AA873,General Edward Lawrence Logan International Airport,BOS,Boston,United States,Miami International Airport,MIA,Miami,United States,1095,2.54,2026-10-16,10:45 PM
Spirit Airlines,Airbus A320-271N,A20N,NK1541,Louis Armstrong New Orleans International Airport,MSY,New Orleans,United States,Los Angeles International Airport,LAX,Los Angeles,United States,1449,3.29,2026-10-16,10:52 PM
United Airlines,Boeing 737 MAX 8,B38M,UA2211,Palm Beach International Airport,PBI,West Palm Beach,United States,Chicago O'Hare International Airport,ORD,Chicago,United States,995,2.33,2026-03-16,11:02 PM
United Airlines,Airbus A319-132,A319,UA2268,Washington Dulles International Airport,IAD,Washington,United States,Bradley International Airport,BDL,Windsor Locks,United States,286,0.83,2026-10-16,11:03 PM
American Airlines,Airbus A319-115,A319,AA2962,Charlotte/Douglas International Airport,CLT,Charlotte,United States,Des Moines International Airport,DSM,Des Moines,United States,708,1.72,2026-10-16,11:08 PM
Spirit Airlines,Airbus A320-232,A320,NK3009,Memphis International Airport,MEM,Memphis,United States,Harry Reid International Airport,LAS,Las Vegas,United States,1228,2.82,2026-02-16,11:14 PM
American Airlines,Boeing 787-8 Dreamliner,B788,AA9839,Metro Oakland International Airport,OAK,Oakland,United States,Dallas-Fort Worth International Airport,DFW,Dallas-Fort Worth,United States,1263,2.9,2026-10-16,11:16 PM
American Airlines,Boeing 737-823,B738,AA2561,Southwest Florida International Airport,RSW,Fort Myers,United States,Chicago O'Hare International Airport,ORD,Chicago,United States,977,2.29,2026-10-16,11:19 PM
American Airlines,Airbus A319-132,A319,AA3205,Miami International Airport,MIA,Miami,United States,St Louis Lambert International Airport,STL,St Louis,United States,930,2.19,2026-10-16,11:24 PM
United Airlines,Boeing 737 MAX 8,B38M,UA2608,George Bush Intcntl/Houston Airport,IAH,Houston,United States,Newark Liberty International Airport,EWR,Newark,United States,1215,2.79,2026-10-16,11:43 PM
Spirit Airlines,Airbus A320-271N,A20N,NK1317,George Bush Intcntl/Houston Airport,IAH,Houston,United States,Baltimore/Washington International Thurgood Marshall Airport,BWI,Baltimore,United States,1072,2.49,2026-10-16,11:52 PM
American Airlines,Boeing 737-823,B738,AA1364,Miami International Airport,MIA,Miami,United States,Luis Munoz Marin International Airport,SJU,San Juan,Puerto Rico,908,2.14,2026-10-17,12:02 AM
Spirit Airlines,Airbus A320-271N,A20N,NK2199,Orlando International Airport,MCO,Orlando,United States,Louisville Muhammad Ali International Airport,SDF,Louisville,United States,626,1.55,2026-10-17,03:28 AM
United Airlines,Boeing 737-824,B738,UA2322,George Bush Intcntl/Houston Airport,IAH,Houston,United States,Washington Dulles International Airport,IAD,Washington,United States,1030,2.4,2026-04-17,03:46 AM
United Airlines,Boeing 737-824,B738,UA1541,Denver International Airport,DEN,Denver,United States,Louis Armstrong New Orleans International Airport,MSY,New Orleans,United States,922,2.17,2026-10-17,03:53 AM
American Airlines,Airbus A319-112,A319,AA3204,Salt Lake City International Airport,SLC,Salt Lake City,United States,Phoenix Sky Harbor International Airport,PHX,Phoenix,United States,442,1.16,2026-10-17,03:55 AM
Spirit Airlines,Airbus A320-271N,A20N,NK2551,Louis Armstrong New Orleans International Airport,MSY,New Orleans,United States,Newark Liberty International Airport,EWR,Newark,United States,1014,2.37,2026-10-17,03:55 AM
United Airlines,Boeing 757-224,B752,UA1844,Newark Liberty International Airport,EWR,Newark,United States,San Francisco International Airport,SFO,San Francisco,United States,2224,4.93,2026-10-17,03:59 AM
Spirit Airlines,Airbus A320-232,A320,NK797,Harry Reid International Airport,LAS,Las Vegas,United States,Detroit Metro Wayne County Airport,DTW,Detroit,United States,1516,3.43,2026-10-17,04:11 AM
American Airlines,Boeing 737-823,B738,AA1166,Chicago O'Hare International Airport,ORD,Chicago,United States,Laguardia Airport,LGA,New York,United States,636,1.57,2026-10-17,04:12 AM
United Airlines,Boeing 737 MAX 8,B38M,UA8198,Phoenix Sky Harbor International Airport,PHX,Phoenix,United States,Phoenix Sky Harbor International Airport,PHX,Phoenix,United States,0,0.22,2026-10-17,04:15 AM
United Airlines,Boeing 737-724,B737,UA1531,Chicago O'Hare International Airport,ORD,Chicago,United States,Albuquerque International Sunport Airport,ABQ,Albuquerque,United States,970,2.28,2026-10-17,04:16 AM
American Airlines,Airbus A319-112,A319,AA899,Phoenix Sky Harbor International Airport,PHX,Phoenix,United States,General Mitchell International Airport,MKE,Milwaukee,United States,1267,2.91,2026-10-17,04:16 AM
United Airlines,Boeing 757-224,B752,UA1340,Newark Liberty International Airport,EWR,Newark,United States,San Francisco International Airport,SFO,San Francisco,United States,2224,4.93,2026-10-17,04:30 AM
United Airlines,Airbus A320-232,A320,UA1528,George Bush Intcntl/Houston Airport,IAH,Houston,United States,Eppley Airfield,OMA,Omaha,United States,680,1.66,2026-10-17,04:32 AM
American Airlines,Boeing 737-823,B738,AA2539,Miami International Airport,MIA,Miami,United States,General Edward Lawrence Logan International Airport,BOS,Boston,United States,1095,2.54,2026-10-17,04:59 AM
American Airlines,Airbus A320-214,A320,AA2982,Phoenix Sky Harbor International Airport,PHX,Phoenix,United States,Santa Barbara Municipal Airport,SBA,Santa Barbara,United States,392,1.05,2026-10-17,05:36 AM
American Airlines,Boeing 737-823,B738,AA3188,Charlotte/Douglas International Airport,CLT,Charlotte,United States,Chicago O'Hare International Airport,ORD,Chicago,United States,521,1.32,2026-10-17,05:48 AM
American Airlines,Boeing 787-9 Dreamliner,B789,AA36,Dallas-Fort Worth International Airport,DFW,Dallas-Fort Worth,United States,Madrid Barajas International Airport,MAD,Madrid,Spain,4305,9.35,2026-10-17,06:20 AM
American Airlines,Boeing 787-8 Dreamliner,B788,AA192,Dallas-Fort Worth International Airport,DFW,Dallas-Fort Worth,United States,Barcelona International Airport,BCN,Barcelona,Spain,4504,9.77,2026-03-17,06:49 AM
United Airlines,Boeing 737 MAX 8,B38M,UA1802,Portland International Airport,PDX,Portland,United States,Newark Liberty International Airport,EWR,Newark,United States,2109,4.69,2026-05-17,07:33 AM
United Airlines,Boeing 737 MAX 8,B38M,UA1051,San Francisco International Airport,SFO,San Francisco,United States,Nashville International Airport,BNA,Nashville,United States,1707,3.84,2026-10-17,08:16 AM
United Airlines,Boeing 787-9 Dreamliner,B789,UA3934,Brisbane International Airport,BNE,Brisbane,Australia,Los Angeles International Airport,LAX,Los Angeles,United States,6228,13.42,2026-10-17,10:48 AM
United Airlines,Boeing 737 MAX 9,B39M,UA1947,San Francisco International Airport,SFO,San Francisco,United States,Orlando International Airport,MCO,Orlando,United States,2122,4.72,2026-10-17,10:53 AM
American Airlines,Airbus A321-253NX,A21N,AA2301,Phoenix Sky Harbor International Airport,PHX,Phoenix,United States,Philadelphia International Airport,PHL,Philadelphia,United States,1800,4.04,2026-10-17,10:57 AM
Spirit Airlines,Airbus A321-271NX,A21N,NK2614,John Glenn Columbus International Airport,CMH,Columbus,United States,Fort Lauderdale/Hollywood International Airport,FLL,Fort Lauderdale,United States,847,2.01,2026-10-17,11:34 AM
American Airlines,Airbus A321-253NX,A21N,AA1191,Harry Reid International Airport,LAS,Las Vegas,United States,Philadelphia International Airport,PHL,Philadelphia,United States,1887,4.22,2026-10-17,12:38 PM
United Airlines,Boeing 737 MAX 9,B39M,UA1775,Washington Dulles International Airport,IAD,Washington,United States,Chicago O'Hare International Airport,ORD,Chicago,United States,510,1.3,2026-01-17,01:30 PM
United Airlines,Boeing 737 MAX 8,B38M,UA2260,George Bush Intcntl/Houston Airport,IAH,Houston,United States,Tampa International Airport,TPA,Tampa,United States,683,1.67,2026-10-17,01:41 PM
Spirit Airlines,Airbus A320-232,A320,NK2169,Dallas-Fort Worth International Airport,DFW,Dallas-Fort Worth,United States,Baltimore/Washington International Thurgood Marshall Airport,BWI,Baltimore,United States,1055,2.46,2026-10-17,02:09 PM
American Airlines,Boeing 737 MAX 8,B38M,AA1439,Dallas-Fort Worth International Airport,DFW,Dallas-Fort Worth,United States,Palm Springs International Airport,PSP,Palm Springs,United States,976,2.29,2026-10-17,02:10 PM
United Airlines,Boeing 737 MAX 8,B38M,UA539,Fort Lauderdale/Hollywood International Airport,FLL,Fort Lauderdale,United States,San Francisco International Airport,SFO,San Francisco,United States,2241,4.97,2026-10-17,02:22 PM
United Airlines,Boeing 737 MAX 9,B39M,UA1768,George Bush Intcntl/Houston Airport,IAH,Houston,United States,San Francisco International Airport,SFO,San Francisco,United States,1419,3.23,2026-10-17,02:31 PM
Spirit Airlines,Airbus A320-232,A320,NK571,Newark Liberty International Airport,EWR,Newark,United States,Savannah/Hilton Head International Airport,SAV,Savannah,United States,616,1.52,2026-10-17,02:42 PM
American Airlines,Airbus A321-253NX,A21N,AA1905,Dallas-Fort Worth International Airport,DFW,Dallas-Fort Worth,United States,Los Angeles International Airport,LAX,Los Angeles,United States,1071,2.49,2026-10-17,02:58 PM
American Airlines,Boeing 737-823,B738,AA2999,Dallas-Fort Worth International Airport,DFW,Dallas-Fort Worth,United States,Chicago O'Hare International Airport,ORD,Chicago,United States,697,1.7,2026-04-17,03:00 PM
American Airlines,Airbus A321-253NX,A21N,AA1524,Philadelphia International Airport,PHL,Philadelphia,United States,San Francisco International Airport,SFO,San Francisco,United States,2186,4.85,2026-08-17,03:15 PM
United Airlines,Boeing 737 MAX 9,B39M,UA1323,Washington Dulles International Airport,IAD,Washington,United States,Harry Reid International Airport,LAS,Las Vegas,United States,1789,4.01,2026-10-17,03:25 PM
Spirit Airlines,Airbus A320-232,A320,NK2432,Orlando International Airport,MCO,Orlando,United States,Arnold Palmer Regional Airport,LBE,Latrobe,United States,717,1.74,2026-10-17,03:44 PM
United Airlines,Boeing 737 MAX 8,B38M,UA795,Raleigh-Durham International Airport,RDU,Raleigh/Durham,United States,San Francisco International Airport,SFO,San Francisco,United States,2081,4.63,2026-10-17,03:45 PM
American Airlines,Airbus A321-253NX,A21N,AA1949,Dallas-Fort Worth International Airport,DFW,Dallas-Fort Worth,United States,San Francisco International Airport,SFO,San Francisco,United States,1270,2.91,2026-08-17,03:49 PM
Spirit Airlines,Airbus A320-271N,A20N,NK1917,Detroit Metro Wayne County Airport,DTW,Detroit,United States,Los Angeles International Airport,LAX,Los Angeles,United States,1716,3.86,2026-04-17,04:06 PM
United Airlines,Boeing 737 MAX 8,B38M,UA611,Nashville International Airport,BNA,Nashville,United States,San Francisco International Airport,SFO,San Francisco,United States,1707,3.84,2026-10-17,04:09 PM
United Airlines,Boeing 777-222,B772,UA253,George Bush Intcntl/Houston Airport,IAH,Houston,United States,Daniel K Inouye International Airport,HNL,Honolulu,United States,3387,7.4,2026-10-17,04:24 PM
American Airlines,Boeing 737-823,B738,AA3166,Charlotte/Douglas International Airport,CLT,Charlotte,United States,Tulsa International Airport,TUL,Tulsa,United States,730,1.77,2026-08-17,04:29 PM
American Airlines,Boeing 737 MAX 8,B38M,AA812,Austin-Bergstrom International Airport,AUS,Austin,United States,Miami International Airport,MIA,Miami,United States,957,2.25,2026-10-17,04:32 PM
American Airlines,Airbus A321-253NX,A21N,AA2739,Miami International Airport,MIA,Miami,United States,Hato International Airport,CUR,Willemstad,Curacao,1038,2.42,2026-10-17,05:02 PM
United Airlines,Airbus A321-271NX,A21N,UA1741,Chicago O'Hare International Airport,ORD,Chicago,United States,Albuquerque International Sunport Airport,ABQ,Albuquerque,United States,970,2.28,2026-10-17,05:05 PM
American Airlines,Boeing 737 MAX 8,B38M,AA2114,Dallas-Fort Worth International Airport,DFW,Dallas-Fort Worth,United States,John Wayne/Orange County Airport,SNA,Santa Ana,United States,1045,2.43,2026-10-17,05:16 PM
Spirit Airlines,Airbus A320-271N,A20N,NK1328,Fort Lauderdale/Hollywood International Airport,FLL,Fort Lauderdale,United States,Comayagua-Palmerola International Airport,XPL,Comayagua,Honduras,818,1.95,2026-10-17,05:19 PM
American Airlines,Airbus A321-211,A321,AA2255,Pittsburgh International Airport,PIT,Pittsburgh,United States,Charlotte/Douglas International Airport,CLT,Charlotte,United States,319,0.9,2026-03-17,05:34 PM
United Airlines,Boeing 787-9 Dreamliner,B789,UA917,San Francisco International Airport,SFO,San Francisco,United States,Auckland International Airport,AKL,Auckland,New Zealand,5674,12.25,2026-10-17,08:06 PM
United Airlines,Boeing 737 MAX 9,B39M,UA1679,San Francisco International Airport,SFO,San Francisco,United States,Cancun International Airport,CUN,Cancun,Mexico,2090,4.65,2026-10-17,08:32 PM
United Airlines,Boeing 737-824,B738,UA452,Denver International Airport,DEN,Denver,United States,Los Cabos International Airport,SJD,San Jose del Cabo,Mexico,1036,2.42,2026-10-17,08:40 PM
United Airlines,Boeing 737 MAX 8,B38M,UA417,Los Angeles International Airport,LAX,Los Angeles,United States,Kahului Airport,OGG,Kahului,United States,2157,4.79,2026-10-17,08:41 PM
United Airlines,Boeing 737 MAX 8,B38M,UA1295,Los Angeles International Airport,LAX,Los Angeles,United States,Lihue Airport,LIH,Lihue,United States,2269,5.03,2026-04-17,08:42 PM
United Airlines,Boeing 737 MAX 8,B38M,UA527,Comayagua-Palmerola International Airport,XPL,Comayagua,Honduras,George Bush Intcntl/Houston Airport,IAH,Houston,United States,1030,2.4,2026-10-17,08:43 PM
American Airlines,Airbus A319-112,A319,AA2471,Charlotte/Douglas International Airport,CLT,Charlotte,United States,Austin-Bergstrom International Airport,AUS,Austin,United States,896,2.12,2026-10-17,08:48 PM
American Airlines,Airbus A321-211,A321,AA2959,Miami International Airport,MIA,Miami,United States,Philadelphia International Airport,PHL,Philadelphia,United States,882,2.09,2026-10-17,08:49 PM
Spirit Airlines,Airbus A321-231,A321,NK338,Juan Santamaria International Airport,SJO,San Jose,Costa Rica,Fort Lauderdale/Hollywood International Airport,FLL,Fort Lauderdale,United States,993,2.32,2026-08-17,08:51 PM
American Airlines,Airbus A319-112,A319,AA367,Owen Roberts International Airport,GCM,Georgetown,Cayman Islands,Miami International Airport,MIA,Miami,United States,395,1.06,2026-10-17,08:55 PM
American Airlines,Airbus A320-214,A320,AA2868,Dallas-Fort Worth International Airport,DFW,Dallas-Fort Worth,United States,Queretaro Intercontinental Airport,QRO,Queretaro,Mexico,756,1.82,2026-05-17,08:56 PM
American Airlines,Boeing 737-823,B738,AA1144,Rafael Nunez International Airport,CTG,Cartagena,Colombia,Miami International Airport,MIA,Miami,United States,961,2.26,2026-10-17,08:58 PM
American Airlines,Boeing 737-823,B738,AA1128,Jose Maria Cordova International Airport,MDE,Rionegro,Colombia,Miami International Airport,MIA,Miami,United States,1211,2.79,2026-10-17,09:07 PM
American Airlines,Boeing 737-823,B738,AA2596,V.C. Bird International Airport,ANU,St. George,Antigua And Barbuda,Miami International Airport,MIA,Miami,United States,1155,2.67,2026-10-17,09:11 PM
American Airlines,Airbus A319-112,A319,AA2689,General Guadalupe Victoria International Airport,DGO,Durango,Mexico,Dallas-Fort Worth International Airport,DFW,Dallas-Fort Worth,United States,658,1.61,2026-10-17,09:16 PM
American Airlines,Boeing 737-823,B738,AA2933,Miami International Airport,MIA,Miami,United States,Newark Liberty International Airport,EWR,Newark,United States,945,2.22,2026-10-17,09:19 PM
American Airlines,Boeing 737-823,B738,AA348,El Salvador International Airport,SAL,Santa Clara,El Salvador,Miami International Airport,MIA,Miami,United States,891,2.11,2026-10-17,09:22 PM
United Airlines,Boeing 737 MAX 8,B38M,UA410,San Francisco International Airport,SFO,San Francisco,United States,Miami International Airport,MIA,Miami,United States,2243,4.97,2026-10-17,09:27 PM
United Airlines,Boeing 737 MAX 8,B38M,UA2373,Los Angeles International Airport,LAX,Los Angeles,United States,Ellison Onizuka Kona International At Keahole Airport,KOA,Kailua/Kona,United States,2173,4.83,2026-10-17,09:31 PM
United Airlines,Boeing 737-924(ER),B739,UA2203,Palm Beach International Airport,PBI,West Palm Beach,United States,Newark Liberty International Airport,EWR,Newark,United States,891,2.11,2026-10-17,09:34 PM
American Airlines,Boeing 737-823,B738,AA496,La Aurora Airport,GUA,Guatemala City,Guatemala,Dallas-Fort Worth International Airport,DFW,Dallas-Fort Worth,United States,1156,2.67,2026-10-17,09:46 PM
American Airlines,Boeing 737-823,B738,AA1230,Sangster International Airport,MBJ,Montego Bay,Jamaica,Dallas-Fort Worth International Airport,DFW,Dallas-Fort Worth,United States,1344,3.07,2026-10-17,09:57 PM
American Airlines,Airbus A319-115,A319,AA305,Key West International Airport,EYW,Key West,United States,Dallas-Fort Worth International Airport,DFW,Dallas-Fort Worth,United States,946,2.22,2026-10-17,10:01 PM
United Airlines,Boeing 777-322(ER),B77W,UA1175,San Francisco International Airport,SFO,San Francisco,United States,Daniel K Inouye International Airport,HNL,Honolulu,United States,2082,4.63,2026-10-17,10:08 PM
American Airlines,Airbus A321-253NX,A21N,AA31,Los Angeles International Airport,LAX,Los Angeles,United States,Daniel K Inouye International Airport,HNL,Honolulu,United States,2218,4.92,2026-08-17,10:20 PM
American Airlines,Airbus A321-231,A321,AA870,Queen Beatrix International Airport,AUA,Oranjestad,Aruba,Philadelphia International Airport,PHL,Philadelphia,United States,1667,3.75,2026-10-17,10:21 PM
American Airlines,Boeing 737-823,B738,AA2899,Miami International Airport,MIA,Miami,United States,John F Kennedy International Airport,JFK,New York,United States,949,2.23,2026-10-17,10:28 PM
United Airlines,Boeing 737 MAX 8,B38M,UA1339,Denver International Airport,DEN,Denver,United States,Luis Munoz Marin International Airport,SJU,San Juan,Puerto Rico,2374,5.25,2026-10-17,10:29 PM
American Airlines,Boeing 737-823,B738,AA1837,Licenciado Gustavo Diaz Ordaz International Airport,PVR,Puerto Vallarta,Mexico,Phoenix Sky Harbor International Airport,PHX,Phoenix,United States,846,2.01,2026-08-17,10:30 PM
Spirit Airlines,Airbus A320-232,A320,NK282,Luis Munoz Marin International Airport,SJU,San Juan,Puerto Rico,Dallas-Fort Worth International Airport,DFW,Dallas-Fort Worth,United States,1880,4.2,2026-10-17,10:42 PM
American Airlines,Boeing 737-823,B738,AA1199,Charlotte/Douglas International Airport,CLT,Charlotte,United States,Chicago O'Hare International Airport,ORD,Chicago,United States,521,1.32,2026-10-17,10:45 PM
American Airlines,Boeing 737-823,B738,AA528,Luis Munoz Marin International Airport,SJU,San Juan,Puerto Rico,Chicago O'Hare International Airport,ORD,Chicago,United States,1802,4.04,2026-10-17,10:45 PM
Spirit Airlines,Airbus A320-271N,A20N,NK1890,Tampa International Airport,TPA,Tampa,United States,Harry Reid International Airport,LAS,Las Vegas,United States,1721,3.87,2026-10-17,10:58 PM
Spirit Airlines,Airbus A320-271N,A20N,NK861,Palonegro Airport,BGA,Bucaramanga,Colombia,Fort Lauderdale/Hollywood International Airport,FLL,Fort Lauderdale,United States,1205,2.77,2026-10-17,11:02 PM
American Airlines,Boeing 737-823,B738,AA2742,Hewanorra International Airport,UVF,Vieux Fort,Saint Lucia,Miami International Airport,MIA,Miami,United States,1308,2.99,2026-10-17,11:12 PM
United Airlines,Boeing 737-824,B738,UA766,Los Cabos International Airport,SJD,San Jose del Cabo,Mexico,Chicago O'Hare International Airport,ORD,Chicago,United States,1571,3.55,2026-10-17,11:18 PM
United Airlines,Boeing 737-924(ER),B739,UA2296,George Bush Intcntl/Houston Airport,IAH,Houston,United States,Chicago O'Hare International Airport,ORD,Chicago,United States,805,1.93,2026-10-17,11:20 PM
American Airlines,Airbus A321-231,A321,AA975,Sangster International Airport,MBJ,Montego Bay,Jamaica,Chicago O'Hare International Airport,ORD,Chicago,United States,1499,3.4,2026-10-17,11:20 PM
American Airlines,Boeing 737-823,B738,AA726,Miami International Airport,MIA,Miami,United States,Harry Reid International Airport,LAS,Las Vegas,United States,1887,4.22,2026-02-17,11:38 PM
American Airlines,Boeing 737-823,B738,AA1288,Licenciado Gustavo Diaz Ordaz International Airport,PVR,Puerto Vallarta,Mexico,Dallas-Fort Worth International Airport,DFW,Dallas-Fort Worth,United States,855,2.03,2026-10-17,11:48 PM
American Airlines,Airbus A321-231,A321,AA823,Hewanorra International Airport,UVF,Vieux Fort,Saint Lucia,Charlotte/Douglas International Airport,CLT,Charlotte,United States,1683,3.79,2026-10-17,11:58 PM
United Airlines,Boeing 737-924(ER),B739,UA1654,George Bush Intcntl/Houston Airport,IAH,Houston,United States,Denver International Airport,DEN,Denver,United States,749,1.81,2026-10-18,12:07 AM
American Airlines,Boeing 737 MAX 8,B38M,AA1815,Miami International Airport,MIA,Miami,United States,Los Angeles International Airport,LAX,Los Angeles,United States,2032,4.53,2026-10-18,12:16 AM
American Airlines,Boeing 737 MAX 8,B38M,AA339,Miami International Airport,MIA,Miami,United States,Cheddi Jagan International Airport,GEO,Georgetown,Guyana,1714,3.85,2026-10-18,12:17 AM
American Airlines,Airbus A321-211,A321,AA3245,Philadelphia International Airport,PHL,Philadelphia,United States,Phoenix Sky Harbor International Airport,PHX,Phoenix,United States,1800,4.04,2026-10-18,12:19 AM
Spirit Airlines,Airbus A320-271N,A20N,NK168,Fort Lauderdale/Hollywood International Airport,FLL,Fort Lauderdale,United States,Hartsfield - Jackson Atlanta International Airport,ATL,Atlanta,United States,506,1.29,2026-10-18,12:27 AM
United Airlines,Boeing 737 MAX 9,B39M,UA569,Newark Liberty International Airport,EWR,Newark,United States,Rafael Hernandez Airport,BQN,Aguadilla,Puerto Rico,1381,3.15,2026-10-18,12:28 AM
American Airlines,Boeing 737 MAX 8,B38M,AA2942,Miami International Airport,MIA,Miami,United States,Phoenix Sky Harbor International Airport,PHX,Phoenix,United States,1711,3.85,2026-10-18,12:30 AM
Spirit Airlines,Airbus A321-271NX,A21N,NK1704,San Antonio International Airport,SAT,San Antonio,United States,Orlando International Airport,MCO,Orlando,United States,903,2.13,2026-02-18,12:34 AM
American Airlines,Airbus A321-253NX,A21N,AA2823,Miami International Airport,MIA,Miami,United States,Dallas-Fort Worth International Airport,DFW,Dallas-Fort Worth,United States,973,2.28,2026-10-18,12:35 AM
United Airlines,Boeing 737 MAX 8,B38M,UA1312,George Bush Intcntl/Houston Airport,IAH,Houston,United States,Tampa International Airport,TPA,Tampa,United States,683,1.67,2026-10-18,12:43 AM
American Airlines,Airbus A321-253NX,A21N,AA254,Kahului Airport,OGG,Kahului,United States,Los Angeles International Airport,LAX,Los Angeles,United States,2157,4.79,2026-03-18,12:45 AM
American Airlines,Airbus A320-214,A320,AA763,Charlotte/Douglas International Airport,CLT,Charlotte,United States,Hartsfield - Jackson Atlanta International Airport,ATL,Atlanta,United States,197,0.64,2026-10-18,12:46 AM
American Airlines,Airbus A321-253NX,A21N,AA266,Lihue Airport,LIH,Lihue,United States,Los Angeles International Airport,LAX,Los Angeles,United States,2269,5.03,2026-10-18,12:47 AM
American Airlines,Airbus A321-253N,A21N,AA1373,Fort Lauderdale/Hollywood International Airport,FLL,Fort Lauderdale,United States,Dallas-Fort Worth International Airport,DFW,Dallas-Fort Worth,United States,972,2.28,2026-10-18,12:55 AM
United Airlines,Airbus A320-232,A320,UA1627,George Bush Intcntl/Houston Airport,IAH,Houston,United States,Ronald Reagan Washington Ntl Airport,DCA,Washington,United States,1048,2.44,2026-10-18,01:00 AM
American Airlines,Airbus A321-253NX,A21N,AA3014,Miami International Airport,MIA,Miami,United States,Los Angeles International Airport,LAX,Los Angeles,United States,2032,4.53,2026-10-18,01:05 AM
United Airlines,Boeing 737 MAX 8,B38M,UA418,Kahului Airport,OGG,Kahului,United States,Los Angeles International Airport,LAX,Los Angeles,United States,2157,4.79,2026-10-18,01:07 AM
American Airlines,Boeing 737-823,B738,AA2296,Tampa International Airport,TPA,Tampa,United States,Miami International Airport,MIA,Miami,United States,178,0.6,2026-10-18,01:21 AM
American Airlines,Airbus A321-211,A321,AA2180,Los Cabos International Airport,SJD,San Jose del Cabo,Mexico,Dallas-Fort Worth International Airport,DFW,Dallas-Fort Worth,United States,890,2.11,2026-10-18,01:30 AM
American Airlines,Airbus A321-231,A321,AA1999,Dallas-Fort Worth International Airport,DFW,Dallas-Fort Worth,United States,Phoenix Sky Harbor International Airport,PHX,Phoenix,United States,753,1.82,2026-10-18,01:39 AM
American Airlines,Boeing 737-823,B738,AA2629,Miami International Airport,MIA,Miami,United States,Austin-Bergstrom International Airport,AUS,Austin,United States,957,2.25,2026-10-18,01:39 AM
United Airlines,Boeing 757-324,B753,UA1700,Los Angeles International Airport,LAX,Los Angeles,United States,Newark Liberty International Airport,EWR,Newark,United States,2128,4.73,2026-03-18,01:45 AM
American Airlines,Boeing 737-823,B738,AA1043,Charlotte/Douglas International Airport,CLT,Charlotte,United States,Cleveland-Hopkins International Airport,CLE,Cleveland,United States,374,1.01,2026-10-18,02:10 AM
American Airlines,Boeing 737-823,B738,AA2810,Dallas-Fort Worth International Airport,DFW,Dallas-Fort Worth,United States,San Francisco International Airport,SFO,San Francisco,United States,1270,2.91,2026-10-18,02:13 AM
American Airlines,Boeing 737-823,B738,AA257,Miami International Airport,MIA,Miami,United States,Licenciado Benito Juarez International Airport,MEX,Mexico City,Mexico,1107,2.57,2026-10-18,02:21 AM
Spirit Airlines,Airbus A321-271NX,A21N,NK1096,Fort Lauderdale/Hollywood International Airport,FLL,Fort Lauderdale,United States,Laguardia Airport,LGA,New York,United States,937,2.21,2026-10-18,02:29 AM
Spirit Airlines,Airbus A321-271NX,A21N,NK2538,Charlotte/Douglas International Airport,CLT,Charlotte,United States,Orlando International Airport,MCO,Orlando,United States,408,1.08,2026-10-18,02:31 AM
American Airlines,Boeing 737-823,B738,AA3159,Dallas-Fort Worth International Airport,DFW,Dallas-Fort Worth,United States,Tulsa International Airport,TUL,Tulsa,United States,206,0.66,2026-10-18,02:40 AM
United Airlines,Boeing 737 MAX 9,B39M,UA2456,George Bush Intcntl/Houston Airport,IAH,Houston,United States,Seattle-Tacoma International Airport,SEA,Seattle,United States,1627,3.67,2026-10-18,02:41 AM
United Airlines,Boeing 737-924,B739,UA2406,George Bush Intcntl/Houston Airport,IAH,Houston,United States,Phoenix Sky Harbor International Airport,PHX,Phoenix,United States,875,2.07,2026-10-18,02:50 AM
United Airlines,Airbus A319-131,A319,UA2472,George Bush Intcntl/Houston Airport,IAH,Houston,United States,Ronald Reagan Washington Ntl Airport,DCA,Washington,United States,1048,2.44,2026-02-18,02:50 AM
American Airlines,Boeing 737-823,B738,AA1347,George Bush Intcntl/Houston Airport,IAH,Houston,United States,Miami International Airport,MIA,Miami,United States,837,1.99,2026-10-18,05:08 AM
United Airlines,Boeing 767-322(ER),B763,UA461,Washington Dulles International Airport,IAD,Washington,United States,Blaise Diagne International Airport,DSS,Diass,Senegal,3480,7.6,2026-10-18,05:39 AM
Spirit Airlines,Airbus A320-271N,A20N,NK1804,Orlando International Airport,MCO,Orlando,United States,Luis Munoz Marin International Airport,SJU,San Juan,Puerto Rico,1033,2.41,2026-10-18,06:01 AM
China United Airlines,Boeing 737-89P,B738,KN896,Wattay International Airport,VTE,Vientiane,Laos,Beijing Daxing International Airport,PKX,Beijing,China,1479,3.35,2026-10-18,09:58 AM
American Airlines,Boeing 737-823,B738,AA2735,Charlotte/Douglas International Airport,CLT,Charlotte,United States,Nashville International Airport,BNA,Nashville,United States,285,0.82,2026-10-18,03:12 PM
American Airlines,Boeing 737 MAX 8,B38M,AA2811,Miami International Airport,MIA,Miami,United States,General Edward Lawrence Logan International Airport,BOS,Boston,United States,1095,2.54,2026-10-18,04:01 PM
United Airlines,Boeing 737 MAX 8,B38M,UA2090,Newark Liberty International Airport,EWR,Newark,United States,San Diego International Airport,SAN,San Diego,United States,2103,4.68,2026-10-18,04:09 PM
American Airlines,Airbus A321-253NX,A21N,AA1931,Miami International Airport,MIA,Miami,United States,Hato International Airport,CUR,Willemstad,Curacao,1038,2.42,2026-10-18,05:25 PM
Spirit Airlines,Airbus A320-232,A320,NK1531,Chicago O'Hare International Airport,ORD,Chicago,United States,Miami International Airport,MIA,Miami,United States,1042,2.43,2026-10-18,05:34 PM
American Airlines,Airbus A319-112,A319,AA3041,George Bush Intcntl/Houston Airport,IAH,Houston,United States,Miami International Airport,MIA,Miami,United States,837,1.99,2026-05-18,06:04 PM
American Airlines,Boeing 737-823,B738,AA1381,Dallas-Fort Worth International Airport,DFW,Dallas-Fort Worth,United States,Spokane International Airport,GEG,Spokane,United States,1282,2.94,2026-10-18,06:07 PM
American Airlines,Boeing 737-823,B738,AA2025,Laguardia Airport,LGA,New York,United States,Miami International Airport,MIA,Miami,United States,955,2.24,2026-10-18,06:10 PM
United Airlines,Boeing 737-824,B738,UA2255,Denver International Airport,DEN,Denver,United States,Indianapolis International Airport,IND,Indianapolis,United States,846,2.01,2026-10-18,06:13 PM
United Airlines,Boeing 737 MAX 8,B38M,UA2389,Chicago O'Hare International Airport,ORD,Chicago,United States,Southwest Florida International Airport,RSW,Fort Myers,United States,977,2.29,2026-10-18,06:17 PM
American Airlines,Airbus A319-115,A319,AA2291,Miami International Airport,MIA,Miami,United States,Ramon Villeda Morales International Airport,SAP,La Mesa,Honduras,754,1.82,2026-10-18,06:20 PM
United Airlines,Boeing 737-824,B738,UA2661,Chicago O'Hare International Airport,ORD,Chicago,United States,Laguardia Airport,LGA,New York,United States,636,1.57,2026-10-18,06:22 PM
American Airlines,Boeing 737 MAX 8,B38M,AA369,San Francisco International Airport,SFO,San Francisco,United States,Miami International Airport,MIA,Miami,United States,2243,4.97,2026-10-18,06:39 PM
American Airlines,Boeing 737-823,B738,AA3305,Dallas-Fort Worth International Airport,DFW,Dallas-Fort Worth,United States,Cincinnati/Northern Kentucky International Airport,CVG,Covington,United States,704,1.71,2026-10-18,06:40 PM
United Airlines,Boeing 737-824,B738,UA358,Dallas-Fort Worth International Airport,DFW,Dallas-Fort Worth,United States,Washington Dulles International Airport,IAD,Washington,United States,1014,2.37,2026-10-18,06:42 PM
United Airlines,Boeing 737-824,B738,UA596,Denver International Airport,DEN,Denver,United States,Savannah/Hilton Head International Airport,SAV,Savannah,United States,1226,2.82,2026-10-18,06:43 PM
United Airlines,Boeing 737-724,B737,UA2242,George Bush Intcntl/Houston Airport,IAH,Houston,United States,Salt Lake City International Airport,SLC,Salt Lake City,United States,1038,2.42,2026-03-18,06:51 PM
Spirit Airlines,Airbus A320-232,A320,NK1498,Los Angeles International Airport,LAX,Los Angeles,United States,Nashville International Airport,BNA,Nashville,United States,1558,3.52,2026-03-18,06:54 PM
United Airlines,Boeing 737-824,B738,UA1829,Reno/Tahoe International Airport,RNO,Reno,United States,Denver International Airport,DEN,Denver,United States,697,1.7,2026-10-18,07:06 PM
American Airlines,Boeing 737 MAX 8,B38M,AA3322,John Wayne/Orange County Airport,SNA,Santa Ana,United States,Charlotte/Douglas International Airport,CLT,Charlotte,United States,1820,4.08,2026-10-18,07:07 PM
United Airlines,Boeing 737-824,B738,UA3870,Daniel K Inouye International Airport,HNL,Honolulu,United States,San Francisco International Airport,SFO,San Francisco,United States,2082,4.63,2026-10-18,07:14 PM
American Airlines,Airbus A321-231,A321,AA234,San Francisco International Airport,SFO,San Francisco,United States,John F Kennedy International Airport,JFK,New York,United States,2242,4.97,2026-10-18,07:15 PM
American Airlines,Boeing 737-823,B738,AA1015,Chicago O'Hare International Airport,ORD,Chicago,United States,Orlando International Airport,MCO,Orlando,United States,875,2.07,2026-10-18,07:25 PM
United Airlines,Airbus A319-131,A319,UA1499,Austin-Bergstrom International Airport,AUS,Austin,United States,Newark Liberty International Airport,EWR,Newark,United States,1305,2.99,2026-03-18,07:28 PM
American Airlines,Airbus A319-112,A319,AA2916,Southwest Florida International Airport,RSW,Fort Myers,United States,Ronald Reagan Washington Ntl Airport,DCA,Washington,United States,779,1.87,2026-10-18,07:36 PM
American Airlines,Boeing 737-823,B738,AA2047,Miami International Airport,MIA,Miami,United States,Laguardia Airport,LGA,New York,United States,955,2.24,2026-10-18,07:37 PM
American Airlines,Airbus A320-232,A320,AA1616,Kansas City International Airport,MCI,Kansas City,United States,Charlotte/Douglas International Airport,CLT,Charlotte,United States,701,1.71,2026-10-18,07:41 PM
United Airlines,Boeing 737-724,B737,UA743,Chicago O'Hare International Airport,ORD,Chicago,United States,Tucson International Airport,TUS,Tucson,United States,1247,2.86,2026-10-18,07:47 PM
American Airlines,Boeing 737-823,B738,AA1096,Comayagua-Palmerola International Airport,XPL,Comayagua,Honduras,Miami International Airport,MIA,Miami,United States,800,1.92,2026-10-18,07:51 PM
American Airlines,Boeing 737-823,B738,AA1124,Ernesto Cortissoz International Airport,BAQ,Barranquilla,Colombia,Miami International Airport,MIA,Miami,United States,948,2.23,2026-10-18,08:01 PM
Spirit Airlines,Airbus A320-271N,A20N,NK447,Orlando International Airport,MCO,Orlando,United States,Frederick Douglass/Greater Rochester International Airport,ROC,Rochester,United States,899,2.12,2026-10-18,08:11 PM
United Airlines,Boeing 737 MAX 8,B38M,UA1678,San Francisco International Airport,SFO,San Francisco,United States,Ronald Reagan Washington Ntl Airport,DCA,Washington,United States,2117,4.71,2026-10-18,08:26 PM
American Airlines,Boeing 737-823,B738,AA1284,Orlando International Airport,MCO,Orlando,United States,Miami International Airport,MIA,Miami,United States,167,0.57,2026-05-18,08:40 PM
Spirit Airlines,Airbus A321-271NX,A21N,NK946,Rafael Nunez International Airport,CTG,Cartagena,Colombia,Fort Lauderdale/Hollywood International Airport,FLL,Fort Lauderdale,United States,975,2.29,2026-08-18,08:55 PM
American Airlines,Airbus A319-112,A319,AA868,Nashville International Airport,BNA,Nashville,United States,Philadelphia International Airport,PHL,Philadelphia,United States,585,1.46,2026-10-18,08:56 PM
United Airlines,Boeing 737-824,B738,UA1545,Cleveland-Hopkins International Airport,CLE,Cleveland,United States,George Bush Intcntl/Houston Airport,IAH,Houston,United States,948,2.23,2026-10-18,09:14 PM
American Airlines,Airbus A319-112,A319,AA3007,Chicago O'Hare International Airport,ORD,Chicago,United States,Baltimore/Washington International Thurgood Marshall Airport,BWI,Baltimore,United States,539,1.36,2026-08-18,09:37 PM
United Airlines,Boeing 757-324,B753,UA746,Ronald Reagan Washington Ntl Airport,DCA,Washington,United States,Denver International Airport,DEN,Denver,United States,1279,2.93,2026-10-18,09:42 PM
American Airlines,Boeing 737-823,B738,AA1083,Flamingo International Airport,BON,Kralendijk,Netherlands,Miami International Airport,MIA,Miami,United States,1066,2.48,2026-10-18,09:54 PM
United Airlines,Boeing 737 MAX 8,B38M,UA1464,Denver International Airport,DEN,Denver,United States,Baltimore/Washington International Thurgood Marshall Airport,BWI,Baltimore,United States,1292,2.96,2026-10-18,09:55 PM
United Airlines,Airbus A319-131,A319,UA235,Hartsfield - Jackson Atlanta International Airport,ATL,Atlanta,United States,Denver International Airport,DEN,Denver,United States,1040,2.42,2026-01-18,09:57 PM
Spirit Airlines,Airbus A321-231,A321,NK101,Princess Juliana International Airport,SXM,Saint Martin,Netherlands,Fort Lauderdale/Hollywood International Airport,FLL,Fort Lauderdale,United States,1062,2.47,2026-04-18,10:05 PM
American Airlines,Boeing 737-823,B738,AA2367,Las Americas International Airport,SDQ,Santo Domingo,Dominican Republic,Miami International Airport,MIA,Miami,United States,737,1.78,2026-10-18,10:10 PM
American Airlines,Boeing 737-823,B738,AA2512,Tampa International Airport,TPA,Tampa,United States,Dallas-Fort Worth International Airport,DFW,Dallas-Fort Worth,United States,806,1.93,2026-02-18,10:11 PM
United Airlines,Boeing 737-824,B738,UA2607,Fort Lauderdale/Hollywood International Airport,FLL,Fort Lauderdale,United States,Denver International Airport,DEN,Denver,United States,1479,3.35,2026-10-18,10:27 PM
American Airlines,Airbus A320-214,A320,AA1884,Phoenix Sky Harbor International Airport,PHX,Phoenix,United States,Palm Springs International Airport,PSP,Palm Springs,United States,226,0.7,2026-10-18,10:41 PM
United Airlines,Boeing 777-222,B772,UA664,Chicago O'Hare International Airport,ORD,Chicago,United States,Denver International Airport,DEN,Denver,United States,770,1.85,2026-08-18,10:43 PM
United Airlines,Boeing 737-824,B738,UA1931,Los Cabos International Airport,SJD,San Jose del Cabo,Mexico,San Francisco International Airport,SFO,San Francisco,United States,1086,2.52,2026-10-18,10:51 PM
American Airlines,Airbus A319-112,A319,AA2355,Palm Beach International Airport,PBI,West Palm Beach,United States,Ronald Reagan Washington Ntl Airport,DCA,Washington,United States,747,1.8,2026-10-18,10:54 PM
American Airlines,Boeing 737-823,B738,AA1766,John F Kennedy International Airport,JFK,New York,United States,Dallas-Fort Worth International Airport,DFW,Dallas-Fort Worth,United States,1207,2.78,2026-10-18,11:16 PM
Spirit Airlines,Airbus A321-271NX,A21N,NK770,Baltimore/Washington International Thurgood Marshall Airport,BWI,Baltimore,United States,Fort Lauderdale/Hollywood International Airport,FLL,Fort Lauderdale,United States,806,1.93,2026-10-18,11:20 PM
United Airlines,Boeing 737-824,B738,UA1846,Bradley International Airport,BDL,Windsor Locks,United States,Chicago O'Hare International Airport,ORD,Chicago,United States,679,1.66,2026-04-18,11:35 PM
American Airlines,Airbus A319-112,A319,AA3122,Sarasota/Bradenton International Airport,SRQ,Sarasota/Bradenton,United States,Ronald Reagan Washington Ntl Airport,DCA,Washington,United States,741,1.79,2026-05-18,11:35 PM
United Airlines,Boeing 737-824,B738,UA557,Charleston Afb/International Airport,CHS,Charleston,United States,Denver International Airport,DEN,Denver,United States,1257,2.88,2026-01-18,11:50 PM
United Airlines,Airbus A320-232,A320,UA1401,General Mitchell International Airport,MKE,Milwaukee,United States,Denver International Airport,DEN,Denver,United States,776,1.86,2026-10-18,11:55 PM
Spirit Airlines,Airbus A320-232,A320,NK2223,Newark Liberty International Airport,EWR,Newark,United States,Los Angeles International Airport,LAX,Los Angeles,United States,2128,4.73,2026-02-18,11:56 PM
United Airlines,Boeing 777-222,B772,UA2437,San Francisco International Airport,SFO,San Francisco,United States,Newark Liberty International Airport,EWR,Newark,United States,2224,4.93,2026-10-18,11:59 PM
American Airlines,Boeing 737-823,B738,AA1915,Richmond International Airport,RIC,Richmond,United States,Dallas-Fort Worth International Airport,DFW,Dallas-Fort Worth,United States,1004,2.35,2026-10-19,12:01 AM
American Airlines,Boeing 737-823,B738,AA2676,Cleveland-Hopkins International Airport,CLE,Cleveland,United States,Dallas-Fort Worth International Airport,DFW,Dallas-Fort Worth,United States,886,2.1,2026-10-19,12:06 AM
United Airlines,Boeing 767-322(ER),B763,UA3880,Galeao - Antonio Carlos Jobim International Airport,GIG,Rio De Janeiro,Brazil,Newark Liberty International Airport,EWR,Newark,United States,4185,9.09,2026-08-19,12:58 AM
American Airlines,Boeing 737-823,B738,AA3061,Miami International Airport,MIA,Miami,United States,Philadelphia International Airport,PHL,Philadelphia,United States,882,2.09,2026-10-19,02:33 AM
United Airlines,Airbus A319-132,A319,UA756,Denver International Airport,DEN,Denver,United States,James M Cox Dayton International Airport,DAY,Dayton,United States,940,2.21,2026-10-19,02:35 AM
American Airlines,Boeing 777-323(ER),B77W,AA135,London Heathrow Airport,LHR,London,United Kingdom,Los Angeles International Airport,LAX,Los Angeles,United States,4730,10.25,2026-01-19,02:41 AM
United Airlines,Boeing 737 MAX 9,B39M,UA2223,Harry Reid International Airport,LAS,Las Vegas,United States,Chicago O'Hare International Airport,ORD,Chicago,United States,1313,3,2026-10-19,02:44 AM
American Airlines,Boeing 777-223(ER),B772,AA1669,Dallas-Fort Worth International Airport,DFW,Dallas-Fort Worth,United States,Los Angeles International Airport,LAX,Los Angeles,United States,1071,2.49,2026-10-19,02:49 AM
United Airlines,Airbus A319-132,A319,UA2161,Austin-Bergstrom International Airport,AUS,Austin,United States,Newark Liberty International Airport,EWR,Newark,United States,1305,2.99,2026-08-19,02:51 AM
Spirit Airlines,Airbus A321-271NX,A21N,NK2411,Chicago O'Hare International Airport,ORD,Chicago,United States,Orlando International Airport,MCO,Orlando,United States,875,2.07,2026-10-19,02:55 AM
United Airlines,Boeing 737 MAX 8,B38M,UA2423,Miami International Airport,MIA,Miami,United States,San Francisco International Airport,SFO,San Francisco,United States,2243,4.97,2026-10-19,03:00 AM
Spirit Airlines,Airbus A320-232,A320,NK1545,Hartsfield - Jackson Atlanta International Airport,ATL,Atlanta,United States,Harry Reid International Airport,LAS,Las Vegas,United States,1515,3.43,2026-10-19,03:00 AM
American Airlines,Boeing 737-823,B738,AA1387,Chicago O'Hare International Airport,ORD,Chicago,United States,Denver International Airport,DEN,Denver,United States,770,1.85,2026-05-19,03:02 AM
United Airlines,Boeing 737-824,B738,UA2676,George Bush Intcntl/Houston Airport,IAH,Houston,United States,Laguardia Airport,LGA,New York,United States,1230,2.83,2026-10-19,03:10 AM
United Airlines,Airbus A321-271NX,A21N,UA2408,Denver International Airport,DEN,Denver,United States,Washington Dulles International Airport,IAD,Washington,United States,1258,2.89,2026-10-19,03:12 AM
United Airlines,Airbus A320-232,A320,UA3885,Chicago O'Hare International Airport,ORD,Chicago,United States,Cecil Airport,VQQ,Jacksonville,United States,764,1.84,2026-10-19,03:13 AM
Spirit Airlines,Airbus A320-232,A320,NK1273,Baltimore/Washington International Thurgood Marshall Airport,BWI,Baltimore,United States,Fort Lauderdale/Hollywood International Airport,FLL,Fort Lauderdale,United States,806,1.93,2026-03-19,03:17 AM
United Airlines,Boeing 737-924(ER),B739,UA2290,Dallas-Fort Worth International Airport,DFW,Dallas-Fort Worth,United States,Newark Liberty International Airport,EWR,Newark,United States,1190,2.74,2026-10-19,03:29 AM
United Airlines,Airbus A320-232,A320,UA2350,Denver International Airport,DEN,Denver,United States,Syracuse Hancock International Airport,SYR,Syracuse,United States,1293,2.96,2026-10-19,03:32 AM
American Airlines,Boeing 737-823,B738,AA610,Dallas-Fort Worth International Airport,DFW,Dallas-Fort Worth,United States,Laguardia Airport,LGA,New York,United States,1205,2.77,2026-10-19,03:51 AM
Spirit Airlines,Airbus A320-232,A320,NK2251,Orlando International Airport,MCO,Orlando,United States,Memphis International Airport,MEM,Memphis,United States,594,1.48,2026-10-19,04:04 AM
United Airlines,Boeing 737-824,B738,UA572,Denver International Airport,DEN,Denver,United States,Bradley International Airport,BDL,Windsor Locks,United States,1449,3.29,2026-10-19,04:17 AM
American Airlines,Boeing 737-823,B738,AA2880,Palm Springs International Airport,PSP,Palm Springs,United States,Chicago O'Hare International Airport,ORD,Chicago,United States,1432,3.25,2026-10-19,04:42 AM
United Airlines,Boeing 757-224,B752,UA1805,Denver International Airport,DEN,Denver,United States,Daniel K Inouye International Airport,HNL,Honolulu,United States,2920,6.41,2026-10-19,05:40 AM
American Airlines,Boeing 737 MAX 8,B38M,AA340,Los Angeles International Airport,LAX,Los Angeles,United States,Miami International Airport,MIA,Miami,United States,2032,4.53,2026-10-19,07:04 AM
American Airlines,Boeing 737-823,B738,AA1500,Dallas-Fort Worth International Airport,DFW,Dallas-Fort Worth,United States,Nashville International Airport,BNA,Nashville,United States,548,1.38,2026-10-19,07:11 AM
United Airlines,Boeing 777-222,B772,UA698,San Francisco International Airport,SFO,San Francisco,United States,Newark Liberty International Airport,EWR,Newark,United States,2224,4.93,2026-10-19,07:34 AM
American Airlines,Boeing 737 MAX 8,B38M,AA2399,Piarco International Airport,POS,Port of Spain,Trinidad And Tobago,Miami International Airport,MIA,Miami,United States,1411,3.21,2026-02-19,02:58 PM
United Airlines,Boeing 737-824,B738,UA1966,George Bush Intcntl/Houston Airport,IAH,Houston,United States,Laguardia Airport,LGA,New York,United States,1230,2.83,2026-10-19,02:58 PM
American Airlines,Airbus A321-253NX,A21N,AA2084,Philadelphia International Airport,PHL,Philadelphia,United States,Orlando International Airport,MCO,Orlando,United States,750,1.81,2026-10-19,03:03 PM
American Airlines,Boeing 737-823,B738,AA3242,Orlando International Airport,MCO,Orlando,United States,Philadelphia International Airport,PHL,Philadelphia,United States,750,1.81,2026-10-19,03:05 PM
Spirit Airlines,Airbus A320-271N,A20N,NK1780,Chicago O'Hare International Airport,ORD,Chicago,United States,Louis Armstrong New Orleans International Airport,MSY,New Orleans,United States,728,1.76,2026-02-19,03:07 PM
American Airlines,Boeing 777-323(ER),B77W,AA960,Miami International Airport,MIA,Miami,United States,Los Angeles International Airport,LAX,Los Angeles,United States,2032,4.53,2026-10-19,03:22 PM
American Airlines,Boeing 737-823,B738,AA2526,Hartsfield - Jackson Atlanta International Airport,ATL,Atlanta,United States,Miami International Airport,MIA,Miami,United States,518,1.32,2026-10-19,03:24 PM
American Airlines,Boeing 737-823,B738,AA2340,Miami International Airport,MIA,Miami,United States,Raleigh-Durham International Airport,RDU,Raleigh/Durham,United States,610,1.51,2026-10-19,03:57 PM
United Airlines,Boeing 737-824,B738,UA2680,Tampa International Airport,TPA,Tampa,United States,Denver International Airport,DEN,Denver,United States,1308,2.99,2026-10-19,03:59 PM
United Airlines,Boeing 737-724,B737,UA1977,George Bush Intcntl/Houston Airport,IAH,Houston,United States,General Edward Lawrence Logan International Airport,BOS,Boston,United States,1386,3.16,2026-03-19,05:00 PM
Spirit Airlines,Airbus A320-271N,A20N,NK1220,Tampa International Airport,TPA,Tampa,United States,Detroit Metro Wayne County Airport,DTW,Detroit,United States,856,2.03,2026-10-19,05:35 PM
American Airlines,Boeing 737 MAX 8,B38M,AA658,Simon Bolivar International Airport,GYE,Guayaquil,Ecuador,Miami International Airport,MIA,Miami,United States,1678,3.78,2026-10-19,06:01 PM
American Airlines,Airbus A319-115,A319,AA335,Miami International Airport,MIA,Miami,United States,Juan Manuel Galvez International Airport,RTB,Roatan Island,Honduras,667,1.63,2026-10-19,06:37 PM
United Airlines,Boeing 737-924(ER),B739,UA1520,Orlando International Airport,MCO,Orlando,United States,Denver International Airport,DEN,Denver,United States,1343,3.07,2026-10-19,06:42 PM
United Airlines,Boeing 737 MAX 8,B38M,UA382,Ronald Reagan Washington Ntl Airport,DCA,Washington,United States,George Bush Intcntl/Houston Airport,IAH,Houston,United States,1048,2.44,2026-10-19,06:44 PM
United Airlines,Airbus A319-131,A319,UA1515,George Bush Intcntl/Houston Airport,IAH,Houston,United States,Cincinnati/Northern Kentucky International Airport,CVG,Covington,United States,757,1.82,2026-10-19,06:46 PM
United Airlines,Airbus A320-232,A320,UA222,Hartsfield - Jackson Atlanta International Airport,ATL,Atlanta,United States,George Bush Intcntl/Houston Airport,IAH,Houston,United States,598,1.49,2026-10-19,06:53 PM
American Airlines,Airbus A319-112,A319,AA2691,Austin-Bergstrom International Airport,AUS,Austin,United States,Philadelphia International Airport,PHL,Philadelphia,United States,1241,2.85,2026-10-19,06:57 PM
United Airlines,Boeing 737 MAX 8,B38M,UA1524,George Bush Intcntl/Houston Airport,IAH,Houston,United States,Harry Reid International Airport,LAS,Las Vegas,United States,1060,2.47,2026-10-19,07:25 PM
American Airlines,Airbus A320-232,A320,AA2872,Joe Foss Field,FSD,Sioux Falls,United States,Dallas-Fort Worth International Airport,DFW,Dallas-Fort Worth,United States,642,1.58,2026-10-19,07:56 PM
American Airlines,Airbus A321-253NX,A21N,AA1971,Cancun International Airport,CUN,Cancun,Mexico,Philadelphia International Airport,PHL,Philadelphia,United States,1279,2.93,2026-10-19,08:05 PM
Spirit Airlines,Airbus A320-271N,A20N,NK1777,Fort Lauderdale/Hollywood International Airport,FLL,Fort Lauderdale,United States,Chicago O'Hare International Airport,ORD,Chicago,United States,1029,2.4,2026-10-19,08:11 PM
United Airlines,Boeing 737 MAX 9,B39M,UA1435,Newark Liberty International Airport,EWR,Newark,United States,Orlando International Airport,MCO,Orlando,United States,816,1.95,2026-10-19,08:21 PM
American Airlines,Boeing 737-823,B738,AA1433,Chicago O'Hare International Airport,ORD,Chicago,United States,Los Angeles International Airport,LAX,Los Angeles,United States,1513,3.43,2026-10-19,08:29 PM
China United Airlines,Boeing 737-89P,B738,KN5009,Wenzhou Yongqiang Airport,WNZ,Wenzhou,China,Guangzhou Baiyun International Airport,CAN,Guangzhou,China,490,1.26,2026-10-20,06:42 AM
China United Airlines,Boeing 737-89P,B738,KN5330,Ordos Ejin Horo Airport,DSN,Ordos,China,Beijing Daxing International Airport,PKX,Beijing,China,303,0.86,2026-10-20,07:12 AM
China United Airlines,Boeing 737-89P,B738,KN5705,Foshan Shadi Airport,FUO,Foshan,China,Shanghai Pudong International Airport,PVG,Shanghai,China,672,1.64,2026-10-20,10:31 AM
United Airlines,Boeing 777-222(ER),B772,UA3010,Beijing Capital International Airport,PEK,Beijing,China,San Francisco International Airport,SFO,San Francisco,United States,5126,11.09,2026-02-20,11:24 AM
United Airlines,Boeing 787-9 Dreamliner,B789,Unknown,O. R. Tambo International Airport,JNB,Johannesburg,South Africa,O. R. Tambo International Airport,JNB,Johannesburg,South Africa,0,0.22,2026-10-20,11:31 PM
United Airlines,Boeing 757-224,B752,UA370,Orlando International Airport,MCO,Orlando,United States,Newark Liberty International Airport,EWR,Newark,United States,816,1.95,2026-10-22,01:35 PM
United Airlines,Boeing 737 MAX 8,B38M,UA693,Newark Liberty International Airport,EWR,Newark,United States,Bozeman Yellowstone International Airport,BZN,Bozeman,United States,1631,3.68,2026-10-22,01:48 PM
American Airlines,Boeing 737 MAX 8,B38M,AA1597,Laguardia Airport,LGA,New York,United States,Dallas-Fort Worth International Airport,DFW,Dallas-Fort Worth,United States,1205,2.77,2026-10-22,01:56 PM
American Airlines,Airbus A319-112,A319,AA1064,Austin-Bergstrom International Airport,AUS,Austin,United States,Chicago O'Hare International Airport,ORD,Chicago,United States,850,2.02,2026-10-22,02:05 PM
Spirit Airlines,Airbus A320-271N,A20N,NK1488,Atlantic City International Airport,ACY,Atlantic City,United States,Tampa International Airport,TPA,Tampa,United States,795,1.9,2026-10-22,02:14 PM
United Airlines,Boeing 757-224,B752,UA711,Dublin Airport,DUB,Dublin,Ireland,Washington Dulles International Airport,IAD,Washington,United States,2954,6.48,2026-10-22,02:20 PM
Spirit Airlines,Airbus A320-232,A320,NK2443,Orlando International Airport,MCO,Orlando,United States,Indianapolis International Airport,IND,Indianapolis,United States,721,1.75,2026-10-22,02:24 PM
United Airlines,Boeing 737 MAX 8,B38M,UA217,Baltimore/Washington International Thurgood Marshall Airport,BWI,Baltimore,United States,San Francisco International Airport,SFO,San Francisco,United States,2130,4.73,2026-10-22,02:24 PM
American Airlines,Boeing 737-823,B738,AA331,Louisville Muhammad Ali International Airport,SDF,Louisville,United States,Dallas-Fort Worth International Airport,DFW,Dallas-Fort Worth,United States,636,1.57,2026-10-22,02:33 PM
American Airlines,Boeing 737-823,B738,AA1742,Norman Manley International Airport,KIN,Kingston,Jamaica,Miami International Airport,MIA,Miami,United States,511,1.3,2026-10-22,02:34 PM
United Airlines,Boeing 787-9 Dreamliner,B789,UA71,Amsterdam Airport Schiphol,AMS,Amsterdam,Netherlands,Newark Liberty International Airport,EWR,Newark,United States,3169,6.94,2026-04-22,02:48 PM
Spirit Airlines,Airbus A321-271NX,A21N,NK1807,George Bush Intcntl/Houston Airport,IAH,Houston,United States,Harry Reid International Airport,LAS,Las Vegas,United States,1060,2.47,2026-10-22,04:03 PM
United Airlines,Boeing 737 MAX 8,B38M,UA446,Newark Liberty International Airport,EWR,Newark,United States,Harry Reid International Airport,LAS,Las Vegas,United States,1931,4.31,2026-10-22,04:20 PM
American Airlines,Boeing 737-823,B738,AA3334,Orlando International Airport,MCO,Orlando,United States,Ronald Reagan Washington Ntl Airport,DCA,Washington,United States,661,1.62,2026-10-22,04:31 PM
American Airlines,Airbus A319-112,A319,AA752,Jacksonville International Airport,JAX,Jacksonville,United States,Chicago O'Hare International Airport,ORD,Chicago,United States,752,1.81,2026-10-22,04:39 PM
American Airlines,Boeing 737-823,B738,AA834,Chicago O'Hare International Airport,ORD,Chicago,United States,San Francisco International Airport,SFO,San Francisco,United States,1600,3.61,2026-10-22,04:39 PM
American Airlines,Boeing 737-823,B738,AA2523,Tampa International Airport,TPA,Tampa,United States,Philadelphia International Airport,PHL,Philadelphia,United States,801,1.92,2026-03-22,05:04 PM
United Airlines,Boeing 737-724,B737,UA1688,George Bush Intcntl/Houston Airport,IAH,Houston,United States,Toronto Pearson International Airport,YYZ,Mississauga,Canada,1112,2.58,2026-10-22,05:06 PM
United Airlines,Boeing 737-824,B738,UA1408,George Bush Intcntl/Houston Airport,IAH,Houston,United States,Philip S. W. Goldson International Airport,BZE,Belize City,Belize,841,2,2026-10-22,05:24 PM
United Airlines,Boeing 737 MAX 9,B39M,UA800,George Bush Intcntl/Houston Airport,IAH,Houston,United States,General Edward Lawrence Logan International Airport,BOS,Boston,United States,1386,3.16,2026-10-22,05:26 PM
United Airlines,Boeing 777-222,B772,UA2358,George Bush Intcntl/Houston Airport,IAH,Houston,United States,San Francisco International Airport,SFO,San Francisco,United States,1419,3.23,2026-10-22,05:38 PM
United Airlines,Boeing 737 MAX 8,B38M,UA1383,George Bush Intcntl/Houston Airport,IAH,Houston,United States,John Wayne/Orange County Airport,SNA,Santa Ana,United States,1168,2.7,2026-10-22,05:38 PM
American Airlines,Boeing 737-823,B738,AA885,Charlotte/Douglas International Airport,CLT,Charlotte,United States,General Edward Lawrence Logan International Airport,BOS,Boston,United States,632,1.56,2026-10-22,05:51 PM
United Airlines,Boeing 737-824,B738,UA2061,Fort Lauderdale/Hollywood International Airport,FLL,Fort Lauderdale,United States,Cleveland-Hopkins International Airport,CLE,Cleveland,United States,925,2.18,2026-10-22,05:53 PM
American Airlines,Boeing 737-823,B738,AA2693,Dallas-Fort Worth International Airport,DFW,Dallas-Fort Worth,United States,Raleigh-Durham International Airport,RDU,Raleigh/Durham,United States,920,2.17,2026-10-22,06:00 PM
American Airlines,Boeing 737-823,B738,AA1546,Miami International Airport,MIA,Miami,United States,Point Salines International Airport,GND,Saint George's,Grenada,1335,3.05,2026-10-22,06:01 PM
United Airlines,Boeing 737 MAX 9,B39M,UA2188,Denver International Airport,DEN,Denver,United States,Fort Lauderdale/Hollywood International Airport,FLL,Fort Lauderdale,United States,1479,3.35,2026-10-22,06:06 PM
United Airlines,Boeing 737 MAX 9,B39M,UA1624,Newark Liberty International Airport,EWR,Newark,United States,Cibao International Airport,STI,Santiago,Dominican Republic,1291,2.96,2026-10-22,06:36 PM
United Airlines,Airbus A319-132,A319,UA1457,Ronald Reagan Washington Ntl Airport,DCA,Washington,United States,George Bush Intcntl/Houston Airport,IAH,Houston,United States,1048,2.44,2026-10-22,06:53 PM
American Airlines,Airbus A319-115,A319,AA2786,Syracuse Hancock International Airport,SYR,Syracuse,United States,Charlotte/Douglas International Airport,CLT,Charlotte,United States,525,1.33,2026-10-22,07:31 PM
United Airlines,Boeing 737-924(ER),B739,UA1495,Louis Armstrong New Orleans International Airport,MSY,New Orleans,United States,Chicago O'Hare International Airport,ORD,Chicago,United States,728,1.76,2026-10-22,11:09 PM
United Airlines,Boeing 737-824,B738,UA600,Chicago O'Hare International Airport,ORD,Chicago,United States,Laguardia Airport,LGA,New York,United States,636,1.57,2026-10-22,11:18 PM
American Airlines,Boeing 737-823,B738,AA3327,Miami International Airport,MIA,Miami,United States,Philadelphia International Airport,PHL,Philadelphia,United States,882,2.09,2026-10-22,11:42 PM
American Airlines,Airbus A321-231,A321,AA767,Seattle-Tacoma International Airport,SEA,Seattle,United States,Dallas-Fort Worth International Airport,DFW,Dallas-Fort Worth,United States,1441,3.27,2026-10-22,11:47 PM
United Airlines,Boeing 737-824,B738,UA679,Cleveland-Hopkins International Airport,CLE,Cleveland,United States,Los Angeles International Airport,LAX,Los Angeles,United States,1780,3.99,2026-02-22,11:48 PM
American Airlines,Boeing 737 MAX 8,B38M,AA2829,John F Kennedy International Airport,JFK,New York,United States,Phoenix Sky Harbor International Airport,PHX,Phoenix,United States,1867,4.18,2026-10-22,11:51 PM
American Airlines,Airbus A319-115,A319,AA3120,John F Kennedy International Airport,JFK,New York,United States,Charlotte/Douglas International Airport,CLT,Charlotte,United States,470,1.22,2026-10-22,11:55 PM
United Airlines,Boeing 737-71Q,B737,UA1968,Albuquerque International Sunport Airport,ABQ,Albuquerque,United States,Washington Dulles International Airport,IAD,Washington,United States,1409,3.21,2026-10-23,12:04 AM
United Airlines,Boeing 737-724,B737,UA799,Dallas-Fort Worth International Airport,DFW,Dallas-Fort Worth,United States,Newark Liberty International Airport,EWR,Newark,United States,1190,2.74,2026-10-23,12:11 AM
United Airlines,Boeing 767-322(ER),B763,UA331,Charles de Gaulle International Airport,CDG,Paris,France,Washington Dulles International Airport,IAD,Washington,United States,3350,7.32,2026-10-23,12:14 AM
United Airlines,Boeing 757-224,B752,UA2497,Washington Dulles International Airport,IAD,Washington,United States,Chicago O'Hare International Airport,ORD,Chicago,United States,510,1.3,2026-10-23,12:28 AM
United Airlines,Boeing 787-9 Dreamliner,B789,UA538,Newark Liberty International Airport,EWR,Newark,United States,San Francisco International Airport,SFO,San Francisco,United States,2224,4.93,2026-10-23,12:36 AM
American Airlines,Airbus A321-231,A321,AA1185,Los Cabos International Airport,SJD,San Jose del Cabo,Mexico,Chicago O'Hare International Airport,ORD,Chicago,United States,1571,3.55,2026-10-23,12:47 AM
United Airlines,Boeing 777-222,B772,UA300,San Francisco International Airport,SFO,San Francisco,United States,Daniel K Inouye International Airport,HNL,Honolulu,United States,2082,4.63,2026-01-23,01:06 AM
United Airlines,Boeing 737-824,B738,UA600,Laguardia Airport,LGA,New York,United States,George Bush Intcntl/Houston Airport,IAH,Houston,United States,1230,2.83,2026-08-23,01:25 AM
American Airlines,Boeing 777-223(ER),B772,AA81,London Heathrow Airport,LHR,London,United Kingdom,Dallas-Fort Worth International Airport,DFW,Dallas-Fort Worth,United States,4118,8.95,2026-10-23,01:33 AM
Spirit Airlines,Airbus A320-271N,A20N,NK2721,Fort Lauderdale/Hollywood International Airport,FLL,Fort Lauderdale,United States,Norfolk International Airport,ORF,Norfolk,United States,680,1.66,2026-10-23,01:53 AM
United Airlines,Boeing 767-3CB(ER),B763,UA921,London Heathrow Airport,LHR,London,United Kingdom,Newark Liberty International Airport,EWR,Newark,United States,3003,6.59,2026-10-23,02:08 AM
American Airlines,Airbus A319-132,A319,AA1944,Tampa International Airport,TPA,Tampa,United States,Ronald Reagan Washington Ntl Airport,DCA,Washington,United States,708,1.72,2026-10-23,02:34 AM
United Airlines,Boeing 737 MAX 8,B38M,UA1386,Newark Liberty International Airport,EWR,Newark,United States,General Edward Lawrence Logan International Airport,BOS,Boston,United States,174,0.59,2026-10-23,02:35 AM
United Airlines,Boeing 737-724,B737,UA1399,George Bush Intcntl/Houston Airport,IAH,Houston,United States,Wichita Dwight D Eisenhower Ntl Airport,ICT,Wichita,United States,472,1.22,2026-01-23,02:40 AM
American Airlines,Airbus A319-132,A319,AA2051,Ronald Reagan Washington Ntl Airport,DCA,Washington,United States,Nashville International Airport,BNA,Nashville,United States,487,1.25,2026-04-23,02:51 AM
United Airlines,Boeing 737-824,B738,UA1969,Denver International Airport,DEN,Denver,United States,John Glenn Columbus International Airport,CMH,Columbus,United States,1000,2.34,2026-10-23,02:56 AM
United Airlines,Airbus A320-232,A320,UA1899,Chicago O'Hare International Airport,ORD,Chicago,United States,Louis Armstrong New Orleans International Airport,MSY,New Orleans,United States,728,1.76,2026-10-23,03:05 AM
American Airlines,Airbus A319-112,A319,AA3282,Dallas-Fort Worth International Airport,DFW,Dallas-Fort Worth,United States,Huntsville International-Carl T Jones Field,HSV,Huntsville,United States,523,1.33,2026-10-23,03:18 AM
American Airlines,Boeing 737-823,B738,AA1563,Dallas-Fort Worth International Airport,DFW,Dallas-Fort Worth,United States,General Mitchell International Airport,MKE,Milwaukee,United States,742,1.79,2026-10-23,03:20 AM
Spirit Airlines,Airbus A320-271N,A20N,NK2118,Fort Lauderdale/Hollywood International Airport,FLL,Fort Lauderdale,United States,Baltimore/Washington International Thurgood Marshall Airport,BWI,Baltimore,United States,806,1.93,2026-10-23,03:31 AM
American Airlines,Boeing 737-823,B738,AA3216,Miami International Airport,MIA,Miami,United States,Baltimore/Washington International Thurgood Marshall Airport,BWI,Baltimore,United States,824,1.97,2026-10-23,03:39 AM
United Airlines,Boeing 737 MAX 8,B38M,UA2692,George Bush Intcntl/Houston Airport,IAH,Houston,United States,Albuquerque International Sunport Airport,ABQ,Albuquerque,United States,646,1.59,2026-10-23,03:40 AM
United Airlines,Boeing 737 MAX 8,B38M,UA1403,Denver International Airport,DEN,Denver,United States,Jacksonville International Airport,JAX,Jacksonville,United States,1255,2.88,2026-10-23,03:54 AM
United Airlines,Boeing 767-424(ER),B764,UA3020,Guarulhos - Governador Andre Franco Montoro International Airport,GRU,Sao Paulo,Brazil,Washington Dulles International Airport,IAD,Washington,United States,4129,8.97,2026-10-23,06:17 AM
United Airlines,Boeing 787-9 Dreamliner,B789,UA3901,Melbourne International Airport,MEL,Melbourne,Australia,Los Angeles International Airport,LAX,Los Angeles,United States,6889,14.82,2026-10-23,08:06 AM
United Airlines,Boeing 767-322(ER),B763,UA966,Newark Liberty International Airport,EWR,Newark,United States,Napoli / Capodichino International Airport,NAP,Napoli,Italy,3828,8.33,2026-04-23,08:26 AM
American Airlines,Boeing 787-8 Dreamliner,B788,AA102,Daniel K Inouye International Airport,HNL,Honolulu,United States,Dallas-Fort Worth International Airport,DFW,Dallas-Fort Worth,United States,3283,7.18,2026-10-23,08:38 AM
United Airlines,Boeing 737-824,B738,UA2110,San Francisco International Airport,SFO,San Francisco,United States,Philadelphia International Airport,PHL,Philadelphia,United States,2186,4.85,2026-03-23,08:40 AM
American Airlines,Boeing 787-9 Dreamliner,B789,AA46,Chicago O'Hare International Airport,ORD,Chicago,United States,London Heathrow Airport,LHR,London,United Kingdom,3426,7.48,2026-10-23,11:21 AM
United Airlines,Boeing 777-322(ER),B77W,UA43,Frankfurt am Main International Airport,FRA,Frankfurt am Main,Germany,Newark Liberty International Airport,EWR,Newark,United States,3353,7.33,2026-10-23,11:33 AM
American Airlines,Airbus A321-211,A321,AA1191,Harry Reid International Airport,LAS,Las Vegas,United States,Philadelphia International Airport,PHL,Philadelphia,United States,1887,4.22,2026-10-23,12:52 PM
United Airlines,Boeing 737 MAX 8,B38M,UA1494,Newark Liberty International Airport,EWR,Newark,United States,Dallas-Fort Worth International Airport,DFW,Dallas-Fort Worth,United States,1190,2.74,2026-10-23,01:11 PM
United Airlines,Boeing 787-8 Dreamliner,B788,UA3891,Chicago O'Hare International Airport,ORD,Chicago,United States,Galeao - Antonio Carlos Jobim International Airport,GIG,Rio De Janeiro,Brazil,4612,10,2026-10-23,01:27 PM
United Airlines,Boeing 757-224,B752,UA145,Francisco de Sa Carneiro Airport,OPO,Porto,Portugal,Newark Liberty International Airport,EWR,Newark,United States,2895,6.36,2026-10-23,01:35 PM
United Airlines,Boeing 737 MAX 9,B39M,UA2002,San Francisco International Airport,SFO,San Francisco,United States,Cleveland-Hopkins International Airport,CLE,Cleveland,United States,1873,4.19,2026-10-24,09:17 AM
United Airlines,Boeing 777-222(ER),B772,UA195,Munich International Airport,MUC,Munich,Germany,San Francisco International Airport,SFO,San Francisco,United States,5096,11.02,2026-10-24,11:27 AM
American Airlines,Boeing 737-823,B738,AA3313,Miami International Airport,MIA,Miami,United States,Ronald Reagan Washington Ntl Airport,DCA,Washington,United States,801,1.92,2026-10-24,01:09 PM
Spirit Airlines,Airbus A321-231,A321,NK143,Detroit Metro Wayne County Airport,DTW,Detroit,United States,Fort Lauderdale/Hollywood International Airport,FLL,Fort Lauderdale,United States,982,2.3,2026-08-24,01:17 PM
American Airlines,Boeing 777-223(ER),B772,AA45,Charles de Gaulle International Airport,CDG,Paris,France,John F Kennedy International Airport,JFK,New York,United States,3150,6.9,2026-10-24,01:55 PM
United Airlines,Boeing 737 MAX 8,B38M,UA1048,Philadelphia International Airport,PHL,Philadelphia,United States,San Francisco International Airport,SFO,San Francisco,United States,2186,4.85,2026-10-24,02:00 PM
American Airlines,Boeing 737 MAX 8,B38M,AA1444,John F Kennedy International Airport,JFK,New York,United States,Charlotte/Douglas International Airport,CLT,Charlotte,United States,470,1.22,2026-10-24,02:05 PM
American Airlines,Airbus A321-231,A321,AA1678,Charlotte/Douglas International Airport,CLT,Charlotte,United States,Phoenix Sky Harbor International Airport,PHX,Phoenix,United States,1538,3.48,2026-10-24,02:50 PM
American Airlines,Boeing 787-9 Dreamliner,B789,AA737,London Heathrow Airport,LHR,London,United Kingdom,Philadelphia International Airport,PHL,Philadelphia,United States,3072,6.73,2026-10-24,07:45 PM
United Airlines,Boeing 737-724,B737,UA1900,John Wayne/Orange County Airport,SNA,Santa Ana,United States,Newark Liberty International Airport,EWR,Newark,United States,2110,4.69,2026-10-24,08:02 PM
American Airlines,Airbus A319-115,A319,AA1767,Dallas-Fort Worth International Airport,DFW,Dallas-Fort Worth,United States,Northwest Arkansas Ntl Airport,XNA,Fayetteville/Springdale/Rogers,United States,244,0.74,2026-05-24,09:15 PM
American Airlines,Boeing 737-823,B738,AA1381,Spokane International Airport,GEG,Spokane,United States,Dallas-Fort Worth International Airport,DFW,Dallas-Fort Worth,United States,1282,2.94,2026-10-24,09:31 PM
United Airlines,Boeing 737 MAX 8,B38M,UA2131,Seattle-Tacoma International Airport,SEA,Seattle,United States,Washington Dulles International Airport,IAD,Washington,United States,1998,4.45,2026-10-24,10:56 PM
Spirit Airlines,Airbus A320-232,A320,NK2066,Nashville International Airport,BNA,Nashville,United States,Harry Reid International Airport,LAS,Las Vegas,United States,1376,3.14,2026-05-24,11:07 PM
American Airlines,Airbus A319-115,A319,AA1456,Dallas-Fort Worth International Airport,DFW,Dallas-Fort Worth,United States,Salt Lake City International Airport,SLC,Salt Lake City,United States,858,2.04,2026-10-24,11:09 PM
United Airlines,Boeing 757-224,B752,UA1197,Newark Liberty International Airport,EWR,Newark,United States,Denver International Airport,DEN,Denver,United States,1391,3.17,2026-10-24,11:12 PM
United Airlines,Boeing 737 MAX 8,B38M,UA604,Harry Reid International Airport,LAS,Las Vegas,United States,Newark Liberty International Airport,EWR,Newark,United States,1931,4.31,2026-10-24,11:15 PM
Spirit Airlines,Airbus A320-271N,A20N,NK1922,El Dorado International Airport,BOG,Bogota,Colombia,Orlando International Airport,MCO,Orlando,United States,1482,3.36,2026-10-24,11:15 PM
United Airlines,Boeing 737-824,B738,UA865,Narita International Airport,NRT,Tokyo,Japan,Guam International Airport,GUM,Guam,Guam,1358,3.1,2026-10-25,09:38 AM
American Airlines,Boeing 777-223(ER),B772,AA67,Barcelona International Airport,BCN,Barcelona,Spain,John F Kennedy International Airport,JFK,New York,United States,3321,7.26,2026-10-25,05:41 PM
United Airlines,Boeing 787-9 Dreamliner,B789,UA820,Los Angeles International Airport,LAX,Los Angeles,United States,Chek Lap Kok International Airport,HKG,Hong Kong,Hong Kong,6298,13.57,2026-10-25,07:01 PM
United Airlines,Boeing 737 MAX 9,B39M,UA1984,Myrtle Beach International Airport,MYR,Myrtle Beach,United States,Las Americas International Airport,SDQ,Santo Domingo,Dominican Republic,1042,2.43,2026-10-26,02:12 AM
United Airlines,Boeing 777-322(ER),B77W,UA3979,Guam International Airport,GUM,Guam,Guam,Singapore Changi International Airport,SIN,Singapore,Singapore,2531,5.58,2026-10-26,04:36 AM
United Airlines,Boeing 737 MAX 9,B39M,UA2055,Washington Dulles International Airport,IAD,Washington,United States,Punta Cana International Airport,PUJ,Punta Cana,Dominican Republic,1310,3,2026-10-26,05:47 PM
Spirit Airlines,Airbus A320-271N,A20N,NK1318,Baltimore/Washington International Thurgood Marshall Airport,BWI,Baltimore,United States,George Bush Intcntl/Houston Airport,IAH,Houston,United States,1072,2.49,2026-10-26,07:19 PM
United Airlines,Boeing 787-9 Dreamliner,B789,UA1311,Los Angeles International Airport,LAX,Los Angeles,United States,Washington Dulles International Airport,IAD,Washington,United States,1982,4.42,2026-10-26,07:30 PM
American Airlines,Boeing 787-8 Dreamliner,B788,AA239,Leonardo Da Vinci (Fiumicino) International Airport,FCO,Rome,Italy,Dallas-Fort Worth International Airport,DFW,Dallas-Fort Worth,United States,4867,10.54,2026-03-26,08:23 PM
American Airlines,Airbus A319-115,A319,AA677,Spokane International Airport,GEG,Spokane,United States,Chicago O'Hare International Airport,ORD,Chicago,United States,1298,2.97,2026-10-26,09:09 PM
United Airlines,Boeing 787-8 Dreamliner,B788,UA2619,San Francisco International Airport,SFO,San Francisco,United States,Chicago O'Hare International Airport,ORD,Chicago,United States,1600,3.61,2026-10-26,09:24 PM
Spirit Airlines,Airbus A321-271NX,A21N,NK1611,Harry Reid International Airport,LAS,Las Vegas,United States,John Glenn Columbus International Airport,CMH,Columbus,United States,1535,3.47,2026-10-26,09:42 PM
Spirit Airlines,Airbus A320-271N,A20N,NK2331,Orlando International Airport,MCO,Orlando,United States,Baltimore/Washington International Thurgood Marshall Airport,BWI,Baltimore,United States,685,1.67,2026-05-26,09:56 PM
American Airlines,Airbus A319-112,A319,AA665,Chicago O'Hare International Airport,ORD,Chicago,United States,Cincinnati/Northern Kentucky International Airport,CVG,Covington,United States,230,0.71,2026-10-26,10:01 PM
American Airlines,Airbus A319-112,A319,AA1622,Kansas City International Airport,MCI,Kansas City,United States,Phoenix Sky Harbor International Airport,PHX,Phoenix,United States,905,2.14,2026-10-26,10:35 PM
United Airlines,Boeing 737-824,B738,UA1001,Patrick Leahy Burlington International Airport,BTV,Burlington,United States,Chicago O'Hare International Airport,ORD,Chicago,United States,660,1.62,2026-05-26,10:39 PM
American Airlines,Boeing 787-8 Dreamliner,B788,AA132,Dallas-Fort Worth International Airport,DFW,Dallas-Fort Worth,United States,Dublin Airport,DUB,Dublin,Ireland,3877,8.44,2026-10-26,11:00 PM
American Airlines,Airbus A319-115,A319,AA1492,John Glenn Columbus International Airport,CMH,Columbus,United States,Dallas-Fort Worth International Airport,DFW,Dallas-Fort Worth,United States,804,1.92,2026-10-26,11:02 PM
United Airlines,Boeing 737-724,B737,UA2224,Norman Y Mineta San Jose International Airport,SJC,San Jose,United States,George Bush Intcntl/Houston Airport,IAH,Houston,United States,1395,3.18,2026-10-26,11:17 PM
American Airlines,Boeing 787-8 Dreamliner,B788,AA75,Chicago O'Hare International Airport,ORD,Chicago,United States,Daniel K Inouye International Airport,HNL,Honolulu,United States,3682,8.02,2026-10-26,11:36 PM
American Airlines,Boeing 737 MAX 8,B38M,AA1392,Dallas-Fort Worth International Airport,DFW,Dallas-Fort Worth,United States,George Bush Intcntl/Houston Airport,IAH,Houston,United States,195,0.63,2026-10-26,11:48 PM
American Airlines,Boeing 737-823,B738,AA2814,Fort Lauderdale/Hollywood International Airport,FLL,Fort Lauderdale,United States,Dallas-Fort Worth International Airport,DFW,Dallas-Fort Worth,United States,972,2.28,2026-10-26,11:53 PM
United Airlines,Boeing 787-9 Dreamliner,B789,UA153,Tan Son Nhat International Airport,SGN,Ho Chi Minh City,Vietnam,Chek Lap Kok International Airport,HKG,Hong Kong,Hong Kong,806,1.93,2026-10-27,12:57 AM
American Airlines,Boeing 737 MAX 8,B38M,AA2606,Miami International Airport,MIA,Miami,United States,Piarco International Airport,POS,Port of Spain,Trinidad And Tobago,1411,3.21,2026-10-27,01:15 AM
American Airlines,Boeing 737-823,B738,AA681,Cancun International Airport,CUN,Cancun,Mexico,Dallas-Fort Worth International Airport,DFW,Dallas-Fort Worth,United States,895,2.12,2026-10-27,01:42 AM
American Airlines,Airbus A321-211,A321,AA1329,Luis Munoz Marin International Airport,SJU,San Juan,Puerto Rico,Miami International Airport,MIA,Miami,United States,908,2.14,2026-10-27,02:10 AM
United Airlines,Boeing 757-33N,B753,UA854,George Bush Intcntl/Houston Airport,IAH,Houston,United States,Jorge Chavez International Airport,LIM,Lima,Peru,2734,6.02,2026-10-27,02:31 AM
United Airlines,Boeing 737 MAX 8,B38M,UA1446,Daniel Oduber Quiros International Airport,LIR,Liberia,Costa Rica,Newark Liberty International Airport,EWR,Newark,United States,1905,4.26,2026-10-27,03:07 AM
American Airlines,Boeing 777-223(ER),B772,AA907,Miami International Airport,MIA,Miami,United States,Ministro Pistarini International Airport,EZE,Ezeiza,Argentina,3844,8.37,2026-10-27,07:10 AM
American Airlines,Boeing 777-223(ER),B772,AA908,Ministro Pistarini International Airport,EZE,Ezeiza,Argentina,Miami International Airport,MIA,Miami,United States,3844,8.37,2026-10-27,07:17 AM
American Airlines,Boeing 777-323(ER),B77W,AA931,Miami International Airport,MIA,Miami,United States,Ministro Pistarini International Airport,EZE,Ezeiza,Argentina,3844,8.37,2026-10-27,08:01 AM
American Airlines,Boeing 777-223(ER),B772,AA945,Dallas-Fort Worth International Airport,DFW,Dallas-Fort Worth,United States,Comodoro Arturo Merino Benitez International Airport,SCL,Santiago,Chile,4247,9.22,2026-10-27,08:12 AM
American Airlines,Boeing 787-9 Dreamliner,B789,AA997,Dallas-Fort Worth International Airport,DFW,Dallas-Fort Worth,United States,Ministro Pistarini International Airport,EZE,Ezeiza,Argentina,4608,9.99,2026-10-27,08:33 AM
United Airlines,Boeing 757-33N,B753,UA855,Jorge Chavez International Airport,LIM,Lima,Peru,George Bush Intcntl/Houston Airport,IAH,Houston,United States,2734,6.02,2026-10-27,08:51 AM
Spirit Airlines,Airbus A320-271N,A20N,NK3997,Atlantic City International Airport,ACY,Atlantic City,United States,Orlando International Airport,MCO,Orlando,United States,742,1.79,2026-05-27,11:12 AM
American Airlines,Boeing 787-8 Dreamliner,B788,AA925,Miami International Airport,MIA,Miami,United States,Guarulhos - Governador Andre Franco Montoro International Airport,GRU,Sao Paulo,Brazil,3550,7.75,2026-10-27,11:59 AM
American Airlines,Airbus A321-231,A321,AA2917,Charlotte/Douglas International Airport,CLT,Charlotte,United States,Orlando International Airport,MCO,Orlando,United States,408,1.08,2026-10-27,01:37 PM
United Airlines,Boeing 767-424(ER),B764,UA3910,Daniel K Inouye International Airport,HNL,Honolulu,United States,Washington Dulles International Airport,IAD,Washington,United States,4177,9.07,2026-10-27,01:41 PM
United Airlines,Boeing 737 MAX 8,B38M,UA2092,Chicago O'Hare International Airport,ORD,Chicago,United States,Laguardia Airport,LGA,New York,United States,636,1.57,2026-10-27,01:45 PM
United Airlines,Boeing 737-824,B738,UA1538,Toronto Pearson International Airport,YYZ,Mississauga,Canada,Chicago O'Hare International Airport,ORD,Chicago,United States,378,1.02,2026-10-27,02:08 PM
United Airlines,Boeing 737-824,B738,UA708,Chicago O'Hare International Airport,ORD,Chicago,United States,Ronald Reagan Washington Ntl Airport,DCA,Washington,United States,531,1.34,2026-10-27,02:47 PM
American Airlines,Boeing 737-823,B738,AA2585,Jacksonville International Airport,JAX,Jacksonville,United States,Charlotte/Douglas International Airport,CLT,Charlotte,United States,286,0.83,2026-10-27,03:47 PM
United Airlines,Boeing 757-224,B752,UA2279,General Edward Lawrence Logan International Airport,BOS,Boston,United States,San Francisco International Airport,SFO,San Francisco,United States,2344,5.19,2026-10-27,04:16 PM
United Airlines,Boeing 757-224,B752,UA2679,Newark Liberty International Airport,EWR,Newark,United States,Los Angeles International Airport,LAX,Los Angeles,United States,2128,4.73,2026-10-27,04:36 PM
American Airlines,Boeing 737-823,B738,AA2525,Queen Beatrix International Airport,AUA,Oranjestad,Aruba,Miami International Airport,MIA,Miami,United States,987,2.31,2026-10-27,08:56 PM
Spirit Airlines,Airbus A320-232,A320,NK236,Jose Maria Cordova International Airport,MDE,Rionegro,Colombia,Fort Lauderdale/Hollywood International Airport,FLL,Fort Lauderdale,United States,1226,2.82,2026-10-27,10:57 PM
Spirit Airlines,Airbus A320-232,A320,NK861,Palonegro Airport,BGA,Bucaramanga,Colombia,Fort Lauderdale/Hollywood International Airport,FLL,Fort Lauderdale,United States,1205,2.77,2026-10-27,11:02 PM
American Airlines,Boeing 737-823,B738,AA3267,Don Miguel Hidalgo Y Costilla International Airport,GDL,Guadalajara,Mexico,Dallas-Fort Worth International Airport,DFW,Dallas-Fort Worth,United States,815,1.95,2026-01-28,12:35 AM
American Airlines,Boeing 737 MAX 8,B38M,AA2160,Cancun International Airport,CUN,Cancun,Mexico,Los Angeles International Airport,LAX,Los Angeles,United States,1839,4.12,2026-04-28,12:37 AM
American Airlines,Boeing 737-823,B738,AA1818,Miami International Airport,MIA,Miami,United States,Chicago O'Hare International Airport,ORD,Chicago,United States,1042,2.43,2026-10-28,01:44 AM
American Airlines,Boeing 737 MAX 8,B38M,AA3265,Miami International Airport,MIA,Miami,United States,Orlando International Airport,MCO,Orlando,United States,167,0.57,2026-10-28,03:51 AM
Spirit Airlines,Airbus A320-232,A320,NK2429,Fort Lauderdale/Hollywood International Airport,FLL,Fort Lauderdale,United States,Atlantic City International Airport,ACY,Atlantic City,United States,851,2.02,2026-10-28,03:54 AM
United Airlines,Boeing 737-924(ER),B739,UA489,George Bush Intcntl/Houston Airport,IAH,Houston,United States,Eppley Airfield,OMA,Omaha,United States,680,1.66,2026-10-28,04:05 AM
American Airlines,Boeing 737-823,B738,AA961,Charlotte/Douglas International Airport,CLT,Charlotte,United States,Eppley Airfield,OMA,Omaha,United States,792,1.9,2026-10-28,04:12 AM
China United Airlines,Boeing 737-89P,B738,KN5110,Wenzhou Yongqiang Airport,WNZ,Wenzhou,China,Chengdu/Tianfu Airport,TFU,Tianfu,China,872,2.07,2026-10-28,10:13 AM
Spirit Airlines,Airbus A320-232,A320,NK974,Jose Maria Cordova International Airport,MDE,Rionegro,Colombia,Fort Lauderdale/Hollywood International Airport,FLL,Fort Lauderdale,United States,1226,2.82,2026-10-28,04:27 PM
American Airlines,Boeing 737 MAX 8,B38M,AA597,Miami International Airport,MIA,Miami,United States,Juan Santamaria International Airport,SJO,San Jose,Costa Rica,975,2.29,2026-10-28,06:43 PM
American Airlines,Airbus A321-211,A321,AA2674,Luis Munoz Marin International Airport,SJU,San Juan,Puerto Rico,Charlotte/Douglas International Airport,CLT,Charlotte,United States,1283,2.94,2026-10-28,07:11 PM
United Airlines,Boeing 737-824,B738,UA1867,Cozumel International Airport,CZM,Cozumel,Mexico,George Bush Intcntl/Houston Airport,IAH,Houston,United States,729,1.76,2026-10-28,07:43 PM
American Airlines,Boeing 737 MAX 8,B38M,AA874,Queen Beatrix International Airport,AUA,Oranjestad,Aruba,Charlotte/Douglas International Airport,CLT,Charlotte,United States,1487,3.37,2026-10-28,08:24 PM
American Airlines,Airbus A321-231,A321,AA1028,Queen Beatrix International Airport,AUA,Oranjestad,Aruba,Miami International Airport,MIA,Miami,United States,987,2.31,2026-10-28,08:54 PM
United Airlines,Boeing 737 MAX 9,B39M,UA1648,Queen Beatrix International Airport,AUA,Oranjestad,Aruba,Washington Dulles International Airport,IAD,Washington,United States,1634,3.68,2026-10-28,09:34 PM
United Airlines,Boeing 737 MAX 9,B39M,UA1118,Cancun International Airport,CUN,Cancun,Mexico,San Francisco International Airport,SFO,San Francisco,United States,2090,4.65,2026-10-28,10:13 PM
United Airlines,Boeing 737 MAX 9,B39M,UA1368,Luis Munoz Marin International Airport,SJU,San Juan,Puerto Rico,Denver International Airport,DEN,Denver,United States,2374,5.25,2026-10-28,10:56 PM
American Airlines,Boeing 737-823,B738,AA368,Miami International Airport,MIA,Miami,United States,Las Americas International Airport,SDQ,Santo Domingo,Dominican Republic,737,1.78,2026-10-28,11:23 PM
United Airlines,Boeing 737 MAX 8,B38M,UA1692,Newark Liberty International Airport,EWR,Newark,United States,San Diego International Airport,SAN,San Diego,United States,2103,4.68,2026-10-29,12:22 AM
United Airlines,Boeing 737 MAX 9,B39M,UA2423,Miami International Airport,MIA,Miami,United States,San Francisco International Airport,SFO,San Francisco,United States,2243,4.97,2026-10-29,12:51 AM
United Airlines,Boeing 737 MAX 9,B39M,UA1518,Punta Cana International Airport,PUJ,Punta Cana,Dominican Republic,Newark Liberty International Airport,EWR,Newark,United States,1362,3.11,2026-10-29,01:04 AM
China United Airlines,Boeing 737-89P,B738,KN2837,Ordos Ejin Horo Airport,DSN,Ordos,China,Kunming Wujiaba International Airport,KMG,Kunming,China,942,2.22,2026-02-28,07:37 AM
China United Airlines,Boeing 737-86N,B738,KN5815,Beijing Daxing International Airport,PKX,Beijing,China,Beihai Airport,BHY,Beihai,China,1138,2.63,2026-10-29,09:21 AM
China United Airlines,Boeing 737-89P,B738,KN5897,Beijing Daxing International Airport,PKX,Beijing,China,Zhanjiang Airport,ZHA,Zhanjiang,China,1141,2.64,2026-10-30,02:43 AM
China United Airlines,Boeing 737-89P,B738,KN5866,Foshan Shadi Airport,FUO,Foshan,China,Beijing Daxing International Airport,PKX,Beijing,China,1000,2.34,2026-10-30,06:15 AM
United Airlines,Boeing 777-322(ER),B77W,UA809,San Francisco International Airport,SFO,San Francisco,United States,Ninoy Aquino International Airport,MNL,Manila,Philippines,6063,13.07,2026-10-30,07:10 AM
United Airlines,Boeing 777-224(ER),B772,UA3904,Sydney Kingsford Smith International Airport,SYD,Sydney,Australia,San Francisco International Airport,SFO,San Francisco,United States,6452,13.9,2026-10-30,11:16 AM
American Airlines,Boeing 787-8 Dreamliner,B788,AA934,Ministro Pistarini International Airport,EZE,Ezeiza,Argentina,Miami International Airport,MIA,Miami,United States,3844,8.37,2026-10-31,03:44 AM
American Airlines,Boeing 787-8 Dreamliner,B788,AA9817,Guarulhos - Governador Andre Franco Montoro International Airport,GRU,Sao Paulo,Brazil,Miami International Airport,MIA,Miami,United States,3550,7.75,2026-10-31,04:00 AM
American Airlines,Boeing 787-8 Dreamliner,B788,AA964,Galeao - Antonio Carlos Jobim International Airport,GIG,Rio De Janeiro,Brazil,Miami International Airport,MIA,Miami,United States,3627,7.91,2026-10-31,05:37 AM
American Airlines,Boeing 787-8 Dreamliner,B788,AA974,Galeao - Antonio Carlos Jobim International Airport,GIG,Rio De Janeiro,Brazil,John F Kennedy International Airport,JFK,New York,United States,4174,9.07,2026-10-31,06:31 AM
American Airlines,Boeing 787-8 Dreamliner,B788,AA958,Guarulhos - Governador Andre Franco Montoro International Airport,GRU,Sao Paulo,Brazil,Miami International Airport,MIA,Miami,United States,3550,7.75,2026-10-31,06:49 AM
American Airlines,Boeing 777-223(ER),B772,AA906,Guarulhos - Governador Andre Franco Montoro International Airport,GRU,Sao Paulo,Brazil,Miami International Airport,MIA,Miami,United States,3550,7.75,2026-10-31,09:00 AM
China United Airlines,Boeing 737-89P,B738,KN5627,Beijing Daxing International Airport,PKX,Beijing,China,Xingyi Airport,ACX,Xingyi,China,1040,2.42,2026-10-31,11:36 AM
United Airlines,Boeing 777-224(ER),B772,UA47,Frankfurt am Main International Airport,FRA,Frankfurt am Main,Germany,George Bush Intcntl/Houston Airport,IAH,Houston,United States,4536,9.84,2026-10-31,02:26 PM
American Airlines,Boeing 787-8 Dreamliner,B788,AA9740,Miami International Airport,MIA,Miami,United States,Dallas-Fort Worth International Airport,DFW,Dallas-Fort Worth,United States,973,2.28,2026-10-31,07:17 PM
Spirit Airlines,Airbus A321-231,A321,NK882,Ramon Villeda Morales International Airport,SAP,La Mesa,Honduras,Orlando International Airport,MCO,Orlando,United States,861,2.04,2026-10-31,07:19 PM
American Airlines,Boeing 737 MAX 8,B38M,AA1900,Providenciales Airport,PLS,Providenciales Island,Turks And Caicos Islands,Miami International Airport,MIA,Miami,United States,502,1.28,2026-02-28,07:29 PM
Spirit Airlines,Airbus A321-271NX,A21N,NK353,Fort Lauderdale/Hollywood International Airport,FLL,Fort Lauderdale,United States,Henry E Rohlsen Airport,STX,Christiansted,Virgin Islands Us,991,2.32,2026-10-31,07:33 PM
American Airlines,Boeing 737-823,B738,AA2868,Dallas-Fort Worth International Airport,DFW,Dallas-Fort Worth,United States,Queretaro Intercontinental Airport,QRO,Queretaro,Mexico,756,1.82,2026-10-31,07:37 PM
United Airlines,Boeing 777-222,B772,UA2013,George Bush Intcntl/Houston Airport,IAH,Houston,United States,Denver International Airport,DEN,Denver,United States,749,1.81,2026-10-31,07:46 PM
American Airlines,Boeing 737-823,B738,AA3104,Miami International Airport,MIA,Miami,United States,Charlotte/Douglas International Airport,CLT,Charlotte,United States,567,1.42,2026-10-31,08:12 PM
American Airlines,Airbus A321-231,A321,AA2404,Punta Cana International Airport,PUJ,Punta Cana,Dominican Republic,Charlotte/Douglas International Airport,CLT,Charlotte,United States,1203,2.77,2026-10-31,08:15 PM
Spirit Airlines,Airbus A321-271NX,A21N,NK790,Phoenix Sky Harbor International Airport,PHX,Phoenix,United States,Fort Lauderdale/Hollywood International Airport,FLL,Fort Lauderdale,United States,1711,3.85,2026-10-31,08:37 PM
United Airlines,Boeing 737-824,B738,UA654,George Bush Intcntl/Houston Airport,IAH,Houston,United States,Ronald Reagan Washington Ntl Airport,DCA,Washington,United States,1048,2.44,2026-10-31,08:50 PM
United Airlines,Boeing 737 MAX 9,B39M,UA1664,Punta Cana International Airport,PUJ,Punta Cana,Dominican Republic,Chicago O'Hare International Airport,ORD,Chicago,United States,1724,3.87,2026-08-31,08:52 PM
American Airlines,Boeing 737-823,B738,AA804,Queretaro Intercontinental Airport,QRO,Queretaro,Mexico,Dallas-Fort Worth International Airport,DFW,Dallas-Fort Worth,United States,756,1.82,2026-10-31,09:01 PM
Spirit Airlines,Airbus A321-271NX,A21N,NK9413,Fort Lauderdale/Hollywood International Airport,FLL,Fort Lauderdale,United States,Pinal Airpark,MZJ,Marana,United States,1671,3.76,2026-10-31,09:04 PM
United Airlines,Boeing 737-924(ER),B739,UA1466,Providenciales Airport,PLS,Providenciales Island,Turks And Caicos Islands,Newark Liberty International Airport,EWR,Newark,United States,1140,2.64,2026-10-31,09:50 PM
American Airlines,Boeing 737-823,B738,AA2491,Dallas-Fort Worth International Airport,DFW,Dallas-Fort Worth,United States,St Louis Lambert International Airport,STL,St Louis,United States,478,1.23,2026-10-31,10:06 PM
American Airlines,Airbus A321-231,A321,AA2056,San Diego International Airport,SAN,San Diego,United States,Charlotte/Douglas International Airport,CLT,Charlotte,United States,1801,4.04,2026-10-31,10:42 PM
American Airlines,Boeing 737 MAX 8,B38M,AA418,Miami International Airport,MIA,Miami,United States,Memphis International Airport,MEM,Memphis,United States,747,1.8,2026-10-31,10:49 PM
United Airlines,Boeing 737 MAX 8,B38M,UA1918,Daniel Oduber Quiros International Airport,LIR,Liberia,Costa Rica,Denver International Airport,DEN,Denver,United States,2031,4.52,2026-10-31,10:50 PM
Spirit Airlines,Airbus A320-232,A320,NK2635,Kansas City International Airport,MCI,Kansas City,United States,Fort Lauderdale/Hollywood International Airport,FLL,Fort Lauderdale,United States,1080,2.51,2026-10-31,11:10 PM
United Airlines,Boeing 737 MAX 8,B38M,UA536,Denver International Airport,DEN,Denver,United States,Juan Santamaria International Airport,SJO,San Jose,Costa Rica,2100,4.67,2026-10-31,11:22 PM
American Airlines,Airbus A319-115,A319,AA2780,Dallas-Fort Worth International Airport,DFW,Dallas-Fort Worth,United States,Montrose Regional Airport,MTJ,Montrose,United States,627,1.55,2026-02-28,11:28 PM
American Airlines,Boeing 737-823,B738,AA1763,Ronald Reagan Washington Ntl Airport,DCA,Washington,United States,Orlando International Airport,MCO,Orlando,United States,661,1.62,2026-08-31,11:50 PM
United Airlines,Airbus A320-232,A320,UA1086,Denver International Airport,DEN,Denver,United States,Vancouver International Airport,YVR,Richmond,Canada,966,2.27,2026-11-01,12:09 AM
United Airlines,Boeing 737-824,B738,UA1215,George Bush Intcntl/Houston Airport,IAH,Houston,United States,Dallas-Fort Worth International Airport,DFW,Dallas-Fort Worth,United States,195,0.63,2026-11-01,12:10 AM
United Airlines,Boeing 787-9 Dreamliner,B789,UA3816,Louis Armstrong New Orleans International Airport,MSY,New Orleans,United States,Los Angeles International Airport,LAX,Los Angeles,United States,1449,3.29,2026-11-01,12:20 AM
American Airlines,Boeing 737 MAX 8,B38M,AA2885,Charlotte/Douglas International Airport,CLT,Charlotte,United States,Jacksonville International Airport,JAX,Jacksonville,United States,286,0.83,2026-11-01,12:25 AM
United Airlines,Boeing 737-824,B738,UA2339,George Bush Intcntl/Houston Airport,IAH,Houston,United States,Harry Reid International Airport,LAS,Las Vegas,United States,1060,2.47,2026-11-01,12:35 AM
United Airlines,Boeing 777-322(ER),B77W,UA163,Dubai International Airport,DXB,Dubai,United Arab Emirates,Newark Liberty International Airport,EWR,Newark,United States,5951,12.84,2026-11-01,01:41 AM
American Airlines,Airbus A321-211,A321,AA3259,Miami International Airport,MIA,Miami,United States,Dallas-Fort Worth International Airport,DFW,Dallas-Fort Worth,United States,973,2.28,2026-01-01,01:52 AM
United Airlines,Boeing 737 MAX 9,B39M,UA1461,George Bush Intcntl/Houston Airport,IAH,Houston,United States,El Salvador International Airport,SAL,Santa Clara,El Salvador,1053,2.45,2026-11-01,02:09 AM
United Airlines,Boeing 737-924(ER),B739,UA2601,Southwest Florida International Airport,RSW,Fort Myers,United States,Newark Liberty International Airport,EWR,Newark,United States,933,2.2,2026-11-01,02:26 AM
United Airlines,Boeing 737-824,B738,UA1532,George Bush Intcntl/Houston Airport,IAH,Houston,United States,Augusto C. Sandino (Managua) International Airport,MGA,Managua,Nicaragua,1187,2.74,2026-11-01,02:54 AM
United Airlines,Boeing 777-222(ER),B772,UA846,Comodoro Arturo Merino Benitez International Airport,SCL,Santiago,Chile,George Bush Intcntl/Houston Airport,IAH,Houston,United States,4053,8.81,2026-11-01,02:57 AM
American Airlines,Airbus A321-253NX,A21N,AA3333,Miami International Airport,MIA,Miami,United States,Los Angeles International Airport,LAX,Los Angeles,United States,2032,4.53,2026-11-01,03:09 AM
American Airlines,Boeing 737-823,B738,AA2552,Miami International Airport,MIA,Miami,United States,Louis Armstrong New Orleans International Airport,MSY,New Orleans,United States,586,1.46,2026-01-01,03:55 AM
American Airlines,Airbus A321-231,A321,AA2199,Charlotte/Douglas International Airport,CLT,Charlotte,United States,Luis Munoz Marin International Airport,SJU,San Juan,Puerto Rico,1283,2.94,2026-11-01,05:09 AM
American Airlines,Airbus A321-253NX,A21N,AA2004,Los Angeles International Airport,LAX,Los Angeles,United States,Philadelphia International Airport,PHL,Philadelphia,United States,2082,4.63,2026-11-01,05:19 AM
American Airlines,Boeing 737-823,B738,AA2996,Licenciado Benito Juarez International Airport,MEX,Mexico City,Mexico,John F Kennedy International Airport,JFK,New York,United States,1817,4.07,2026-11-01,05:57 AM
American Airlines,Boeing 787-9 Dreamliner,B789,AA996,Ministro Pistarini International Airport,EZE,Ezeiza,Argentina,Dallas-Fort Worth International Airport,DFW,Dallas-Fort Worth,United States,4608,9.99,2026-11-01,08:06 AM
American Airlines,Boeing 787-8 Dreamliner,B788,AA973,John F Kennedy International Airport,JFK,New York,United States,Galeao - Antonio Carlos Jobim International Airport,GIG,Rio De Janeiro,Brazil,4174,9.07,2026-11-01,08:43 AM
United Airlines,Boeing 737-924(ER),B739,UA1225,Denver International Airport,DEN,Denver,United States,Fort Lauderdale/Hollywood International Airport,FLL,Fort Lauderdale,United States,1479,3.35,2026-11-01,08:53 AM
American Airlines,Boeing 777-223(ER),B772,AA940,Comodoro Arturo Merino Benitez International Airport,SCL,Santiago,Chile,Dallas-Fort Worth International Airport,DFW,Dallas-Fort Worth,United States,4247,9.22,2026-11-01,09:30 AM
American Airlines,Boeing 787-8 Dreamliner,B788,AA933,Miami International Airport,MIA,Miami,United States,Ministro Pistarini International Airport,EZE,Ezeiza,Argentina,3844,8.37,2026-11-01,09:53 AM
United Airlines,Boeing 737 MAX 9,B39M,UA2253,Washington Dulles International Airport,IAD,Washington,United States,Louis Armstrong New Orleans International Airport,MSY,New Orleans,United States,826,1.97,2026-11-01,12:15 PM
China United Airlines,Boeing 737-89P,B738,KN2126,Ordos Ejin Horo Airport,DSN,Ordos,China,Beijing Daxing International Airport,PKX,Beijing,China,303,0.86,2026-11-01,01:23 PM
United Airlines,Boeing 737 MAX 9,B39M,UA513,Newark Liberty International Airport,EWR,Newark,United States,Denver International Airport,DEN,Denver,United States,1391,3.17,2026-11-01,01:43 PM
United Airlines,Boeing 767-424(ER),B764,UA345,Washington Dulles International Airport,IAD,Washington,United States,Daniel K Inouye International Airport,HNL,Honolulu,United States,4177,9.07,2026-11-01,02:22 PM
United Airlines,Airbus A319-131,A319,UA1327,Hartsfield - Jackson Atlanta International Airport,ATL,Atlanta,United States,Denver International Airport,DEN,Denver,United States,1040,2.42,2026-11-01,05:13 PM
American Airlines,Airbus A320-232,A320,AA1670,Phoenix Sky Harbor International Airport,PHX,Phoenix,United States,Dane County Regional/Truax Field,MSN,Madison,United States,1212,2.79,2026-11-01,05:19 PM
United Airlines,Boeing 737-824,B738,UA1914,Southwest Florida International Airport,RSW,Fort Myers,United States,Cleveland-Hopkins International Airport,CLE,Cleveland,United States,895,2.12,2026-11-01,05:29 PM
American Airlines,Boeing 737-823,B738,AA863,Chicago O'Hare International Airport,ORD,Chicago,United States,Bozeman Yellowstone International Airport,BZN,Bozeman,United States,1028,2.4,2026-11-01,05:30 PM
American Airlines,Airbus A319-132,A319,AA3122,Louis Armstrong New Orleans International Airport,MSY,New Orleans,United States,Ronald Reagan Washington Ntl Airport,DCA,Washington,United States,842,2,2026-11-01,05:42 PM
United Airlines,Boeing 737-824,B738,UA1567,Licenciado Benito Juarez International Airport,MEX,Mexico City,Mexico,Washington Dulles International Airport,IAD,Washington,United States,1618,3.65,2026-11-01,05:46 PM
United Airlines,Boeing 737 MAX 9,B39M,UA2609,San Francisco International Airport,SFO,San Francisco,United States,Raleigh-Durham International Airport,RDU,Raleigh/Durham,United States,2081,4.63,2026-11-01,05:54 PM
United Airlines,Boeing 787-9 Dreamliner,B789,UA1321,Newark Liberty International Airport,EWR,Newark,United States,Los Angeles International Airport,LAX,Los Angeles,United States,2128,4.73,2026-11-01,06:10 PM
United Airlines,Boeing 757-224,B752,UA1254,Newark Liberty International Airport,EWR,Newark,United States,Denver International Airport,DEN,Denver,United States,1391,3.17,2026-11-01,06:15 PM
United Airlines,Boeing 737 MAX 8,B38M,UA1957,Miami International Airport,MIA,Miami,United States,San Francisco International Airport,SFO,San Francisco,United States,2243,4.97,2026-11-01,06:34 PM
American Airlines,Boeing 737-823,B738,AA9605,Dallas-Fort Worth International Airport,DFW,Dallas-Fort Worth,United States,Norman Manley International Airport,KIN,Kingston,Jamaica,1414,3.22,2026-11-01,07:05 PM
United Airlines,Boeing 737-724,B737,UA2468,Newark Liberty International Airport,EWR,Newark,United States,Louis Armstrong New Orleans International Airport,MSY,New Orleans,United States,1014,2.37,2026-11-01,07:50 PM
American Airlines,Airbus A319-115,A319,AA2062,Durango-La Plata County Airport,DRO,Durango,United States,Dallas-Fort Worth International Airport,DFW,Dallas-Fort Worth,United States,585,1.46,2026-11-01,08:08 PM
American Airlines,Boeing 737 MAX 8,B38M,AA2448,Chicago O'Hare International Airport,ORD,Chicago,United States,Dallas-Fort Worth International Airport,DFW,Dallas-Fort Worth,United States,697,1.7,2026-11-01,08:16 PM
United Airlines,Boeing 737 MAX 8,B38M,UA1502,Chicago O'Hare International Airport,ORD,Chicago,United States,Raleigh-Durham International Airport,RDU,Raleigh/Durham,United States,561,1.41,2026-11-01,08:28 PM
American Airlines,Boeing 737-823,B738,AA1170,Dallas-Fort Worth International Airport,DFW,Dallas-Fort Worth,United States,City Of Colorado Springs Municipal Airport,COS,Colorado Springs,United States,514,1.31,2026-11-01,08:52 PM
American Airlines,Airbus A319-132,A319,AA2949,Chicago O'Hare International Airport,ORD,Chicago,United States,Raleigh-Durham International Airport,RDU,Raleigh/Durham,United States,561,1.41,2026-11-01,08:55 PM
American Airlines,Boeing 737 MAX 8,B38M,AA1635,Salt Lake City International Airport,SLC,Salt Lake City,United States,Charlotte/Douglas International Airport,CLT,Charlotte,United States,1497,3.39,2026-11-01,08:56 PM
United Airlines,Boeing 737-824,B738,UA2093,Gerald R Ford International Airport,GRR,Grand Rapids,United States,Denver International Airport,DEN,Denver,United States,880,2.08,2026-11-01,08:58 PM
United Airlines,Boeing 737-924(ER),B739,UA1635,Los Angeles International Airport,LAX,Los Angeles,United States,Washington Dulles International Airport,IAD,Washington,United States,1982,4.42,2026-11-01,09:05 PM
United Airlines,Boeing 737-824,B738,UA348,Louis Armstrong New Orleans International Airport,MSY,New Orleans,United States,San Francisco International Airport,SFO,San Francisco,United States,1657,3.73,2026-11-01,09:24 PM
United Airlines,Boeing 737 MAX 8,B38M,UA2351,Juan Manuel Galvez International Airport,RTB,Roatan Island,Honduras,Denver International Airport,DEN,Denver,United States,1702,3.83,2026-11-01,09:26 PM
United Airlines,Boeing 737-824,B738,UA1943,Philadelphia International Airport,PHL,Philadelphia,United States,Denver International Airport,DEN,Denver,United States,1350,3.08,2026-11-01,09:29 PM
Spirit Airlines,Airbus A320-271N,A20N,NK8892,Newark Liberty International Airport,EWR,Newark,United States,Philadelphia International Airport,PHL,Philadelphia,United States,70,0.37,2026-11-01,09:32 PM
American Airlines,Boeing 737-823,B738,AA1717,Vancouver International Airport,YVR,Richmond,Canada,Chicago O'Hare International Airport,ORD,Chicago,United States,1529,3.46,2026-11-01,10:18 PM
United Airlines,Boeing 737 MAX 8,B38M,UA1957,San Francisco International Airport,SFO,San Francisco,United States,Kahului Airport,OGG,Kahului,United States,2030,4.52,2026-11-01,10:42 PM
American Airlines,Boeing 787-9 Dreamliner,B789,AA2064,Philadelphia International Airport,PHL,Philadelphia,United States,Dallas-Fort Worth International Airport,DFW,Dallas-Fort Worth,United States,1130,2.61,2026-11-01,10:46 PM
American Airlines,Boeing 737 MAX 8,B38M,AA1689,John F Kennedy International Airport,JFK,New York,United States,Phoenix Sky Harbor International Airport,PHX,Phoenix,United States,1867,4.18,2026-11-01,10:50 PM
United Airlines,Boeing 777-222(ER),B772,UA194,San Francisco International Airport,SFO,San Francisco,United States,Munich International Airport,MUC,Munich,Germany,5096,11.02,2026-04-01,11:16 PM
United Airlines,Boeing 737 MAX 8,B38M,UA205,George Bush Intcntl/Houston Airport,IAH,Houston,United States,El Dorado International Airport,BOG,Bogota,Colombia,1936,4.32,2026-08-02,01:28 AM
Spirit Airlines,Airbus A321-271NX,A21N,NK3136,Fort Lauderdale/Hollywood International Airport,FLL,Fort Lauderdale,United States,Los Angeles International Airport,LAX,Los Angeles,United States,2032,4.53,2026-11-02,01:41 AM
United Airlines,Boeing 737 MAX 9,B39M,UA1471,Newark Liberty International Airport,EWR,Newark,United States,Las Americas International Airport,SDQ,Santo Domingo,Dominican Republic,1357,3.1,2026-11-02,01:50 AM
United Airlines,Boeing 737 MAX 9,B39M,UA418,Kahului Airport,OGG,Kahului,United States,Los Angeles International Airport,LAX,Los Angeles,United States,2157,4.79,2026-11-02,01:52 AM
American Airlines,Airbus A319-132,A319,AA1891,Raleigh-Durham International Airport,RDU,Raleigh/Durham,United States,Miami International Airport,MIA,Miami,United States,610,1.51,2026-11-02,01:54 AM
Spirit Airlines,Airbus A320-232,A320,NK3900,Newark Liberty International Airport,EWR,Newark,United States,Fort Lauderdale/Hollywood International Airport,FLL,Fort Lauderdale,United States,927,2.18,2026-11-02,01:54 AM
United Airlines,Boeing 777-222,B772,UA1722,Ellison Onizuka Kona International At Keahole Airport,KOA,Kailua/Kona,United States,San Francisco International Airport,SFO,San Francisco,United States,2056,4.58,2026-11-02,02:17 AM
United Airlines,Boeing 737 MAX 8,B38M,UA2353,George Bush Intcntl/Houston Airport,IAH,Houston,United States,Piarco International Airport,POS,Port of Spain,Trinidad And Tobago,2227,4.94,2026-03-02,02:21 AM
United Airlines,Boeing 737 MAX 8,B38M,UA1551,Newark Liberty International Airport,EWR,Newark,United States,La Aurora Airport,GUA,Guatemala City,Guatemala,1786,4.01,2026-11-02,02:50 AM
United Airlines,Boeing 737 MAX 8,B38M,UA408,Kahului Airport,OGG,Kahului,United States,San Francisco International Airport,SFO,San Francisco,United States,2030,4.52,2026-11-02,03:04 AM
United Airlines,Boeing 737 MAX 8,B38M,UA693,Ellison Onizuka Kona International At Keahole Airport,KOA,Kailua/Kona,United States,San Francisco International Airport,SFO,San Francisco,United States,2056,4.58,2026-11-02,03:11 AM
United Airlines,Boeing 737 MAX 8,B38M,UA1296,Lihue Airport,LIH,Lihue,United States,Los Angeles International Airport,LAX,Los Angeles,United States,2269,5.03,2026-11-02,04:06 AM
United Airlines,Boeing 737 MAX 9,B39M,UA2372,Ellison Onizuka Kona International At Keahole Airport,KOA,Kailua/Kona,United States,Los Angeles International Airport,LAX,Los Angeles,United States,2173,4.83,2026-11-02,04:08 AM
American Airlines,Airbus A321-253NX,A21N,AA340,Los Angeles International Airport,LAX,Los Angeles,United States,Miami International Airport,MIA,Miami,United States,2032,4.53,2026-11-02,05:26 AM
American Airlines,Boeing 737 MAX 8,B38M,AA1134,El Dorado International Airport,BOG,Bogota,Colombia,Dallas-Fort Worth International Airport,DFW,Dallas-Fort Worth,United States,2124,4.72,2026-11-02,06:40 AM
American Airlines,Airbus A321-253NX,A21N,AA2680,Los Angeles International Airport,LAX,Los Angeles,United States,Charlotte/Douglas International Airport,CLT,Charlotte,United States,1842,4.12,2026-11-02,07:02 AM
United Airlines,Boeing 737 MAX 8,B38M,UA68,Ted Stevens Anchorage International Airport,ANC,Anchorage,United States,Chicago O'Hare International Airport,ORD,Chicago,United States,2467,5.45,2026-11-02,10:16 AM
United Airlines,Boeing 737-824,B738,UA2620,San Francisco International Airport,SFO,San Francisco,United States,Hartsfield - Jackson Atlanta International Airport,ATL,Atlanta,United States,1855,4.15,2026-11-02,10:25 AM
American Airlines,Boeing 787-8 Dreamliner,B788,AA598,Kuwait International Airport,KWI,Kuwait City,Kuwait,Frankfurt-Hahn Airport,HHN,Hahn,Germany,2217,4.92,2026-11-02,11:19 AM
United Airlines,Boeing 737-924(ER),B739,UA1079,Los Angeles International Airport,LAX,Los Angeles,United States,Tampa International Airport,TPA,Tampa,United States,1872,4.19,2026-11-02,11:35 AM
American Airlines,Airbus A321-231,A321,AA1340,Dallas-Fort Worth International Airport,DFW,Dallas-Fort Worth,United States,Fort Lauderdale/Hollywood International Airport,FLL,Fort Lauderdale,United States,972,2.28,2026-11-02,12:43 PM
United Airlines,Boeing 737 MAX 8,B38M,UA1771,Newark Liberty International Airport,EWR,Newark,United States,Palm Beach International Airport,PBI,West Palm Beach,United States,891,2.11,2026-11-02,01:13 PM
American Airlines,Boeing 777-223(ER),B772,AA109,London Heathrow Airport,LHR,London,United Kingdom,General Edward Lawrence Logan International Airport,BOS,Boston,United States,2829,6.22,2026-11-02,02:12 PM
American Airlines,Boeing 737 MAX 8,B38M,AA2138,John F Kennedy International Airport,JFK,New York,United States,Harry Reid International Airport,LAS,Las Vegas,United States,1949,4.35,2026-11-02,02:15 PM
United Airlines,Boeing 787-10 Dreamliner,B78X,UA94,Newark Liberty International Airport,EWR,Newark,United States,Ben Gurion International Airport,TLV,Tel Aviv,Israel,4935,10.68,2026-11-02,02:18 PM
American Airlines,Boeing 777-223(ER),B772,AA1528,Miami International Airport,MIA,Miami,United States,Charlotte/Douglas International Airport,CLT,Charlotte,United States,567,1.42,2026-11-02,03:12 PM
United Airlines,Boeing 737 MAX 8,B38M,UA2336,Washington Dulles International Airport,IAD,Washington,United States,Nashville International Airport,BNA,Nashville,United States,468,1.21,2026-11-02,03:19 PM
American Airlines,Boeing 737-823,B738,AA2581,General Mitchell International Airport,MKE,Milwaukee,United States,Dallas-Fort Worth International Airport,DFW,Dallas-Fort Worth,United States,742,1.79,2026-11-02,08:21 PM
United Airlines,Airbus A319-131,A319,UA1449,Austin-Bergstrom International Airport,AUS,Austin,United States,Newark Liberty International Airport,EWR,Newark,United States,1305,2.99,2026-11-02,08:32 PM
United Airlines,Boeing 737 MAX 8,B38M,UA1917,Denver International Airport,DEN,Denver,United States,Daniel Oduber Quiros International Airport,LIR,Liberia,Costa Rica,2031,4.52,2026-11-02,08:52 PM
United Airlines,Boeing 737 MAX 9,B39M,UA2357,Palm Beach International Airport,PBI,West Palm Beach,United States,Washington Dulles International Airport,IAD,Washington,United States,745,1.8,2026-01-02,08:57 PM
American Airlines,Boeing 777-223(ER),B772,AA5,Dallas-Fort Worth International Airport,DFW,Dallas-Fort Worth,United States,Daniel K Inouye International Airport,HNL,Honolulu,United States,3283,7.18,2026-11-02,09:13 PM
American Airlines,Boeing 787-8 Dreamliner,B788,AA693,Phoenix Sky Harbor International Airport,PHX,Phoenix,United States,Daniel K Inouye International Airport,HNL,Honolulu,United States,2532,5.59,2026-11-02,09:19 PM
American Airlines,Airbus A319-112,A319,AA1837,Philadelphia International Airport,PHL,Philadelphia,United States,Louis Armstrong New Orleans International Airport,MSY,New Orleans,United States,945,2.22,2026-11-02,09:23 PM
American Airlines,Boeing 737-823,B738,AA2062,Miami International Airport,MIA,Miami,United States,General Edward Lawrence Logan International Airport,BOS,Boston,United States,1095,2.54,2026-11-02,09:29 PM
United Airlines,Boeing 737 MAX 8,B38M,UA1707,Princess Juliana International Airport,SXM,Saint Martin,Netherlands,Chicago O'Hare International Airport,ORD,Chicago,United States,1916,4.28,2026-11-02,09:32 PM
American Airlines,Boeing 737 MAX 8,B38M,AA2883,Charlotte/Douglas International Airport,CLT,Charlotte,United States,Indianapolis International Airport,IND,Indianapolis,United States,371,1.01,2026-11-02,10:10 PM
American Airlines,Airbus A319-115,A319,AA3092,Cyril E King Airport,STT,Charlotte Amalie,Virgin Islands Us,John F Kennedy International Airport,JFK,New York,United States,1414,3.22,2026-11-02,10:16 PM
American Airlines,Boeing 737-823,B738,AA793,Los Angeles International Airport,LAX,Los Angeles,United States,Chicago O'Hare International Airport,ORD,Chicago,United States,1513,3.43,2026-11-02,10:48 PM
United Airlines,Boeing 767-322(ER),B763,UA3899,Galeao - Antonio Carlos Jobim International Airport,GIG,Rio De Janeiro,Brazil,Chicago O'Hare International Airport,ORD,Chicago,United States,4612,10,2026-11-02,10:51 PM
American Airlines,Boeing 737-823,B738,AA1254,Ronald Reagan Washington Ntl Airport,DCA,Washington,United States,Miami International Airport,MIA,Miami,United States,801,1.92,2026-11-02,10:52 PM
American Airlines,Boeing 737-823,B738,AA2966,Phoenix Sky Harbor International Airport,PHX,Phoenix,United States,Los Angeles International Airport,LAX,Los Angeles,United States,321,0.9,2026-11-02,11:02 PM
American Airlines,Boeing 737-823,B738,AA1640,Laguardia Airport,LGA,New York,United States,Tampa International Airport,TPA,Tampa,United States,879,2.08,2026-11-02,11:06 PM
Spirit Airlines,Airbus A320-232,A320,NK1711,Harry Reid International Airport,LAS,Las Vegas,United States,Louis Armstrong New Orleans International Airport,MSY,New Orleans,United States,1301,2.98,2026-11-02,11:27 PM
United Airlines,Boeing 737 MAX 8,B38M,UA2061,Denver International Airport,DEN,Denver,United States,Dallas-Fort Worth International Airport,DFW,Dallas-Fort Worth,United States,557,1.4,2026-11-02,11:29 PM
American Airlines,Airbus A319-112,A319,AA1537,Ronald Reagan Washington Ntl Airport,DCA,Washington,United States,Charlotte/Douglas International Airport,CLT,Charlotte,United States,288,0.83,2026-11-02,11:32 PM
American Airlines,Airbus A319-112,A319,AA760,Myrtle Beach International Airport,MYR,Myrtle Beach,United States,Dallas-Fort Worth International Airport,DFW,Dallas-Fort Worth,United States,909,2.15,2026-11-02,11:33 PM
American Airlines,Airbus A321-211,A321,AA1109,Orlando International Airport,MCO,Orlando,United States,Chicago O'Hare International Airport,ORD,Chicago,United States,875,2.07,2026-01-02,11:36 PM
United Airlines,Boeing 737-7V3,B737,UA8189,Newark Liberty International Airport,EWR,Newark,United States,Newark Liberty International Airport,EWR,Newark,United States,0,0.22,2026-11-02,11:37 PM
Spirit Airlines,Airbus A320-271N,A20N,NK2207,Atlantic City International Airport,ACY,Atlantic City,United States,Southwest Florida International Airport,RSW,Fort Myers,United States,858,2.04,2026-11-02,11:37 PM
Spirit Airlines,Airbus A320-232,A320,NK1478,Orlando International Airport,MCO,Orlando,United States,George Bush Intcntl/Houston Airport,IAH,Houston,United States,741,1.79,2026-11-02,11:48 PM
American Airlines,Boeing 737-823,B738,AA1339,Miami International Airport,MIA,Miami,United States,Philadelphia International Airport,PHL,Philadelphia,United States,882,2.09,2026-11-02,11:53 PM
Spirit Airlines,Airbus A320-271N,A20N,NK1823,Orlando International Airport,MCO,Orlando,United States,Fort Lauderdale/Hollywood International Airport,FLL,Fort Lauderdale,United States,154,0.55,2026-11-03,12:03 AM
American Airlines,Boeing 737-823,B738,AA1322,Dallas-Fort Worth International Airport,DFW,Dallas-Fort Worth,United States,Denver International Airport,DEN,Denver,United States,557,1.4,2026-11-03,12:05 AM
American Airlines,Boeing 737-823,B738,AA3326,Palm Beach International Airport,PBI,West Palm Beach,United States,Laguardia Airport,LGA,New York,United States,901,2.13,2026-11-03,12:08 AM
United Airlines,Boeing 737-724,B737,UA1646,George Bush Intcntl/Houston Airport,IAH,Houston,United States,Eppley Airfield,OMA,Omaha,United States,680,1.66,2026-11-03,12:27 AM
American Airlines,Boeing 737-823,B738,AA1084,Laguardia Airport,LGA,New York,United States,Charlotte/Douglas International Airport,CLT,Charlotte,United States,473,1.22,2026-11-03,12:29 AM
American Airlines,Boeing 737-823,B738,AA819,Dallas-Fort Worth International Airport,DFW,Dallas-Fort Worth,United States,Ronald Reagan Washington Ntl Airport,DCA,Washington,United States,1034,2.41,2026-11-03,12:43 AM
United Airlines,Boeing 737-824,B738,UA705,Licenciado Gustavo Diaz Ordaz International Airport,PVR,Puerto Vallarta,Mexico,San Francisco International Airport,SFO,San Francisco,United States,1352,3.09,2026-11-03,12:51 AM
United Airlines,Boeing 737-824,B738,UA2445,Pittsburgh International Airport,PIT,Pittsburgh,United States,George Bush Intcntl/Houston Airport,IAH,Houston,United States,971,2.28,2026-11-03,12:57 AM
American Airlines,Boeing 737-823,B738,AA1063,Palm Beach International Airport,PBI,West Palm Beach,United States,Dallas-Fort Worth International Airport,DFW,Dallas-Fort Worth,United States,957,2.25,2026-11-03,12:58 AM
United Airlines,Boeing 737 MAX 8,B38M,UA2490,San Francisco International Airport,SFO,San Francisco,United States,Bob Hope Airport,BUR,Burbank,United States,283,0.82,2026-11-03,01:08 AM
United Airlines,Boeing 737 MAX 8,B38M,UA202,Fort Lauderdale/Hollywood International Airport,FLL,Fort Lauderdale,United States,George Bush Intcntl/Houston Airport,IAH,Houston,United States,838,2,2026-11-03,01:09 AM
Spirit Airlines,Airbus A320-271N,A20N,NK2972,Newark Liberty International Airport,EWR,Newark,United States,Austin-Bergstrom International Airport,AUS,Austin,United States,1305,2.99,2026-05-03,01:15 AM
United Airlines,Boeing 737-824,B738,UA1260,Denver International Airport,DEN,Denver,United States,Southwest Florida International Airport,RSW,Fort Myers,United States,1395,3.18,2026-11-03,01:32 AM
American Airlines,Boeing 737-823,B738,AA2292,Dallas-Fort Worth International Airport,DFW,Dallas-Fort Worth,United States,John F Kennedy International Airport,JFK,New York,United States,1207,2.78,2026-11-03,01:36 AM
United Airlines,Boeing 737 MAX 8,B38M,UA530,Hartsfield - Jackson Atlanta International Airport,ATL,Atlanta,United States,San Francisco International Airport,SFO,San Francisco,United States,1855,4.15,2026-11-03,01:43 AM
American Airlines,Boeing 737-823,B738,AA475,John F Kennedy International Airport,JFK,New York,United States,Miami International Airport,MIA,Miami,United States,949,2.23,2026-11-03,01:55 AM
American Airlines,Airbus A321-231,A321,AA1864,Philadelphia International Airport,PHL,Philadelphia,United States,Fort Lauderdale/Hollywood International Airport,FLL,Fort Lauderdale,United States,864,2.05,2026-11-03,02:06 AM
United Airlines,Boeing 757-224,B752,UA36,Newark Liberty International Airport,EWR,Newark,United States,Edinburgh Airport,EDI,Edinburgh,United Kingdom,2832,6.22,2026-11-03,02:18 AM
American Airlines,Boeing 737 MAX 8,B38M,AA1833,Miami International Airport,MIA,Miami,United States,Cheddi Jagan International Airport,GEO,Georgetown,Guyana,1714,3.85,2026-11-03,02:27 AM
American Airlines,Boeing 737 MAX 8,B38M,AA2472,Miami International Airport,MIA,Miami,United States,Piarco International Airport,POS,Port of Spain,Trinidad And Tobago,1411,3.21,2026-11-03,02:52 AM
American Airlines,Boeing 737-823,B738,AA1369,Miami International Airport,MIA,Miami,United States,Augusto C. Sandino (Managua) International Airport,MGA,Managua,Nicaragua,885,2.1,2026-04-03,03:16 AM
United Airlines,Boeing 787-10 Dreamliner,B78X,UA8141,Newark Liberty International Airport,EWR,Newark,United States,Newark Liberty International Airport,EWR,Newark,United States,0,0.22,2026-11-03,05:16 AM
American Airlines,Boeing 737 MAX 8,B38M,AA3094,Phoenix Sky Harbor International Airport,PHX,Phoenix,United States,Licenciado Benito Juarez International Airport,MEX,Mexico City,Mexico,1089,2.53,2026-11-03,05:34 AM
United Airlines,Boeing 737-7V3,B737,UA264,Austin-Bergstrom International Airport,AUS,Austin,United States,Newark Liberty International Airport,EWR,Newark,United States,1305,2.99,2026-11-03,06:05 AM
United Airlines,Boeing 737-924(ER),B739,UA2605,Chicago O'Hare International Airport,ORD,Chicago,United States,Newark Liberty International Airport,EWR,Newark,United States,624,1.54,2026-11-03,06:08 AM
United Airlines,Boeing 737-724,B737,UA8282,Chicago O'Hare International Airport,ORD,Chicago,United States,Chicago O'Hare International Airport,ORD,Chicago,United States,0,0.22,2026-11-03,06:16 AM
American Airlines,Boeing 737 MAX 8,B38M,AA868,Dallas-Fort Worth International Airport,DFW,Dallas-Fort Worth,United States,Chicago O'Hare International Airport,ORD,Chicago,United States,697,1.7,2026-11-03,06:25 AM
United Airlines,Boeing 737-724,B737,UA271,Palm Beach International Airport,PBI,West Palm Beach,United States,Newark Liberty International Airport,EWR,Newark,United States,891,2.11,2026-11-03,06:33 AM
American Airlines,Boeing 787-8 Dreamliner,B788,AA240,Dallas-Fort Worth International Airport,DFW,Dallas-Fort Worth,United States,Leonardo Da Vinci (Fiumicino) International Airport,FCO,Rome,Italy,4867,10.54,2026-11-03,06:56 AM
American Airlines,Boeing 787-9 Dreamliner,B789,AA90,Chicago O'Hare International Airport,ORD,Chicago,United States,London Heathrow Airport,LHR,London,United Kingdom,3426,7.48,2026-11-03,07:34 AM
American Airlines,Boeing 787-8 Dreamliner,B788,AA963,Dallas-Fort Worth International Airport,DFW,Dallas-Fort Worth,United States,Guarulhos - Governador Andre Franco Montoro International Airport,GRU,Sao Paulo,Brazil,4451,9.66,2026-04-03,08:05 AM
American Airlines,Airbus A321-231,A321,AA1005,Dallas-Fort Worth International Airport,DFW,Dallas-Fort Worth,United States,San Francisco International Airport,SFO,San Francisco,United States,1270,2.91,2026-11-03,09:46 AM
United Airlines,Boeing 767-322(ER),B763,UA261,Madrid Barajas International Airport,MAD,Madrid,Spain,Washington Dulles International Airport,IAD,Washington,United States,3311,7.24,2026-11-03,10:11 AM
United Airlines,Boeing 787-9 Dreamliner,B789,UA152,Chek Lap Kok International Airport,HKG,Hong Kong,Hong Kong,Tan Son Nhat International Airport,SGN,Ho Chi Minh City,Vietnam,806,1.93,2026-11-03,02:51 PM
China United Airlines,Boeing 737-89P,B738,KN2917,Shanghai Pudong International Airport,PVG,Shanghai,China,Huizhou Airport,HUZ,Huizhou,China,620,1.53,2026-03-03,03:15 PM
United Airlines,Boeing 767-322(ER),B763,UA3916,Chek Lap Kok International Airport,HKG,Hong Kong,Hong Kong,Daniel K Inouye International Airport,HNL,Honolulu,United States,4831,10.46,2026-04-04,07:27 PM
United Airlines,Boeing 737-824,B738,UA133,Amata Kabua International Airport,MAJ,Majuro Atoll,Marshall Islands,Guam International Airport,GUM,Guam,Guam,1610,3.63,2026-11-05,11:48 AM
United Airlines,Boeing 737-724,B737,UA1956,George Bush Intcntl/Houston Airport,IAH,Houston,United States,Baltimore/Washington International Thurgood Marshall Airport,BWI,Baltimore,United States,1072,2.49,2026-11-06,01:47 AM
American Airlines,Boeing 737 MAX 8,B38M,AA2504,General Edward Lawrence Logan International Airport,BOS,Boston,United States,Chicago O'Hare International Airport,ORD,Chicago,United States,751,1.81,2026-11-06,01:59 AM
United Airlines,Boeing 737 MAX 9,B39M,UA2424,Chicago O'Hare International Airport,ORD,Chicago,United States,Raleigh-Durham International Airport,RDU,Raleigh/Durham,United States,561,1.41,2026-11-06,02:00 AM
American Airlines,Airbus A321-231,A321,AA238,Los Angeles International Airport,LAX,Los Angeles,United States,John F Kennedy International Airport,JFK,New York,United States,2146,4.77,2026-11-06,02:15 AM
American Airlines,Boeing 737 MAX 8,B38M,AA1164,Phoenix Sky Harbor International Airport,PHX,Phoenix,United States,Chicago O'Hare International Airport,ORD,Chicago,United States,1249,2.87,2026-08-06,02:23 AM
American Airlines,Airbus A321-253N,A21N,AA2950,Dallas-Fort Worth International Airport,DFW,Dallas-Fort Worth,United States,Tampa International Airport,TPA,Tampa,United States,806,1.93,2026-11-06,02:51 AM
American Airlines,Boeing 737-823,B738,AA1635,Charlotte/Douglas International Airport,CLT,Charlotte,United States,Minneapolis-St Paul International/Wold-Chamberlain Airport,MSP,Minneapolis,United States,808,1.93,2026-08-06,02:52 AM
American Airlines,Boeing 737-823,B738,AA2227,Miami International Airport,MIA,Miami,United States,General Edward Lawrence Logan International Airport,BOS,Boston,United States,1095,2.54,2026-11-06,02:54 AM
American Airlines,Boeing 787-8 Dreamliner,B788,AA44,John F Kennedy International Airport,JFK,New York,United States,Charles de Gaulle International Airport,CDG,Paris,France,3150,6.9,2026-11-06,03:02 AM
American Airlines,Boeing 737-823,B738,AA3246,Harry Reid International Airport,LAS,Las Vegas,United States,Chicago O'Hare International Airport,ORD,Chicago,United States,1313,3,2026-11-06,03:07 AM
Spirit Airlines,Airbus A320-232,A320,NK2507,Harry Reid International Airport,LAS,Las Vegas,United States,Kansas City International Airport,MCI,Kansas City,United States,988,2.31,2026-07-06,03:09 AM
United Airlines,Boeing 737 MAX 9,B39M,UA2237,George Bush Intcntl/Houston Airport,IAH,Houston,United States,Washington Dulles International Airport,IAD,Washington,United States,1030,2.4,2026-11-06,03:13 AM
American Airlines,Boeing 737 MAX 8,B38M,AA353,Chicago O'Hare International Airport,ORD,Chicago,United States,Juan Santamaria International Airport,SJO,San Jose,Costa Rica,1930,4.31,2026-11-06,03:21 AM
American Airlines,Boeing 737-823,B738,AA1690,Miami International Airport,MIA,Miami,United States,Minneapolis-St Paul International/Wold-Chamberlain Airport,MSP,Minneapolis,United States,1306,2.99,2026-11-06,03:48 AM
United Airlines,Boeing 757-224,B752,UA1939,Los Angeles International Airport,LAX,Los Angeles,United States,Newark Liberty International Airport,EWR,Newark,United States,2128,4.73,2026-11-06,04:06 AM
United Airlines,Boeing 767-322(ER),B763,UA52,Washington Dulles International Airport,IAD,Washington,United States,Zurich Airport,ZRH,Zurich,Switzerland,3607,7.87,2026-11-06,04:19 AM
American Airlines,Boeing 737-823,B738,AA3333,Miami International Airport,MIA,Miami,United States,Salt Lake City International Airport,SLC,Salt Lake City,United States,1813,4.06,2026-11-06,04:22 AM
United Airlines,Boeing 737 MAX 8,B38M,UA278,Newark Liberty International Airport,EWR,Newark,United States,General Edward Lawrence Logan International Airport,BOS,Boston,United States,174,0.59,2026-11-06,05:00 AM
Spirit Airlines,Airbus A320-232,A320,NK272,San Antonio International Airport,SAT,San Antonio,United States,Fort Lauderdale/Hollywood International Airport,FLL,Fort Lauderdale,United States,994,2.33,2026-11-06,05:27 AM
Spirit Airlines,Airbus A320-232,A320,NK1710,Memphis International Airport,MEM,Memphis,United States,Harry Reid International Airport,LAS,Las Vegas,United States,1228,2.82,2026-11-06,05:30 AM
American Airlines,Boeing 777-223(ER),B772,AA274,Los Angeles International Airport,LAX,Los Angeles,United States,John F Kennedy International Airport,JFK,New York,United States,2146,4.77,2026-11-06,05:40 AM
United Airlines,Boeing 737-724,B737,UA555,Newark Liberty International Airport,EWR,Newark,United States,Portland International Jetport Airport,PWM,Portland,United States,247,0.74,2026-11-06,05:45 AM
United Airlines,Boeing 787-9 Dreamliner,B789,UA2397,Los Angeles International Airport,LAX,Los Angeles,United States,Newark Liberty International Airport,EWR,Newark,United States,2128,4.73,2026-11-06,06:27 AM
American Airlines,Boeing 787-9 Dreamliner,B789,AA20,Dallas-Fort Worth International Airport,DFW,Dallas-Fort Worth,United States,London Heathrow Airport,LHR,London,United Kingdom,4118,8.95,2026-11-06,06:34 AM
Spirit Airlines,Airbus A321-271NX,A21N,NK535,Newark Liberty International Airport,EWR,Newark,United States,Los Angeles International Airport,LAX,Los Angeles,United States,2128,4.73,2026-11-06,07:17 AM
American Airlines,Boeing 737-823,B738,AA2344,Ronald Reagan Washington Ntl Airport,DCA,Washington,United States,Miami International Airport,MIA,Miami,United States,801,1.92,2026-11-06,11:06 AM
American Airlines,Airbus A321-231,A321,AA1834,Orlando International Airport,MCO,Orlando,United States,Dallas-Fort Worth International Airport,DFW,Dallas-Fort Worth,United States,854,2.03,2026-11-06,11:14 AM
United Airlines,Boeing 777-222(ER),B772,UA930,San Francisco International Airport,SFO,San Francisco,United States,London Heathrow Airport,LHR,London,United Kingdom,4652,10.08,2026-11-06,11:14 AM
American Airlines,Boeing 737-823,B738,AA1501,Luis Munoz Marin International Airport,SJU,San Juan,Puerto Rico,Miami International Airport,MIA,Miami,United States,908,2.14,2026-11-06,11:17 AM
United Airlines,Boeing 737 MAX 8,B38M,UA8220,San Francisco International Airport,SFO,San Francisco,United States,Hartsfield - Jackson Atlanta International Airport,ATL,Atlanta,United States,1855,4.15,2026-11-06,11:18 AM
United Airlines,Boeing 787-10 Dreamliner,B78X,UA2303,Los Angeles International Airport,LAX,Los Angeles,United States,Newark Liberty International Airport,EWR,Newark,United States,2128,4.73,2026-11-06,11:43 AM
United Airlines,Boeing 787-8 Dreamliner,B788,UA72,Washington Dulles International Airport,IAD,Washington,United States,Ben Gurion International Airport,TLV,Tel Aviv,Israel,5123,11.08,2026-11-06,01:05 PM
American Airlines,Boeing 737-823,B738,AA3209,Miami International Airport,MIA,Miami,United States,Punta Cana International Airport,PUJ,Punta Cana,Dominican Republic,792,1.9,2026-11-06,02:25 PM
American Airlines,Boeing 737-823,B738,AA2865,Chicago O'Hare International Airport,ORD,Chicago,United States,Luis Munoz Marin International Airport,SJU,San Juan,Puerto Rico,1802,4.04,2026-11-06,02:39 PM
United Airlines,Boeing 737 MAX 8,B38M,UA1317,Newark Liberty International Airport,EWR,Newark,United States,Palm Beach International Airport,PBI,West Palm Beach,United States,891,2.11,2026-11-06,02:56 PM
Spirit Airlines,Airbus A320-271N,A20N,NK2451,Tampa International Airport,TPA,Tampa,United States,Harry Reid International Airport,LAS,Las Vegas,United States,1721,3.87,2026-11-06,04:00 PM
American Airlines,Boeing 787-8 Dreamliner,B788,AA9606,Charles de Gaulle International Airport,CDG,Paris,France,John F Kennedy International Airport,JFK,New York,United States,3150,6.9,2026-11-06,04:24 PM
American Airlines,Airbus A321-253NX,A21N,AA2491,Phoenix Sky Harbor International Airport,PHX,Phoenix,United States,Ronald Reagan Washington Ntl Airport,DCA,Washington,United States,1716,3.86,2026-11-06,04:36 PM
American Airlines,Boeing 737 MAX 8,B38M,AA2703,Miami International Airport,MIA,Miami,United States,Piarco International Airport,POS,Port of Spain,Trinidad And Tobago,1411,3.21,2026-11-06,04:56 PM
American Airlines,Boeing 737-823,B738,AA794,Chicago O'Hare International Airport,ORD,Chicago,United States,Miami International Airport,MIA,Miami,United States,1042,2.43,2026-11-06,05:01 PM
American Airlines,Boeing 777-223(ER),B772,AA173,London Heathrow Airport,LHR,London,United Kingdom,Raleigh-Durham International Airport,RDU,Raleigh/Durham,United States,3356,7.33,2026-11-06,05:19 PM
United Airlines,Boeing 777-222,B772,UA1158,Los Angeles International Airport,LAX,Los Angeles,United States,Daniel K Inouye International Airport,HNL,Honolulu,United States,2218,4.92,2026-11-06,05:34 PM
United Airlines,Boeing 737 MAX 8,B38M,UA1764,Miami International Airport,MIA,Miami,United States,George Bush Intcntl/Houston Airport,IAH,Houston,United States,837,1.99,2026-05-06,05:36 PM
American Airlines,Boeing 737-823,B738,AA2809,Des Moines International Airport,DSM,Des Moines,United States,Dallas-Fort Worth International Airport,DFW,Dallas-Fort Worth,United States,540,1.36,2026-11-06,05:40 PM
Spirit Airlines,Airbus A320-232,A320,NK122,Newark Liberty International Airport,EWR,Newark,United States,Raleigh-Durham International Airport,RDU,Raleigh/Durham,United States,362,0.99,2026-02-06,05:52 PM
United Airlines,Boeing 757-224,B752,UA1536,Denver International Airport,DEN,Denver,United States,Newark Liberty International Airport,EWR,Newark,United States,1391,3.17,2026-11-06,05:54 PM
American Airlines,Airbus A321-253NX,A21N,AA1218,Ronald Reagan Washington Ntl Airport,DCA,Washington,United States,Phoenix Sky Harbor International Airport,PHX,Phoenix,United States,1716,3.86,2026-11-06,06:15 PM
American Airlines,Boeing 737-823,B738,AA2892,Jacksonville International Airport,JAX,Jacksonville,United States,Dallas-Fort Worth International Airport,DFW,Dallas-Fort Worth,United States,797,1.91,2026-05-06,06:22 PM
United Airlines,Boeing 737 MAX 8,B38M,UA1238,Savannah/Hilton Head International Airport,SAV,Savannah,United States,Newark Liberty International Airport,EWR,Newark,United States,616,1.52,2026-11-06,06:24 PM
United Airlines,Boeing 787-9 Dreamliner,B789,UA761,Munich International Airport,MUC,Munich,Germany,Denver International Airport,DEN,Denver,United States,4528,9.82,2026-11-06,06:46 PM
American Airlines,Boeing 737 MAX 8,B38M,AA348,El Salvador International Airport,SAL,Santa Clara,El Salvador,Miami International Airport,MIA,Miami,United States,891,2.11,2026-11-06,10:11 PM
American Airlines,Airbus A321-231,A321,AA1460,Punta Cana International Airport,PUJ,Punta Cana,Dominican Republic,Charlotte/Douglas International Airport,CLT,Charlotte,United States,1203,2.77,2026-11-06,10:15 PM
American Airlines,Boeing 737-823,B738,AA9783,Sir Grantley Adams International Airport,BGI,Bridgetown,Barbados,Miami International Airport,MIA,Miami,United States,1400,3.19,2026-11-06,10:17 PM
American Airlines,Boeing 737 MAX 8,B38M,AA330,Hato International Airport,CUR,Willemstad,Curacao,Miami International Airport,MIA,Miami,United States,1038,2.42,2026-11-06,10:18 PM
American Airlines,Boeing 737-823,B738,AA594,Daniel Oduber Quiros International Airport,LIR,Liberia,Costa Rica,Dallas-Fort Worth International Airport,DFW,Dallas-Fort Worth,United States,1482,3.36,2026-11-06,10:26 PM
United Airlines,Boeing 737-824,B738,UA1601,Felipe Carrillo Puerto International Airport,TQO,Tulum,Mexico,George Bush Intcntl/Houston Airport,IAH,Houston,United States,722,1.75,2026-08-06,10:41 PM
American Airlines,Airbus A321-231,A321,AA2150,Luis Munoz Marin International Airport,SJU,San Juan,Puerto Rico,Charlotte/Douglas International Airport,CLT,Charlotte,United States,1283,2.94,2026-11-06,10:42 PM
Spirit Airlines,Airbus A321-271NX,A21N,NK1418,La Aurora Airport,GUA,Guatemala City,Guatemala,Orlando International Airport,MCO,Orlando,United States,977,2.29,2026-11-06,11:01 PM
American Airlines,Airbus A321-253NX,A21N,AA271,Los Angeles International Airport,LAX,Los Angeles,United States,Kahului Airport,OGG,Kahului,United States,2157,4.79,2026-11-06,11:02 PM
American Airlines,Boeing 737-823,B738,AA2201,Princess Juliana International Airport,SXM,Saint Martin,Netherlands,Miami International Airport,MIA,Miami,United States,1063,2.47,2026-01-06,11:13 PM
American Airlines,Boeing 737-823,B738,AA2060,Daniel Oduber Quiros International Airport,LIR,Liberia,Costa Rica,Miami International Airport,MIA,Miami,United States,960,2.25,2026-11-06,11:17 PM
American Airlines,Airbus A319-112,A319,AA2586,Casa De Campo International Airport,LRM,La Romana,Dominican Republic,Miami International Airport,MIA,Miami,United States,771,1.85,2026-11-06,11:43 PM
American Airlines,Boeing 737-823,B738,AA3274,Punta Cana International Airport,PUJ,Punta Cana,Dominican Republic,Miami International Airport,MIA,Miami,United States,792,1.9,2026-11-06,11:46 PM
United Airlines,Airbus A320-232,A320,UA1931,Los Cabos International Airport,SJD,San Jose del Cabo,Mexico,San Francisco International Airport,SFO,San Francisco,United States,1086,2.52,2026-11-06,11:58 PM
American Airlines,Airbus A321-231,A321,AA2959,Hewanorra International Airport,UVF,Vieux Fort,Saint Lucia,Miami International Airport,MIA,Miami,United States,1308,2.99,2026-11-07,12:36 AM
United Airlines,Boeing 737 MAX 8,B38M,UA497,George Bush Intcntl/Houston Airport,IAH,Houston,United States,Fort Lauderdale/Hollywood International Airport,FLL,Fort Lauderdale,United States,838,2,2026-11-07,12:40 AM
United Airlines,Boeing 737 MAX 8,B38M,UA2372,Ellison Onizuka Kona International At Keahole Airport,KOA,Kailua/Kona,United States,Los Angeles International Airport,LAX,Los Angeles,United States,2173,4.83,2026-03-07,12:47 AM
American Airlines,Boeing 737-823,B738,AA778,Punta Cana International Airport,PUJ,Punta Cana,Dominican Republic,Philadelphia International Airport,PHL,Philadelphia,United States,1328,3.03,2026-11-07,12:49 AM
American Airlines,Airbus A319-115,A319,AA2482,Miami International Airport,MIA,Miami,United States,Tampa International Airport,TPA,Tampa,United States,178,0.6,2026-11-07,01:03 AM
American Airlines,Boeing 737-823,B738,AA2122,Punta Cana International Airport,PUJ,Punta Cana,Dominican Republic,Dallas-Fort Worth International Airport,DFW,Dallas-Fort Worth,United States,1765,3.96,2026-11-07,01:05 AM
American Airlines,Airbus A321-231,A321,AA3084,Robert L. Bradshaw International Airport,SKB,Basseterre,Saint Kitts And Nevis,Miami International Airport,MIA,Miami,United States,1104,2.56,2026-11-07,01:08 AM
American Airlines,Airbus A321-231,A321,AA1171,Miami International Airport,MIA,Miami,United States,Laguardia Airport,LGA,New York,United States,955,2.24,2026-11-07,01:18 AM
United Airlines,Boeing 737 MAX 8,B38M,UA1726,Kahului Airport,OGG,Kahului,United States,San Francisco International Airport,SFO,San Francisco,United States,2030,4.52,2026-11-07,01:28 AM
American Airlines,Boeing 737 MAX 8,B38M,AA1684,Miami International Airport,MIA,Miami,United States,San Francisco International Airport,SFO,San Francisco,United States,2243,4.97,2026-04-07,01:39 AM
American Airlines,Boeing 737-823,B738,AA3259,Miami International Airport,MIA,Miami,United States,Dallas-Fort Worth International Airport,DFW,Dallas-Fort Worth,United States,973,2.28,2026-11-07,01:52 AM
American Airlines,Airbus A321-231,A321,AA1980,Miami International Airport,MIA,Miami,United States,Philadelphia International Airport,PHL,Philadelphia,United States,882,2.09,2026-11-07,01:52 AM
American Airlines,Airbus A321-231,A321,AA681,Cancun International Airport,CUN,Cancun,Mexico,Dallas-Fort Worth International Airport,DFW,Dallas-Fort Worth,United States,895,2.12,2026-11-07,02:07 AM
American Airlines,Boeing 737 MAX 8,B38M,AA1248,Miami International Airport,MIA,Miami,United States,Cleveland-Hopkins International Airport,CLE,Cleveland,United States,941,2.21,2026-11-07,02:19 AM
American Airlines,Boeing 737-823,B738,AA1268,Miami International Airport,MIA,Miami,United States,Detroit Metro Wayne County Airport,DTW,Detroit,United States,997,2.33,2026-11-07,02:33 AM
American Airlines,Boeing 737-823,B738,AA2744,Miami International Airport,MIA,Miami,United States,Pittsburgh International Airport,PIT,Pittsburgh,United States,882,2.09,2026-11-07,02:42 AM
American Airlines,Boeing 737 MAX 8,B38M,AA2231,Miami International Airport,MIA,Miami,United States,Phoenix Sky Harbor International Airport,PHX,Phoenix,United States,1711,3.85,2026-11-07,02:47 AM
United Airlines,Boeing 737-824,B738,UA1976,George Bush Intcntl/Houston Airport,IAH,Houston,United States,Pensacola International Airport,PNS,Pensacola,United States,424,1.12,2026-11-07,02:57 AM
United Airlines,Boeing 737 MAX 9,B39M,UA8150,Newark Liberty International Airport,EWR,Newark,United States,Washington Dulles International Airport,IAD,Washington,United States,188,0.62,2026-11-07,03:38 AM
American Airlines,Boeing 737-823,B738,AA1147,Miami International Airport,MIA,Miami,United States,Indianapolis International Airport,IND,Indianapolis,United States,889,2.1,2026-11-07,03:50 AM
Spirit Airlines,Airbus A321-231,A321,NK850,Fort Lauderdale/Hollywood International Airport,FLL,Fort Lauderdale,United States,General Edward Lawrence Logan International Airport,BOS,Boston,United States,1077,2.5,2026-11-07,04:02 AM
Spirit Airlines,Airbus A320-232,A320,NK777,Fort Lauderdale/Hollywood International Airport,FLL,Fort Lauderdale,United States,Harry Reid International Airport,LAS,Las Vegas,United States,1886,4.22,2026-11-07,04:16 AM
United Airlines,Boeing 757-224,B752,UA301,Los Angeles International Airport,LAX,Los Angeles,United States,Newark Liberty International Airport,EWR,Newark,United States,2128,4.73,2026-08-07,08:36 AM
American Airlines,Airbus A321-231,A321,AA2647,Dallas-Fort Worth International Airport,DFW,Dallas-Fort Worth,United States,Seattle-Tacoma International Airport,SEA,Seattle,United States,1441,3.27,2026-11-07,09:25 AM
United Airlines,Boeing 737-924(ER),B739,UA3908,Los Angeles International Airport,LAX,Los Angeles,United States,Washington Dulles International Airport,IAD,Washington,United States,1982,4.42,2026-11-07,09:53 AM
United Airlines,Boeing 777-222,B772,UA440,Los Angeles International Airport,LAX,Los Angeles,United States,Chicago O'Hare International Airport,ORD,Chicago,United States,1513,3.43,2026-11-07,10:01 AM
American Airlines,Boeing 777-223(ER),B772,AA56,Miami International Airport,MIA,Miami,United States,London Heathrow Airport,LHR,London,United Kingdom,3838,8.36,2026-08-07,10:09 AM
American Airlines,Boeing 787-8 Dreamliner,B788,AA74,Daniel K Inouye International Airport,HNL,Honolulu,United States,Chicago O'Hare International Airport,ORD,Chicago,United States,3682,8.02,2026-11-07,11:39 AM
Spirit Airlines,Airbus A320-271N,A20N,NK2461,Baltimore/Washington International Thurgood Marshall Airport,BWI,Baltimore,United States,Harry Reid International Airport,LAS,Las Vegas,United States,1826,4.09,2026-11-07,11:49 AM
Spirit Airlines,Airbus A320-232,A320,NK480,Los Angeles International Airport,LAX,Los Angeles,United States,George Bush Intcntl/Houston Airport,IAH,Houston,United States,1196,2.75,2026-11-07,12:43 PM
Spirit Airlines,Airbus A320-271N,A20N,NK140,Detroit Metro Wayne County Airport,DTW,Detroit,United States,Fort Lauderdale/Hollywood International Airport,FLL,Fort Lauderdale,United States,982,2.3,2026-08-07,01:34 PM
American Airlines,Boeing 777-223(ER),B772,AA3169,Miami International Airport,MIA,Miami,United States,Los Angeles International Airport,LAX,Los Angeles,United States,2032,4.53,2026-11-07,02:30 PM
American Airlines,Boeing 737 MAX 8,B38M,AA3155,Miami International Airport,MIA,Miami,United States,Chicago O'Hare International Airport,ORD,Chicago,United States,1042,2.43,2026-05-07,02:42 PM
American Airlines,Boeing 737-823,B738,AA2283,Hartsfield - Jackson Atlanta International Airport,ATL,Atlanta,United States,Miami International Airport,MIA,Miami,United States,518,1.32,2026-11-07,03:03 PM
American Airlines,Boeing 737-823,B738,AA309,Punta Cana International Airport,PUJ,Punta Cana,Dominican Republic,Chicago O'Hare International Airport,ORD,Chicago,United States,1724,3.87,2026-11-07,08:13 PM
American Airlines,Boeing 777-223(ER),B772,AA39,London Heathrow Airport,LHR,London,United Kingdom,Miami International Airport,MIA,Miami,United States,3838,8.36,2026-11-07,08:16 PM
American Airlines,Airbus A319-112,A319,AA3179,Chicago O'Hare International Airport,ORD,Chicago,United States,Laguardia Airport,LGA,New York,United States,636,1.57,2026-11-07,08:24 PM
American Airlines,Airbus A319-112,A319,AA1520,George Bush Intcntl/Houston Airport,IAH,Houston,United States,Philadelphia International Airport,PHL,Philadelphia,United States,1150,2.66,2026-11-07,08:30 PM
American Airlines,Boeing 737 MAX 8,B38M,AA1873,Fort Lauderdale/Hollywood International Airport,FLL,Fort Lauderdale,United States,Laguardia Airport,LGA,New York,United States,937,2.21,2026-11-07,08:39 PM
Spirit Airlines,Airbus A320-271N,A20N,NK1548,Southwest Florida International Airport,RSW,Fort Myers,United States,Chicago O'Hare International Airport,ORD,Chicago,United States,977,2.29,2026-11-07,08:49 PM
American Airlines,Airbus A319-132,A319,AA3024,Laguardia Airport,LGA,New York,United States,Chicago O'Hare International Airport,ORD,Chicago,United States,636,1.57,2026-11-07,08:51 PM
United Airlines,Boeing 737-824,B738,UA1455,Lynden Pindling International Airport,NAS,Nassau,Bahamas,George Bush Intcntl/Houston Airport,IAH,Houston,United States,996,2.33,2026-11-07,09:02 PM
American Airlines,Airbus A319-115,A319,AA2041,The Eastern Iowa Airport,CID,Cedar Rapids,United States,Dallas-Fort Worth International Airport,DFW,Dallas-Fort Worth,United States,597,1.48,2026-11-07,09:07 PM
American Airlines,Boeing 737-823,B738,AA1083,Austin-Bergstrom International Airport,AUS,Austin,United States,Phoenix Sky Harbor International Airport,PHX,Phoenix,United States,756,1.82,2026-11-07,09:09 PM
American Airlines,Airbus A319-115,A319,AA2452,Austin-Bergstrom International Airport,AUS,Austin,United States,Philadelphia International Airport,PHL,Philadelphia,United States,1241,2.85,2026-11-07,09:13 PM
United Airlines,Boeing 737-824,B738,UA1484,Chicago O'Hare International Airport,ORD,Chicago,United States,Dallas-Fort Worth International Airport,DFW,Dallas-Fort Worth,United States,697,1.7,2026-11-07,09:26 PM
Spirit Airlines,Airbus A320-271N,A20N,NK1329,Comayagua-Palmerola International Airport,XPL,Comayagua,Honduras,Fort Lauderdale/Hollywood International Airport,FLL,Fort Lauderdale,United States,818,1.95,2026-05-07,09:34 PM
United Airlines,Boeing 737-71Q,B737,UA1155,Newark Liberty International Airport,EWR,Newark,United States,Austin-Bergstrom International Airport,AUS,Austin,United States,1305,2.99,2026-11-07,09:37 PM
United Airlines,Boeing 737-724,B737,UA1074,Washington Dulles International Airport,IAD,Washington,United States,Austin-Bergstrom International Airport,AUS,Austin,United States,1123,2.6,2026-11-07,09:53 PM
United Airlines,Boeing 767-424(ER),B764,UA3904,Venezia / Tessera -  Marco Polo Airport,VCE,Venezia,Italy,Newark Liberty International Airport,EWR,Newark,United States,3613,7.88,2026-05-07,09:56 PM
American Airlines,Airbus A319-112,A319,AA2876,Gerald R Ford International Airport,GRR,Grand Rapids,United States,Dallas-Fort Worth International Airport,DFW,Dallas-Fort Worth,United States,809,1.93,2026-11-07,10:47 PM
American Airlines,Airbus A319-115,A319,AA308,Miami International Airport,MIA,Miami,United States,L.F. Wade International International Airport,BDA,Hamilton,Bermuda,908,2.14,2026-11-07,11:14 PM
American Airlines,Boeing 737-823,B738,AA2069,Seattle-Tacoma International Airport,SEA,Seattle,United States,Chicago O'Hare International Airport,ORD,Chicago,United States,1491,3.38,2026-11-07,11:19 PM
American Airlines,Boeing 777-223(ER),B772,AA4,Los Angeles International Airport,LAX,Los Angeles,United States,John F Kennedy International Airport,JFK,New York,United States,2146,4.77,2026-11-07,11:40 PM
American Airlines,Boeing 737-823,B738,AA1723,Cancun International Airport,CUN,Cancun,Mexico,Miami International Airport,MIA,Miami,United States,462,1.2,2026-11-07,11:53 PM
American Airlines,Airbus A319-112,A319,AA1594,Chicago O'Hare International Airport,ORD,Chicago,United States,Laguardia Airport,LGA,New York,United States,636,1.57,2026-11-07,11:55 PM
United Airlines,Boeing 737-724,B737,UA590,Baltimore/Washington International Thurgood Marshall Airport,BWI,Baltimore,United States,Chicago O'Hare International Airport,ORD,Chicago,United States,539,1.36,2026-11-08,12:17 AM
United Airlines,Boeing 737-824,B738,UA2135,George Bush Intcntl/Houston Airport,IAH,Houston,United States,Laguardia Airport,LGA,New York,United States,1230,2.83,2026-11-08,12:19 AM
American Airlines,Boeing 737-823,B738,AA2238,Dallas-Fort Worth International Airport,DFW,Dallas-Fort Worth,United States,Nashville International Airport,BNA,Nashville,United States,548,1.38,2026-11-08,12:34 AM
American Airlines,Boeing 737 MAX 8,B38M,AA313,Miami International Airport,MIA,Miami,United States,Simon Bolivar International Airport,GYE,Guayaquil,Ecuador,1678,3.78,2026-11-08,12:35 AM
American Airlines,Airbus A319-115,A319,AA1823,Dallas-Fort Worth International Airport,DFW,Dallas-Fort Worth,United States,Eagle County Regional Airport,EGE,Eagle,United States,626,1.55,2026-11-08,12:42 AM
Spirit Airlines,Airbus A321-231,A321,NK276,George Bush Intcntl/Houston Airport,IAH,Houston,United States,Fort Lauderdale/Hollywood International Airport,FLL,Fort Lauderdale,United States,838,2,2026-11-08,12:42 AM
Spirit Airlines,Airbus A320-271N,A20N,NK479,Newark Liberty International Airport,EWR,Newark,United States,Harry Reid International Airport,LAS,Las Vegas,United States,1931,4.31,2026-01-08,12:46 AM
United Airlines,Boeing 737-7V3,B737,UA2155,Charlotte/Douglas International Airport,CLT,Charlotte,United States,Chicago O'Hare International Airport,ORD,Chicago,United States,521,1.32,2026-11-08,12:48 AM
American Airlines,Boeing 737 MAX 8,B38M,AA2772,John F Kennedy International Airport,JFK,New York,United States,Austin-Bergstrom International Airport,AUS,Austin,United States,1320,3.02,2026-11-08,12:54 AM
American Airlines,Boeing 737-823,B738,AA2539,John Glenn Columbus International Airport,CMH,Columbus,United States,Los Angeles International Airport,LAX,Los Angeles,United States,1730,3.89,2026-11-08,01:09 AM
American Airlines,Airbus A319-115,A319,AA1078,Charlotte/Douglas International Airport,CLT,Charlotte,United States,Albany International Airport,ALB,Albany,United States,562,1.41,2026-11-08,01:10 AM
American Airlines,Boeing 737-823,B738,AA1111,Toronto Pearson International Airport,YYZ,Mississauga,Canada,Dallas-Fort Worth International Airport,DFW,Dallas-Fort Worth,United States,1041,2.43,2026-11-08,01:22 AM
United Airlines,Boeing 767-322(ER),B763,UA54,Newark Liberty International Airport,EWR,Newark,United States,Charles de Gaulle International Airport,CDG,Paris,France,3162,6.92,2026-11-08,05:32 AM
United Airlines,Boeing 737 MAX 9,B39M,UA1385,Washington Dulles International Airport,IAD,Washington,United States,Los Angeles International Airport,LAX,Los Angeles,United States,1982,4.42,2026-11-08,05:34 AM
American Airlines,Boeing 737-823,B738,AA3221,Chicago O'Hare International Airport,ORD,Chicago,United States,Seattle-Tacoma International Airport,SEA,Seattle,United States,1491,3.38,2026-11-08,05:35 AM
United Airlines,Boeing 737-824,B738,UA1424,Seattle-Tacoma International Airport,SEA,Seattle,United States,San Francisco International Airport,SFO,San Francisco,United States,590,1.47,2026-11-08,05:39 AM
United Airlines,Boeing 737 MAX 8,B38M,UA689,Washington Dulles International Airport,IAD,Washington,United States,Orlando International Airport,MCO,Orlando,United States,657,1.61,2026-11-08,05:41 AM
United Airlines,Boeing 757-224,B752,UA712,Newark Liberty International Airport,EWR,Newark,United States,Los Angeles International Airport,LAX,Los Angeles,United States,2128,4.73,2026-11-08,05:42 AM
American Airlines,Boeing 737 MAX 8,B38M,AA1161,Miami International Airport,MIA,Miami,United States,Ronald Reagan Washington Ntl Airport,DCA,Washington,United States,801,1.92,2026-11-08,05:52 AM
American Airlines,Airbus A319-115,A319,AA1387,Chicago O'Hare International Airport,ORD,Chicago,United States,Denver International Airport,DEN,Denver,United States,770,1.85,2026-11-08,05:55 AM
United Airlines,Boeing 767-322(ER),B763,UA992,Washington Dulles International Airport,IAD,Washington,United States,Barcelona International Airport,BCN,Barcelona,Spain,3522,7.69,2026-11-08,05:57 AM
United Airlines,Boeing 737-924(ER),B739,UA2651,Denver International Airport,DEN,Denver,United States,Seattle-Tacoma International Airport,SEA,Seattle,United States,888,2.1,2026-11-08,05:59 AM
United Airlines,Boeing 757-224,B752,UA1558,Newark Liberty International Airport,EWR,Newark,United States,San Francisco International Airport,SFO,San Francisco,United States,2224,4.93,2026-11-08,06:00 AM
United Airlines,Boeing 737 MAX 9,B39M,UA2044,Newark Liberty International Airport,EWR,Newark,United States,Seattle-Tacoma International Airport,SEA,Seattle,United States,2082,4.63,2026-11-08,06:06 AM
American Airlines,Boeing 737-823,B738,AA1314,Dallas-Fort Worth International Airport,DFW,Dallas-Fort Worth,United States,Miami International Airport,MIA,Miami,United States,973,2.28,2026-11-08,06:25 AM
American Airlines,Airbus A319-132,A319,AA2081,Phoenix Sky Harbor International Airport,PHX,Phoenix,United States,Des Moines International Airport,DSM,Des Moines,United States,995,2.33,2026-11-08,06:27 AM
American Airlines,Boeing 777-323(ER),B77W,AA730,Charlotte/Douglas International Airport,CLT,Charlotte,United States,London Heathrow Airport,LHR,London,United Kingdom,3461,7.56,2026-11-08,06:30 AM
United Airlines,Boeing 757-224,B752,UA1701,General Edward Lawrence Logan International Airport,BOS,Boston,United States,San Francisco International Airport,SFO,San Francisco,United States,2344,5.19,2026-11-08,06:35 AM
American Airlines,Boeing 737 MAX 8,B38M,AA770,Dallas-Fort Worth International Airport,DFW,Dallas-Fort Worth,United States,Reno/Tahoe International Airport,RNO,Reno,United States,1167,2.69,2026-08-08,06:42 AM
American Airlines,Airbus A321-231,A321,AA1153,Charlotte/Douglas International Airport,CLT,Charlotte,United States,San Antonio International Airport,SAT,San Antonio,United States,950,2.23,2026-11-08,06:42 AM
American Airlines,Airbus A321-253NX,A21N,AA2363,Miami International Airport,MIA,Miami,United States,Seattle-Tacoma International Airport,SEA,Seattle,United States,2365,5.23,2026-11-08,07:57 AM
United Airlines,Boeing 787-10 Dreamliner,B78X,UA120,Newark Liberty International Airport,EWR,Newark,United States,Barcelona International Airport,BCN,Barcelona,Spain,3335,7.29,2026-11-08,08:04 AM
United Airlines,Boeing 787-10 Dreamliner,B78X,UA987,Chicago O'Hare International Airport,ORD,Chicago,United States,Charles de Gaulle International Airport,CDG,Paris,France,3599,7.85,2026-11-08,08:08 AM
American Airlines,Airbus A321-253NX,A21N,AA1006,Miami International Airport,MIA,Miami,United States,Harry Reid International Airport,LAS,Las Vegas,United States,1887,4.22,2026-11-08,08:12 AM
American Airlines,Airbus A321-211,A321,AA1005,San Francisco International Airport,SFO,San Francisco,United States,Dallas-Fort Worth International Airport,DFW,Dallas-Fort Worth,United States,1270,2.91,2026-11-08,08:45 AM
United Airlines,Boeing 737 MAX 9,B39M,UA1605,Los Angeles International Airport,LAX,Los Angeles,United States,Baltimore/Washington International Thurgood Marshall Airport,BWI,Baltimore,United States,2019,4.5,2026-11-08,08:48 AM
American Airlines,Airbus A321-211,A321,AA2361,Philadelphia International Airport,PHL,Philadelphia,United States,Seattle-Tacoma International Airport,SEA,Seattle,United States,2061,4.59,2026-11-08,08:56 AM
American Airlines,Boeing 787-9 Dreamliner,B789,AA9603,Chicago O'Hare International Airport,ORD,Chicago,United States,London Heathrow Airport,LHR,London,United Kingdom,3426,7.48,2026-11-08,09:31 AM
American Airlines,Boeing 737-823,B738,AA3321,Harry Reid International Airport,LAS,Las Vegas,United States,Miami International Airport,MIA,Miami,United States,1887,4.22,2026-11-08,10:05 AM
American Airlines,Boeing 787-8 Dreamliner,B788,AA9602,Dallas-Fort Worth International Airport,DFW,Dallas-Fort Worth,United States,Guarulhos - Governador Andre Franco Montoro International Airport,GRU,Sao Paulo,Brazil,4451,9.66,2026-08-08,10:11 AM
United Airlines,Airbus A321-271NX,A21N,UA2320,Salt Lake City International Airport,SLC,Salt Lake City,United States,Newark Liberty International Airport,EWR,Newark,United States,1706,3.84,2026-08-08,10:33 AM
Spirit Airlines,Airbus A320-271N,A20N,NK480,Los Angeles International Airport,LAX,Los Angeles,United States,George Bush Intcntl/Houston Airport,IAH,Houston,United States,1196,2.75,2026-11-08,10:53 AM
United Airlines,Boeing 787-8 Dreamliner,B788,UA3910,Chicago O'Hare International Airport,ORD,Chicago,United States,Galeao - Antonio Carlos Jobim International Airport,GIG,Rio De Janeiro,Brazil,4612,10,2026-04-08,10:56 AM
American Airlines,Boeing 737-823,B738,AA2903,Ronald Reagan Washington Ntl Airport,DCA,Washington,United States,Chicago O'Hare International Airport,ORD,Chicago,United States,531,1.34,2026-11-08,11:06 AM
American Airlines,Boeing 737 MAX 8,B38M,AA1665,San Francisco International Airport,SFO,San Francisco,United States,Miami International Airport,MIA,Miami,United States,2243,4.97,2026-11-08,11:06 AM
United Airlines,Airbus A319-131,A319,UA428,Licenciado Benito Juarez International Airport,MEX,Mexico City,Mexico,George Bush Intcntl/Houston Airport,IAH,Houston,United States,665,1.63,2026-11-08,03:09 PM
United Airlines,Boeing 737-824,B738,UA2260,George Bush Intcntl/Houston Airport,IAH,Houston,United States,Tampa International Airport,TPA,Tampa,United States,683,1.67,2026-11-08,03:12 PM
American Airlines,Airbus A319-112,A319,AA1532,Antonio Maceo International Airport,SCU,Santiago,Cuba,Miami International Airport,MIA,Miami,United States,428,1.13,2026-04-08,03:17 PM
American Airlines,Boeing 737-823,B738,AA811,Philadelphia International Airport,PHL,Philadelphia,United States,Punta Cana International Airport,PUJ,Punta Cana,Dominican Republic,1328,3.03,2026-03-08,03:26 PM
American Airlines,Airbus A321-231,A321,AA881,Charlotte/Douglas International Airport,CLT,Charlotte,United States,Cancun International Airport,CUN,Cancun,Mexico,907,2.14,2026-11-08,03:32 PM
United Airlines,Boeing 737-924(ER),B739,UA1038,Cleveland-Hopkins International Airport,CLE,Cleveland,United States,Cancun International Airport,CUN,Cancun,Mexico,1249,2.87,2026-11-08,03:38 PM
United Airlines,Boeing 737 MAX 9,B39M,UA2261,George Bush Intcntl/Houston Airport,IAH,Houston,United States,Fort Lauderdale/Hollywood International Airport,FLL,Fort Lauderdale,United States,838,2,2026-04-08,03:46 PM
United Airlines,Boeing 737-824,B738,UA1533,Augusto C. Sandino (Managua) International Airport,MGA,Managua,Nicaragua,George Bush Intcntl/Houston Airport,IAH,Houston,United States,1187,2.74,2026-11-08,04:01 PM
American Airlines,Boeing 737-823,B738,AA874,Charlotte/Douglas International Airport,CLT,Charlotte,United States,Queen Beatrix International Airport,AUA,Oranjestad,Aruba,1487,3.37,2026-11-08,04:12 PM
American Airlines,Airbus A319-112,A319,AA3258,Miami International Airport,MIA,Miami,United States,George Bush Intcntl/Houston Airport,IAH,Houston,United States,837,1.99,2026-11-08,04:24 PM
United Airlines,Boeing 737-824,B738,UA204,Fort Lauderdale/Hollywood International Airport,FLL,Fort Lauderdale,United States,Denver International Airport,DEN,Denver,United States,1479,3.35,2026-11-08,04:25 PM
United Airlines,Boeing 737 MAX 8,B38M,UA2251,Newark Liberty International Airport,EWR,Newark,United States,Licenciado Benito Juarez International Airport,MEX,Mexico City,Mexico,1805,4.05,2026-11-08,04:41 PM
American Airlines,Boeing 737-823,B738,AA1204,Miami International Airport,MIA,Miami,United States,Chicago O'Hare International Airport,ORD,Chicago,United States,1042,2.43,2026-11-08,04:43 PM
Spirit Airlines,Airbus A321-231,A321,NK1627,George Bush Intcntl/Houston Airport,IAH,Houston,United States,La Aurora Airport,GUA,Guatemala City,Guatemala,962,2.26,2026-05-08,04:45 PM
American Airlines,Airbus A321-211,A321,AA1514,Tampa International Airport,TPA,Tampa,United States,Dallas-Fort Worth International Airport,DFW,Dallas-Fort Worth,United States,806,1.93,2026-11-08,04:53 PM
United Airlines,Boeing 737 MAX 9,B39M,UA1249,Tocumen International Airport,PTY,Tocumen,Panama,George Bush Intcntl/Houston Airport,IAH,Houston,United States,1542,3.49,2026-11-08,05:19 PM
American Airlines,Airbus A319-112,A319,AA3181,Miami International Airport,MIA,Miami,United States,Ronald Reagan Washington Ntl Airport,DCA,Washington,United States,801,1.92,2026-07-08,05:33 PM
United Airlines,Boeing 737 MAX 8,B38M,UA1447,Juan Santamaria International Airport,SJO,San Jose,Costa Rica,George Bush Intcntl/Houston Airport,IAH,Houston,United States,1353,3.09,2026-11-08,05:37 PM
American Airlines,Boeing 737-823,B738,AA1491,Miami International Airport,MIA,Miami,United States,Frank Pais International Airport,HOG,Holguin,Cuba,372,1.01,2026-11-08,05:44 PM
American Airlines,Airbus A320-232,A320,AA1646,Fort Lauderdale/Hollywood International Airport,FLL,Fort Lauderdale,United States,Philadelphia International Airport,PHL,Philadelphia,United States,864,2.05,2026-11-08,05:49 PM
American Airlines,Boeing 737-823,B738,AA1527,Miami International Airport,MIA,Miami,United States,Providenciales Airport,PLS,Providenciales Island,Turks And Caicos Islands,502,1.28,2026-11-08,05:49 PM
American Airlines,Boeing 737 MAX 8,B38M,AA1319,Miami International Airport,MIA,Miami,United States,Ignacio Agramonte International Airport,CMW,Camaguey,Cuba,295,0.84,2026-11-08,05:50 PM
Spirit Airlines,Airbus A321-231,A321,NK100,Fort Lauderdale/Hollywood International Airport,FLL,Fort Lauderdale,United States,Princess Juliana International Airport,SXM,Saint Martin,Netherlands,1062,2.47,2026-11-08,06:02 PM
United Airlines,Boeing 787-8 Dreamliner,B788,UA3911,Galeao - Antonio Carlos Jobim International Airport,GIG,Rio De Janeiro,Brazil,Chicago O'Hare International Airport,ORD,Chicago,United States,4612,10,2026-05-08,06:11 PM
United Airlines,Boeing 737 MAX 9,B39M,UA1614,Punta Cana International Airport,PUJ,Punta Cana,Dominican Republic,Washington Dulles International Airport,IAD,Washington,United States,1310,3,2026-03-08,06:14 PM
United Airlines,Boeing 737 MAX 9,B39M,UA1694,Cancun International Airport,CUN,Cancun,Mexico,Washington Dulles International Airport,IAD,Washington,United States,1177,2.71,2026-11-08,06:17 PM
Spirit Airlines,Airbus A321-231,A321,NK1439,Ramon Villeda Morales International Airport,SAP,La Mesa,Honduras,Louis Armstrong New Orleans International Airport,MSY,New Orleans,United States,882,2.09,2026-11-08,06:20 PM
American Airlines,Boeing 787-8 Dreamliner,B788,AA1851,Miami International Airport,MIA,Miami,United States,Harry Reid International Airport,LAS,Las Vegas,United States,1887,4.22,2026-11-08,06:28 PM
American Airlines,Boeing 737 MAX 8,B38M,AA2395,Miami International Airport,MIA,Miami,United States,La Aurora Airport,GUA,Guatemala City,Guatemala,886,2.1,2026-11-08,06:30 PM
United Airlines,Boeing 737-824,B738,UA1764,Miami International Airport,MIA,Miami,United States,George Bush Intcntl/Houston Airport,IAH,Houston,United States,837,1.99,2026-11-08,06:42 PM
American Airlines,Boeing 737-823,B738,AA3206,Miami International Airport,MIA,Miami,United States,Punta Cana International Airport,PUJ,Punta Cana,Dominican Republic,792,1.9,2026-03-08,07:00 PM
American Airlines,Boeing 737-823,B738,AA2016,Cancun International Airport,CUN,Cancun,Mexico,Chicago O'Hare International Airport,ORD,Chicago,United States,1258,2.89,2026-11-08,07:01 PM
United Airlines,Boeing 737-924(ER),B739,UA2678,Newark Liberty International Airport,EWR,Newark,United States,Jacksonville International Airport,JAX,Jacksonville,United States,713,1.73,2026-11-08,07:08 PM
American Airlines,Boeing 737-823,B738,AA2006,Licenciado Benito Juarez International Airport,MEX,Mexico City,Mexico,Dallas-Fort Worth International Airport,DFW,Dallas-Fort Worth,United States,816,1.95,2026-11-08,07:11 PM
United Airlines,Boeing 737-824,B738,UA1503,Licenciado Gustavo Diaz Ordaz International Airport,PVR,Puerto Vallarta,Mexico,George Bush Intcntl/Houston Airport,IAH,Houston,United States,775,1.86,2026-11-08,07:18 PM
United Airlines,Boeing 737-924(ER),B739,UA620,Cibao International Airport,STI,Santiago,Dominican Republic,Newark Liberty International Airport,EWR,Newark,United States,1291,2.96,2026-11-08,07:41 PM
American Airlines,Boeing 737-823,B738,AA1838,Dallas-Fort Worth International Airport,DFW,Dallas-Fort Worth,United States,Chicago O'Hare International Airport,ORD,Chicago,United States,697,1.7,2026-03-08,07:42 PM
American Airlines,Airbus A321-231,A321,AA1460,Charlotte/Douglas International Airport,CLT,Charlotte,United States,Punta Cana International Airport,PUJ,Punta Cana,Dominican Republic,1203,2.77,2026-11-08,07:43 PM
United Airlines,Boeing 737 MAX 8,B38M,UA1345,George Bush Intcntl/Houston Airport,IAH,Houston,United States,Fort Lauderdale/Hollywood International Airport,FLL,Fort Lauderdale,United States,838,2,2026-11-08,07:52 PM
American Airlines,Boeing 737-823,B738,AA1601,Cancun International Airport,CUN,Cancun,Mexico,Dallas-Fort Worth International Airport,DFW,Dallas-Fort Worth,United States,895,2.12,2026-11-08,08:01 PM
American Airlines,Airbus A321-231,A321,AA3041,Punta Cana International Airport,PUJ,Punta Cana,Dominican Republic,Charlotte/Douglas International Airport,CLT,Charlotte,United States,1203,2.77,2026-11-08,08:04 PM
American Airlines,Boeing 737-823,B738,AA2860,Hewanorra International Airport,UVF,Vieux Fort,Saint Lucia,Miami International Airport,MIA,Miami,United States,1308,2.99,2026-11-08,08:33 PM
American Airlines,Boeing 737 MAX 8,B38M,AA3214,Comayagua-Palmerola International Airport,XPL,Comayagua,Honduras,Miami International Airport,MIA,Miami,United States,800,1.92,2026-11-08,08:49 PM
Spirit Airlines,Airbus A321-231,A321,NK809,Fort Lauderdale/Hollywood International Airport,FLL,Fort Lauderdale,United States,Nashville International Airport,BNA,Nashville,United States,690,1.68,2026-04-08,09:00 PM
American Airlines,Boeing 737-823,B738,AA1466,Miami International Airport,MIA,Miami,United States,Austin-Bergstrom International Airport,AUS,Austin,United States,957,2.25,2026-11-08,09:20 PM
American Airlines,Boeing 737-823,B738,AA3059,Sir Grantley Adams International Airport,BGI,Bridgetown,Barbados,Miami International Airport,MIA,Miami,United States,1400,3.19,2026-11-08,09:30 PM
American Airlines,Boeing 737 MAX 8,B38M,AA3300,San Diego International Airport,SAN,San Diego,United States,Miami International Airport,MIA,Miami,United States,1967,4.39,2026-07-08,09:33 PM
American Airlines,Boeing 737-823,B738,AA370,Juan Santamaria International Airport,SJO,San Jose,Costa Rica,Charlotte/Douglas International Airport,CLT,Charlotte,United States,1525,3.45,2026-11-08,09:44 PM
American Airlines,Boeing 737 MAX 8,B38M,AA3151,Miami International Airport,MIA,Miami,United States,El Salvador International Airport,SAL,Santa Clara,El Salvador,891,2.11,2026-11-08,09:55 PM
American Airlines,Boeing 737-823,B738,AA898,Daniel Oduber Quiros International Airport,LIR,Liberia,Costa Rica,Charlotte/Douglas International Airport,CLT,Charlotte,United States,1499,3.4,2026-11-08,09:59 PM
American Airlines,Boeing 737-823,B738,AA876,Robert L. Bradshaw International Airport,SKB,Basseterre,Saint Kitts And Nevis,Miami International Airport,MIA,Miami,United States,1104,2.56,2026-11-08,10:22 PM
Spirit Airlines,Airbus A321-271NX,A21N,NK236,Jose Maria Cordova International Airport,MDE,Rionegro,Colombia,Fort Lauderdale/Hollywood International Airport,FLL,Fort Lauderdale,United States,1226,2.82,2026-11-08,10:49 PM
Spirit Airlines,Airbus A321-231,A321,NK886,Queen Beatrix International Airport,AUA,Oranjestad,Aruba,Fort Lauderdale/Hollywood International Airport,FLL,Fort Lauderdale,United States,996,2.33,2026-11-08,10:57 PM
United Airlines,Boeing 737 MAX 9,B39M,UA1121,Daniel Oduber Quiros International Airport,LIR,Liberia,Costa Rica,Chicago O'Hare International Airport,ORD,Chicago,United States,1888,4.22,2026-11-08,10:59 PM
United Airlines,Boeing 737-824,B738,UA391,Sir Grantley Adams International Airport,BGI,Bridgetown,Barbados,Washington Dulles International Airport,IAD,Washington,United States,1822,4.08,2026-11-08,11:30 PM
United Airlines,Boeing 737 MAX 9,B39M,UA1206,Sangster International Airport,MBJ,Montego Bay,Jamaica,Newark Liberty International Airport,EWR,Newark,United States,1346,3.07,2026-11-09,12:00 AM
American Airlines,Boeing 737 MAX 8,B38M,AA3032,Daniel Oduber Quiros International Airport,LIR,Liberia,Costa Rica,Chicago O'Hare International Airport,ORD,Chicago,United States,1888,4.22,2026-11-09,12:06 AM
American Airlines,Boeing 737-823,B738,AA854,Hato International Airport,CUR,Willemstad,Curacao,Charlotte/Douglas International Airport,CLT,Charlotte,United States,1528,3.46,2026-11-09,12:31 AM
American Airlines,Boeing 737-823,B738,AA2727,Sir Grantley Adams International Airport,BGI,Bridgetown,Barbados,Miami International Airport,MIA,Miami,United States,1400,3.19,2026-11-09,12:35 AM
United Airlines,Boeing 737 MAX 8,B38M,UA1223,Princess Juliana International Airport,SXM,Saint Martin,Netherlands,Washington Dulles International Airport,IAD,Washington,United States,1460,3.31,2026-11-09,12:49 AM
American Airlines,Airbus A321-253NX,A21N,AA2433,Luis Munoz Marin International Airport,SJU,San Juan,Puerto Rico,Philadelphia International Airport,PHL,Philadelphia,United States,1373,3.13,2026-11-09,12:53 AM
United Airlines,Boeing 737 MAX 9,B39M,UA1560,Juan Santamaria International Airport,SJO,San Jose,Costa Rica,Newark Liberty International Airport,EWR,Newark,United States,1919,4.29,2026-11-09,01:45 AM
American Airlines,Boeing 737-823,B738,AA2643,Miami International Airport,MIA,Miami,United States,Juan Santamaria International Airport,SJO,San Jose,Costa Rica,975,2.29,2026-11-09,02:01 AM
American Airlines,Boeing 737-823,B738,AA2901,Miami International Airport,MIA,Miami,United States,Harry Reid International Airport,LAS,Las Vegas,United States,1887,4.22,2026-11-09,04:11 AM
United Airlines,Boeing 737 MAX 8,B38M,UA1993,Daniel Oduber Quiros International Airport,LIR,Liberia,Costa Rica,Los Angeles International Airport,LAX,Los Angeles,United States,2284,5.06,2026-11-09,04:27 AM
American Airlines,Boeing 737-823,B738,AA1397,Miami International Airport,MIA,Miami,United States,Kansas City International Airport,MCI,Kansas City,United States,1088,2.53,2026-11-09,05:33 AM
United Airlines,Boeing 737 MAX 8,B38M,UA1769,San Francisco International Airport,SFO,San Francisco,United States,Miami International Airport,MIA,Miami,United States,2243,4.97,2026-11-09,08:06 AM
American Airlines,Boeing 787-8 Dreamliner,B788,AA962,Guarulhos - Governador Andre Franco Montoro International Airport,GRU,Sao Paulo,Brazil,Dallas-Fort Worth International Airport,DFW,Dallas-Fort Worth,United States,4451,9.66,2026-03-09,10:43 AM
Spirit Airlines,Airbus A320-232,A320,NK700,Orlando International Airport,MCO,Orlando,United States,Laguardia Airport,LGA,New York,United States,827,1.97,2026-11-09,12:41 PM
American Airlines,Airbus A319-112,A319,AA1428,Des Moines International Airport,DSM,Des Moines,United States,Phoenix Sky Harbor International Airport,PHX,Phoenix,United States,995,2.33,2026-11-09,12:57 PM
American Airlines,Airbus A319-115,A319,AA1050,Albany International Airport,ALB,Albany,United States,Charlotte/Douglas International Airport,CLT,Charlotte,United States,562,1.41,2026-11-09,01:14 PM
Spirit Airlines,Airbus A320-232,A320,NK834,Dallas-Fort Worth International Airport,DFW,Dallas-Fort Worth,United States,Fort Lauderdale/Hollywood International Airport,FLL,Fort Lauderdale,United States,972,2.28,2026-11-09,01:42 PM
American Airlines,Boeing 737-823,B738,AA1002,Rhode Island Tf Green International Airport,PVD,Providence,United States,Chicago O'Hare International Airport,ORD,Chicago,United States,736,1.78,2026-11-09,02:18 PM
American Airlines,Boeing 737 MAX 8,B38M,AA1142,Alfonso Bonilla Aragon International Airport,CLO,Cali,Colombia,Miami International Airport,MIA,Miami,United States,1355,3.09,2026-11-09,03:17 PM
United Airlines,Boeing 757-224,B752,UA354,Newark Liberty International Airport,EWR,Newark,United States,Harry Reid International Airport,LAS,Las Vegas,United States,1931,4.31,2026-11-09,03:17 PM
Spirit Airlines,Airbus A320-232,A320,NK401,Fort Lauderdale/Hollywood International Airport,FLL,Fort Lauderdale,United States,Alfonso Bonilla Aragon International Airport,CLO,Cali,Colombia,1370,3.12,2026-11-09,04:05 PM
United Airlines,Boeing 737-724,B737,UA764,Chicago O'Hare International Airport,ORD,Chicago,United States,Calgary International Airport,YYC,Calgary,Canada,1201,2.77,2026-11-09,04:10 PM
American Airlines,Boeing 737-823,B738,AA1915,Dallas-Fort Worth International Airport,DFW,Dallas-Fort Worth,United States,Richmond International Airport,RIC,Richmond,United States,1004,2.35,2026-11-09,04:20 PM
United Airlines,Boeing 737-824,B738,UA1487,George Bush Intcntl/Houston Airport,IAH,Houston,United States,Ramon Villeda Morales International Airport,SAP,La Mesa,Honduras,964,2.26,2026-11-09,04:22 PM
United Airlines,Boeing 737-824,B738,UA1357,Chicago O'Hare International Airport,ORD,Chicago,United States,Washington Dulles International Airport,IAD,Washington,United States,510,1.3,2026-11-09,04:27 PM
American Airlines,Boeing 737-823,B738,AA1415,Dallas-Fort Worth International Airport,DFW,Dallas-Fort Worth,United States,Vancouver International Airport,YVR,Richmond,Canada,1522,3.45,2026-11-09,04:47 PM
United Airlines,Boeing 737-724,B737,UA1105,George Bush Intcntl/Houston Airport,IAH,Houston,United States,Norman Y Mineta San Jose International Airport,SJC,San Jose,United States,1395,3.18,2026-11-09,04:48 PM
United Airlines,Boeing 737-824,B738,UA2085,Chicago O'Hare International Airport,ORD,Chicago,United States,Boise Air Trml/Gowen Field,BOI,Boise,United States,1246,2.86,2026-08-09,05:21 PM
American Airlines,Boeing 737-823,B738,AA2357,Denver International Airport,DEN,Denver,United States,Dallas-Fort Worth International Airport,DFW,Dallas-Fort Worth,United States,557,1.4,2026-02-09,05:44 PM
American Airlines,Boeing 737-823,B738,AA987,Miami International Airport,MIA,Miami,United States,Las Americas International Airport,SDQ,Santo Domingo,Dominican Republic,737,1.78,2026-11-09,05:44 PM
American Airlines,Boeing 737 MAX 8,B38M,AA1154,Miami International Airport,MIA,Miami,United States,Las Americas International Airport,SDQ,Santo Domingo,Dominican Republic,737,1.78,2026-11-09,05:56 PM
United Airlines,Boeing 737-824,B738,UA2311,George Bush Intcntl/Houston Airport,IAH,Houston,United States,Ronald Reagan Washington Ntl Airport,DCA,Washington,United States,1048,2.44,2026-11-09,06:25 PM
American Airlines,Boeing 737-823,B738,AA769,Miami International Airport,MIA,Miami,United States,Dallas-Fort Worth International Airport,DFW,Dallas-Fort Worth,United States,973,2.28,2026-11-09,06:25 PM
United Airlines,Airbus A319-131,A319,UA740,George Bush Intcntl/Houston Airport,IAH,Houston,United States,Portland International Airport,PDX,Portland,United States,1584,3.58,2026-08-09,06:29 PM
American Airlines,Boeing 737-823,B738,AA2215,Charlotte/Douglas International Airport,CLT,Charlotte,United States,Indianapolis International Airport,IND,Indianapolis,United States,371,1.01,2026-11-09,06:32 PM
United Airlines,Boeing 777-300(ER),B77W,UA3877,Xiamen Gaoqi International Airport,XMN,Xiamen,China,San Francisco International Airport,SFO,San Francisco,United States,5752,12.41,2026-11-10,12:55 PM
American Airlines,Boeing 787-8 Dreamliner,B788,AA1402,Miami International Airport,MIA,Miami,United States,Philadelphia International Airport,PHL,Philadelphia,United States,882,2.09,2026-11-10,07:32 PM
United Airlines,Boeing 737-824,B738,UA1102,Pittsburgh International Airport,PIT,Pittsburgh,United States,George Bush Intcntl/Houston Airport,IAH,Houston,United States,971,2.28,2026-11-10,07:47 PM
American Airlines,Airbus A319-112,A319,AA2510,Ronald Reagan Washington Ntl Airport,DCA,Washington,United States,Southwest Florida International Airport,RSW,Fort Myers,United States,779,1.87,2026-11-10,07:48 PM
United Airlines,Boeing 737-824,B738,UA1438,George Bush Intcntl/Houston Airport,IAH,Houston,United States,Los Cabos International Airport,SJD,San Jose del Cabo,Mexico,873,2.07,2026-11-10,07:56 PM
United Airlines,Boeing 737 MAX 8,B38M,UA236,Denver International Airport,DEN,Denver,United States,Edmonton International Airport,YEG,Edmonton,Canada,886,2.1,2026-11-10,07:59 PM
American Airlines,Boeing 737-823,B738,AA2739,Miami International Airport,MIA,Miami,United States,Hato International Airport,CUR,Willemstad,Curacao,1038,2.42,2026-11-10,08:14 PM
American Airlines,Boeing 777-223(ER),B772,AA3,John F Kennedy International Airport,JFK,New York,United States,Los Angeles International Airport,LAX,Los Angeles,United States,2146,4.77,2026-11-10,08:22 PM
United Airlines,Boeing 757-224,B752,UA2611,George Bush Intcntl/Houston Airport,IAH,Houston,United States,San Francisco International Airport,SFO,San Francisco,United States,1419,3.23,2026-11-10,08:43 PM
American Airlines,Boeing 787-8 Dreamliner,B788,AA1612,Los Angeles International Airport,LAX,Los Angeles,United States,Philadelphia International Airport,PHL,Philadelphia,United States,2082,4.63,2026-11-10,08:46 PM
United Airlines,Boeing 737-71Q,B737,UA1833,Newark Liberty International Airport,EWR,Newark,United States,Key West International Airport,EYW,Key West,United States,1041,2.43,2026-11-10,09:12 PM
American Airlines,Boeing 737-823,B738,AA2916,Tampa International Airport,TPA,Tampa,United States,Chicago O'Hare International Airport,ORD,Chicago,United States,881,2.09,2026-11-10,09:19 PM
United Airlines,Airbus A321-271NX,A21N,UA1448,San Francisco International Airport,SFO,San Francisco,United States,Chicago O'Hare International Airport,ORD,Chicago,United States,1600,3.61,2026-01-10,09:36 PM
American Airlines,Airbus A321-231,A321,AA306,John F Kennedy International Airport,JFK,New York,United States,Los Angeles International Airport,LAX,Los Angeles,United States,2146,4.77,2026-11-10,09:38 PM
American Airlines,Boeing 737-823,B738,AA2612,Austin-Bergstrom International Airport,AUS,Austin,United States,Dallas-Fort Worth International Airport,DFW,Dallas-Fort Worth,United States,165,0.57,2026-04-10,09:45 PM
United Airlines,Boeing 737-824,B738,UA579,Los Cabos International Airport,SJD,San Jose del Cabo,Mexico,George Bush Intcntl/Houston Airport,IAH,Houston,United States,873,2.07,2026-11-10,09:56 PM
American Airlines,Boeing 737-823,B738,AA1968,Cibao International Airport,STI,Santiago,Dominican Republic,Miami International Airport,MIA,Miami,United States,659,1.62,2026-11-10,09:56 PM
American Airlines,Airbus A319-115,A319,AA3156,Louisville Muhammad Ali International Airport,SDF,Louisville,United States,Charlotte/Douglas International Airport,CLT,Charlotte,United States,291,0.84,2026-11-10,10:01 PM
American Airlines,Boeing 737-823,B738,AA2879,Monterey Regional Airport,MRY,Monterey,United States,Dallas-Fort Worth International Airport,DFW,Dallas-Fort Worth,United States,1240,2.85,2026-11-10,10:19 PM
American Airlines,Airbus A319-132,A319,AA2273,Gregorio Luperon International Airport,POP,Puerto Plata,Dominican Republic,Miami International Airport,MIA,Miami,United States,648,1.59,2026-11-10,10:21 PM
United Airlines,Boeing 737-824,B738,UA1453,Bob Hope Airport,BUR,Burbank,United States,San Francisco International Airport,SFO,San Francisco,United States,283,0.82,2026-11-10,10:30 PM
American Airlines,Boeing 737-823,B738,AA1123,Laguardia Airport,LGA,New York,United States,Charlotte/Douglas International Airport,CLT,Charlotte,United States,473,1.22,2026-11-10,10:32 PM
United Airlines,Boeing 737-824,B738,UA1869,Washington Dulles International Airport,IAD,Washington,United States,San Antonio International Airport,SAT,San Antonio,United States,1179,2.72,2026-11-10,10:38 PM
American Airlines,Boeing 737-823,B738,AA2656,Los Cabos International Airport,SJD,San Jose del Cabo,Mexico,Los Angeles International Airport,LAX,Los Angeles,United States,793,1.9,2026-11-10,10:38 PM
United Airlines,Boeing 737-724,B737,UA1484,Chicago O'Hare International Airport,ORD,Chicago,United States,Dallas-Fort Worth International Airport,DFW,Dallas-Fort Worth,United States,697,1.7,2026-11-10,11:15 PM
United Airlines,Boeing 737-824,B738,UA2409,Calgary International Airport,YYC,Calgary,Canada,San Francisco International Airport,SFO,San Francisco,United States,885,2.1,2026-11-11,12:01 AM
United Airlines,Boeing 737 MAX 8,B38M,UA1536,Newark Liberty International Airport,EWR,Newark,United States,Jacksonville International Airport,JAX,Jacksonville,United States,713,1.73,2026-11-11,12:07 AM
American Airlines,Boeing 737 MAX 8,B38M,AA2557,John F Kennedy International Airport,JFK,New York,United States,Cheddi Jagan International Airport,GEO,Georgetown,Guyana,2213,4.91,2026-11-11,12:10 AM
United Airlines,Airbus A319-131,A319,UA638,Albuquerque International Sunport Airport,ABQ,Albuquerque,United States,San Francisco International Airport,SFO,San Francisco,United States,777,1.87,2026-11-11,12:19 AM
United Airlines,Boeing 737-824,B738,UA1148,Patrick Leahy Burlington International Airport,BTV,Burlington,United States,Denver International Airport,DEN,Denver,United States,1419,3.23,2026-11-11,12:25 AM
American Airlines,Airbus A319-112,A319,AA2818,Mahlon Sweet Field,EUG,Eugene,United States,Phoenix Sky Harbor International Airport,PHX,Phoenix,United States,827,1.97,2026-11-11,12:26 AM
United Airlines,Boeing 737-824,B738,UA540,Baltimore/Washington International Thurgood Marshall Airport,BWI,Baltimore,United States,Denver International Airport,DEN,Denver,United States,1292,2.96,2026-11-11,01:01 AM
American Airlines,Boeing 777-323(ER),B77W,AA954,Ministro Pistarini International Airport,EZE,Ezeiza,Argentina,Ministro Pistarini International Airport,EZE,Ezeiza,Argentina,0,0.22,2026-11-11,02:12 AM
United Airlines,Boeing 737 MAX 8,B38M,UA410,Miami International Airport,MIA,Miami,United States,Newark Liberty International Airport,EWR,Newark,United States,945,2.22,2026-11-11,03:03 AM
Spirit Airlines,Airbus A320-232,A320,NK571,Luis Munoz Marin International Airport,SJU,San Juan,Puerto Rico,Dallas-Fort Worth International Airport,DFW,Dallas-Fort Worth,United States,1880,4.2,2026-11-11,03:38 AM
American Airlines,Boeing 737 MAX 8,B38M,AA2145,Miami International Airport,MIA,Miami,United States,Las Americas International Airport,SDQ,Santo Domingo,Dominican Republic,737,1.78,2026-11-11,03:40 AM
Spirit Airlines,Airbus A320-232,A320,NK2600,Atlantic City International Airport,ACY,Atlantic City,United States,Tampa International Airport,TPA,Tampa,United States,795,1.9,2026-11-11,03:50 AM
American Airlines,Airbus A321-253N,A21N,AA2567,Dallas-Fort Worth International Airport,DFW,Dallas-Fort Worth,United States,General Edward Lawrence Logan International Airport,BOS,Boston,United States,1355,3.09,2026-11-11,04:16 AM
United Airlines,Boeing 737-724,B737,UA685,George Bush Intcntl/Houston Airport,IAH,Houston,United States,Detroit Metro Wayne County Airport,DTW,Detroit,United States,935,2.2,2026-11-11,04:47 AM
American Airlines,Boeing 737-823,B738,AA1003,Denver International Airport,DEN,Denver,United States,Miami International Airport,MIA,Miami,United States,1484,3.37,2026-01-11,09:10 AM
United Airlines,Boeing 737 MAX 9,B39M,UA2034,San Francisco International Airport,SFO,San Francisco,United States,Fort Lauderdale/Hollywood International Airport,FLL,Fort Lauderdale,United States,2241,4.97,2026-11-11,09:44 AM
United Airlines,Boeing 737-824,B738,UA1603,San Francisco International Airport,SFO,San Francisco,United States,Indianapolis International Airport,IND,Indianapolis,United States,1685,3.79,2026-11-11,10:01 AM
United Airlines,Boeing 777-222,B772,UA505,San Francisco International Airport,SFO,San Francisco,United States,George Bush Intcntl/Houston Airport,IAH,Houston,United States,1419,3.23,2026-08-11,10:19 AM
American Airlines,Airbus A319-112,A319,AA9792,Calgary International Airport,YYC,Calgary,Canada,Dallas-Fort Worth International Airport,DFW,Dallas-Fort Worth,United States,1324,3.03,2026-11-11,11:01 AM
United Airlines,Boeing 737-824,B738,UA2017,Harry Reid International Airport,LAS,Las Vegas,United States,George Bush Intcntl/Houston Airport,IAH,Houston,United States,1060,2.47,2026-11-11,11:21 AM
United Airlines,Airbus A319-131,A319,UA2320,Salt Lake City International Airport,SLC,Salt Lake City,United States,Newark Liberty International Airport,EWR,Newark,United States,1706,3.84,2026-11-11,11:31 AM
United Airlines,Airbus A321-271NX,A21N,UA1342,Los Angeles International Airport,LAX,Los Angeles,United States,Chicago O'Hare International Airport,ORD,Chicago,United States,1513,3.43,2026-11-11,12:00 PM
United Airlines,Boeing 757-224,B752,UA1665,San Francisco International Airport,SFO,San Francisco,United States,General Edward Lawrence Logan International Airport,BOS,Boston,United States,2344,5.19,2026-11-11,12:13 PM
United Airlines,Boeing 737 MAX 9,B39M,UA2067,Chicago O'Hare International Airport,ORD,Chicago,United States,General Edward Lawrence Logan International Airport,BOS,Boston,United States,751,1.81,2026-11-11,01:43 PM
American Airlines,Boeing 737-823,B738,AA1206,Dallas-Fort Worth International Airport,DFW,Dallas-Fort Worth,United States,General Edward Lawrence Logan International Airport,BOS,Boston,United States,1355,3.09,2026-11-11,02:12 PM
United Airlines,Boeing 737-824,B738,UA1935,Washington Dulles International Airport,IAD,Washington,United States,Cleveland-Hopkins International Airport,CLE,Cleveland,United States,250,0.75,2026-11-11,02:16 PM
American Airlines,Boeing 787-8 Dreamliner,B788,AA694,Daniel K Inouye International Airport,HNL,Honolulu,United States,Phoenix Sky Harbor International Airport,PHX,Phoenix,United States,2532,5.59,2026-11-11,02:25 PM
United Airlines,Boeing 737 MAX 8,B38M,UA1578,Nashville International Airport,BNA,Nashville,United States,San Francisco International Airport,SFO,San Francisco,United States,1707,3.84,2026-03-11,02:32 PM
United Airlines,Boeing 737 MAX 8,B38M,UA1364,Newark Liberty International Airport,EWR,Newark,United States,Fort Lauderdale/Hollywood International Airport,FLL,Fort Lauderdale,United States,927,2.18,2026-11-11,02:41 PM
United Airlines,Boeing 777-222(ER),B772,UA509,Leonardo Da Vinci (Fiumicino) International Airport,FCO,Rome,Italy,Newark Liberty International Airport,EWR,Newark,United States,3721,8.11,2026-11-11,02:43 PM
American Airlines,Boeing 737 MAX 8,B38M,AA1749,John F Kennedy International Airport,JFK,New York,United States,V.C. Bird International Airport,ANU,St. George,Antigua And Barbuda,1542,3.49,2026-01-11,02:52 PM
United Airlines,Boeing 777-222,B772,UA1720,Denver International Airport,DEN,Denver,United States,George Bush Intcntl/Houston Airport,IAH,Houston,United States,749,1.81,2026-11-11,03:01 PM
United Airlines,Boeing 737 MAX 8,B38M,UA643,Pittsburgh International Airport,PIT,Pittsburgh,United States,San Francisco International Airport,SFO,San Francisco,United States,1954,4.36,2026-11-11,03:07 PM
American Airlines,Boeing 737-823,B738,AA3060,Miami International Airport,MIA,Miami,United States,John F Kennedy International Airport,JFK,New York,United States,949,2.23,2026-11-11,03:12 PM
United Airlines,Boeing 777-222(ER),B772,UA1777,Newark Liberty International Airport,EWR,Newark,United States,San Francisco International Airport,SFO,San Francisco,United States,2224,4.93,2026-11-11,03:24 PM
American Airlines,Boeing 777-223(ER),B772,AA1613,Miami International Airport,MIA,Miami,United States,Luis Munoz Marin International Airport,SJU,San Juan,Puerto Rico,908,2.14,2026-11-11,03:33 PM
United Airlines,Boeing 737 MAX 8,B38M,UA2163,Raleigh-Durham International Airport,RDU,Raleigh/Durham,United States,Washington Dulles International Airport,IAD,Washington,United States,192,0.63,2026-11-11,03:48 PM
American Airlines,Airbus A321-231,A321,AA1,John F Kennedy International Airport,JFK,New York,United States,Los Angeles International Airport,LAX,Los Angeles,United States,2146,4.77,2026-11-11,03:49 PM
United Airlines,Boeing 737-724,B737,UA1693,Hartsfield - Jackson Atlanta International Airport,ATL,Atlanta,United States,Chicago O'Hare International Airport,ORD,Chicago,United States,527,1.34,2026-11-11,04:07 PM
American Airlines,Airbus A321-253NX,A21N,AA1928,Orlando International Airport,MCO,Orlando,United States,Los Angeles International Airport,LAX,Los Angeles,United States,1924,4.3,2026-11-11,04:27 PM
United Airlines,Boeing 737 MAX 8,B38M,UA1629,Newark Liberty International Airport,EWR,Newark,United States,Princess Juliana International Airport,SXM,Saint Martin,Netherlands,1475,3.35,2026-11-11,04:28 PM
United Airlines,Boeing 737 MAX 8,B38M,UA494,George Bush Intcntl/Houston Airport,IAH,Houston,United States,Fort Lauderdale/Hollywood International Airport,FLL,Fort Lauderdale,United States,838,2,2026-11-11,04:40 PM
United Airlines,Boeing 737 MAX 8,B38M,UA1596,Baltimore/Washington International Thurgood Marshall Airport,BWI,Baltimore,United States,San Francisco International Airport,SFO,San Francisco,United States,2130,4.73,2026-11-11,04:42 PM
American Airlines,Boeing 737-823,B738,AA1580,Laguardia Airport,LGA,New York,United States,Dallas-Fort Worth International Airport,DFW,Dallas-Fort Worth,United States,1205,2.77,2026-11-11,04:47 PM
Spirit Airlines,Airbus A321-231,A321,NK753,Detroit Metro Wayne County Airport,DTW,Detroit,United States,Orlando International Airport,MCO,Orlando,United States,834,1.99,2026-11-11,05:02 PM
American Airlines,Boeing 737-823,B738,AA707,Dallas-Fort Worth International Airport,DFW,Dallas-Fort Worth,United States,Seattle-Tacoma International Airport,SEA,Seattle,United States,1441,3.27,2026-11-11,05:06 PM
United Airlines,Boeing 737 MAX 9,B39M,UA2441,General Edward Lawrence Logan International Airport,BOS,Boston,United States,San Francisco International Airport,SFO,San Francisco,United States,2344,5.19,2026-11-11,05:09 PM
United Airlines,Boeing 737-824,B738,UA1390,Dallas-Fort Worth International Airport,DFW,Dallas-Fort Worth,United States,San Francisco International Airport,SFO,San Francisco,United States,1270,2.91,2026-11-11,05:18 PM
United Airlines,Boeing 737 MAX 8,B38M,UA1265,Daniel Oduber Quiros International Airport,LIR,Liberia,Costa Rica,George Bush Intcntl/Houston Airport,IAH,Houston,United States,1287,2.95,2026-04-11,05:38 PM
United Airlines,Boeing 737-7V3,B737,UA314,Washington Dulles International Airport,IAD,Washington,United States,Albuquerque International Sunport Airport,ABQ,Albuquerque,United States,1409,3.21,2026-11-11,05:40 PM
Spirit Airlines,Airbus A321-231,A321,NK1280,Louis Armstrong New Orleans International Airport,MSY,New Orleans,United States,Cancun International Airport,CUN,Cancun,Mexico,568,1.42,2026-11-11,05:42 PM
United Airlines,Boeing 757-224,B752,UA1244,Newark Liberty International Airport,EWR,Newark,United States,Los Angeles International Airport,LAX,Los Angeles,United States,2128,4.73,2026-11-11,05:47 PM
United Airlines,Boeing 737-824,B738,UA356,Norman Y Mineta San Jose International Airport,SJC,San Jose,United States,Chicago O'Hare International Airport,ORD,Chicago,United States,1586,3.58,2026-11-11,05:53 PM
United Airlines,Boeing 777-224(ER),B772,UA984,Charles de Gaulle International Airport,CDG,Paris,France,San Francisco International Airport,SFO,San Francisco,United States,4839,10.48,2026-11-11,05:58 PM
United Airlines,Boeing 737-724,B737,UA490,Chicago O'Hare International Airport,ORD,Chicago,United States,John Wayne/Orange County Airport,SNA,Santa Ana,United States,1497,3.39,2026-07-11,06:03 PM
United Airlines,Boeing 737-824,B738,UA2010,Denver International Airport,DEN,Denver,United States,Licenciado Gustavo Diaz Ordaz International Airport,PVR,Puerto Vallarta,Mexico,1152,2.66,2026-11-11,06:04 PM
United Airlines,Boeing 737-824,B738,UA2038,Chicago O'Hare International Airport,ORD,Chicago,United States,Seattle-Tacoma International Airport,SEA,Seattle,United States,1491,3.38,2026-02-11,06:13 PM
American Airlines,Boeing 787-9 Dreamliner,B789,AA21,London Heathrow Airport,LHR,London,United Kingdom,Dallas-Fort Worth International Airport,DFW,Dallas-Fort Worth,United States,4118,8.95,2026-11-11,06:21 PM
United Airlines,Boeing 737 MAX 8,B38M,UA1344,Newark Liberty International Airport,EWR,Newark,United States,Palm Beach International Airport,PBI,West Palm Beach,United States,891,2.11,2026-11-11,06:25 PM
United Airlines,Boeing 787-10 Dreamliner,B78X,UA2692,Newark Liberty International Airport,EWR,Newark,United States,Los Angeles International Airport,LAX,Los Angeles,United States,2128,4.73,2026-05-11,06:29 PM
American Airlines,Boeing 777-223(ER),B772,AA1613,Luis Munoz Marin International Airport,SJU,San Juan,Puerto Rico,Miami International Airport,MIA,Miami,United States,908,2.14,2026-11-11,07:14 PM
Spirit Airlines,Airbus A320-232,A320,NK2452,Harry Reid International Airport,LAS,Las Vegas,United States,Bob Hope Airport,BUR,Burbank,United States,194,0.63,2026-11-11,07:42 PM
United Airlines,Boeing 757-224,B752,UA2460,George Bush Intcntl/Houston Airport,IAH,Houston,United States,Los Angeles International Airport,LAX,Los Angeles,United States,1196,2.75,2026-11-11,08:37 PM
United Airlines,Airbus A319-131,A319,UA2267,San Francisco International Airport,SFO,San Francisco,United States,Kansas City International Airport,MCI,Kansas City,United States,1299,2.97,2026-11-11,08:40 PM
United Airlines,Boeing 757-224,B752,UA2356,San Francisco International Airport,SFO,San Francisco,United States,General Edward Lawrence Logan International Airport,BOS,Boston,United States,2344,5.19,2026-11-11,08:51 PM
United Airlines,Boeing 737 MAX 8,B38M,UA1949,Sacramento International Airport,SMF,Sacramento,United States,George Bush Intcntl/Houston Airport,IAH,Houston,United States,1396,3.18,2026-11-11,09:14 PM
United Airlines,Boeing 737 MAX 8,B38M,UA394,Los Angeles International Airport,LAX,Los Angeles,United States,Cleveland-Hopkins International Airport,CLE,Cleveland,United States,1780,3.99,2026-11-11,09:24 PM
United Airlines,Boeing 737 MAX 8,B38M,UA336,San Francisco International Airport,SFO,San Francisco,United States,St Louis Lambert International Airport,STL,St Louis,United States,1504,3.41,2026-11-11,09:26 PM
United Airlines,Airbus A319-131,A319,UA1671,Denver International Airport,DEN,Denver,United States,Hartsfield - Jackson Atlanta International Airport,ATL,Atlanta,United States,1040,2.42,2026-11-11,09:30 PM
United Airlines,Boeing 757-224,B752,UA2027,San Francisco International Airport,SFO,San Francisco,United States,Washington Dulles International Airport,IAD,Washington,United States,2095,4.66,2026-08-11,09:39 PM
Spirit Airlines,Airbus A320-271N,A20N,NK2506,Kansas City International Airport,MCI,Kansas City,United States,Harry Reid International Airport,LAS,Las Vegas,United States,988,2.31,2026-11-11,09:49 PM
United Airlines,Boeing 757-224,B752,UA2608,George Bush Intcntl/Houston Airport,IAH,Houston,United States,Newark Liberty International Airport,EWR,Newark,United States,1215,2.79,2026-11-11,10:08 PM
United Airlines,Boeing 757-224,B752,UA1283,Denver International Airport,DEN,Denver,United States,Newark Liberty International Airport,EWR,Newark,United States,1391,3.17,2026-11-11,10:16 PM
United Airlines,Boeing 737-824,B738,UA2661,Laguardia Airport,LGA,New York,United States,George Bush Intcntl/Houston Airport,IAH,Houston,United States,1230,2.83,2026-11-11,10:27 PM
American Airlines,Boeing 737-823,B738,AA2937,Charlotte/Douglas International Airport,CLT,Charlotte,United States,St Louis Lambert International Airport,STL,St Louis,United States,499,1.28,2026-11-11,10:34 PM
United Airlines,Boeing 737-724,B737,UA2856,Newark Liberty International Airport,EWR,Newark,United States,Dallas-Fort Worth International Airport,DFW,Dallas-Fort Worth,United States,1190,2.74,2026-11-12,03:01 AM
Spirit Airlines,Airbus A320-271N,A20N,NK1829,Norfolk International Airport,ORF,Norfolk,United States,Fort Lauderdale/Hollywood International Airport,FLL,Fort Lauderdale,United States,680,1.66,2026-11-12,03:03 AM
United Airlines,Airbus A319-131,A319,UA1962,Newark Liberty International Airport,EWR,Newark,United States,Salt Lake City International Airport,SLC,Salt Lake City,United States,1706,3.84,2026-11-12,03:04 AM
American Airlines,Boeing 737-823,B738,AA1607,Dallas-Fort Worth International Airport,DFW,Dallas-Fort Worth,United States,Cleveland-Hopkins International Airport,CLE,Cleveland,United States,886,2.1,2026-11-12,03:06 AM
United Airlines,Boeing 737 MAX 8,B38M,UA276,Laguardia Airport,LGA,New York,United States,George Bush Intcntl/Houston Airport,IAH,Houston,United States,1230,2.83,2026-03-12,03:15 AM
American Airlines,Airbus A321-231,A321,AA2237,Dallas-Fort Worth International Airport,DFW,Dallas-Fort Worth,United States,Hartsfield - Jackson Atlanta International Airport,ATL,Atlanta,United States,634,1.56,2026-11-12,03:22 AM
American Airlines,Airbus A319-112,A319,AA1725,Palm Beach International Airport,PBI,West Palm Beach,United States,Ronald Reagan Washington Ntl Airport,DCA,Washington,United States,747,1.8,2026-11-12,03:48 AM
United Airlines,Boeing 737-824,B738,UA8279,Laguardia Airport,LGA,New York,United States,Laguardia Airport,LGA,New York,United States,0,0.22,2026-11-12,03:55 AM
Spirit Airlines,Airbus A321-231,A321,NK2665,Los Angeles International Airport,LAX,Los Angeles,United States,George Bush Intcntl/Houston Airport,IAH,Houston,United States,1196,2.75,2026-11-12,04:04 AM
American Airlines,Boeing 737-823,B738,AA935,Laguardia Airport,LGA,New York,United States,Dallas-Fort Worth International Airport,DFW,Dallas-Fort Worth,United States,1205,2.77,2026-03-12,04:17 AM
American Airlines,Boeing 737-823,B738,AA2012,Miami International Airport,MIA,Miami,United States,Denver International Airport,DEN,Denver,United States,1484,3.37,2026-11-12,04:24 AM
United Airlines,Boeing 757-224,B752,UA2238,Newark Liberty International Airport,EWR,Newark,United States,Los Angeles International Airport,LAX,Los Angeles,United States,2128,4.73,2026-11-12,04:30 AM
United Airlines,Airbus A319-131,A319,UA2216,San Francisco International Airport,SFO,San Francisco,United States,Bob Hope Airport,BUR,Burbank,United States,283,0.82,2026-11-12,04:35 AM
United Airlines,Boeing 737-924(ER),B739,UA685,George Bush Intcntl/Houston Airport,IAH,Houston,United States,Detroit Metro Wayne County Airport,DTW,Detroit,United States,935,2.2,2026-11-12,04:38 AM
American Airlines,Boeing 737 MAX 8,B38M,AA3182,Phoenix Sky Harbor International Airport,PHX,Phoenix,United States,Cincinnati/Northern Kentucky International Airport,CVG,Covington,United States,1361,3.1,2026-11-12,04:55 AM
United Airlines,Boeing 737-924(ER),B739,UA1331,Newark Liberty International Airport,EWR,Newark,United States,Phoenix Sky Harbor International Airport,PHX,Phoenix,United States,1850,4.14,2026-07-12,05:13 AM
United Airlines,Boeing 737 MAX 8,B38M,UA1246,Denver International Airport,DEN,Denver,United States,Laguardia Airport,LGA,New York,United States,1404,3.2,2026-11-12,05:28 AM
United Airlines,Boeing 737 MAX 8,B38M,UA796,San Francisco International Airport,SFO,San Francisco,United States,Ontario International Airport,ONT,Ontario,United States,316,0.89,2026-08-12,05:45 AM
American Airlines,Airbus A319-132,A319,AA1087,Charlotte/Douglas International Airport,CLT,Charlotte,United States,Hartsfield - Jackson Atlanta International Airport,ATL,Atlanta,United States,197,0.64,2026-05-12,06:31 AM
United Airlines,Boeing 737 MAX 8,B38M,UA1909,Newark Liberty International Airport,EWR,Newark,United States,Harry Reid International Airport,LAS,Las Vegas,United States,1931,4.31,2026-11-12,07:02 AM
United Airlines,Airbus A319-131,A319,UA2462,San Francisco International Airport,SFO,San Francisco,United States,Seattle-Tacoma International Airport,SEA,Seattle,United States,590,1.47,2026-11-12,07:45 AM
American Airlines,Boeing 737 MAX 8,B38M,AA910,Jose Maria Cordova International Airport,MDE,Rionegro,Colombia,Miami International Airport,MIA,Miami,United States,1211,2.79,2026-05-12,07:51 AM
United Airlines,Boeing 737 MAX 8,B38M,UA1375,Phoenix Sky Harbor International Airport,PHX,Phoenix,United States,Newark Liberty International Airport,EWR,Newark,United States,1850,4.14,2026-11-12,08:03 AM
American Airlines,Boeing 737-823,B738,AA2727,Miami International Airport,MIA,Miami,United States,Sir Grantley Adams International Airport,BGI,Bridgetown,Barbados,1400,3.19,2026-11-13,06:24 PM
United Airlines,Boeing 737 MAX 9,B39M,UA1512,George Bush Intcntl/Houston Airport,IAH,Houston,United States,Daniel Oduber Quiros International Airport,LIR,Liberia,Costa Rica,1287,2.95,2026-11-13,06:31 PM
Spirit Airlines,Airbus A320-271N,A20N,NK237,Fort Lauderdale/Hollywood International Airport,FLL,Fort Lauderdale,United States,Jose Maria Cordova International Airport,MDE,Rionegro,Colombia,1226,2.82,2026-11-13,06:39 PM
Spirit Airlines,Airbus A320-232,A320,NK632,Cibao International Airport,STI,Santiago,Dominican Republic,Fort Lauderdale/Hollywood International Airport,FLL,Fort Lauderdale,United States,663,1.62,2026-11-13,06:56 PM
American Airlines,Boeing 737-823,B738,AA346,Philip S. W. Goldson International Airport,BZE,Belize City,Belize,Dallas-Fort Worth International Airport,DFW,Dallas-Fort Worth,United States,1036,2.42,2026-04-13,07:06 PM
American Airlines,Boeing 737-823,B738,AA311,Miami International Airport,MIA,Miami,United States,Juan Santamaria International Airport,SJO,San Jose,Costa Rica,975,2.29,2026-11-13,07:26 PM
American Airlines,Boeing 737 MAX 8,B38M,AA358,Juan Santamaria International Airport,SJO,San Jose,Costa Rica,Miami International Airport,MIA,Miami,United States,975,2.29,2026-11-13,07:49 PM
Spirit Airlines,Airbus A320-232,A320,NK652,El Eden Airport,AXM,Armenia,Colombia,Fort Lauderdale/Hollywood International Airport,FLL,Fort Lauderdale,United States,1322,3.02,2026-11-13,08:50 PM
American Airlines,Boeing 737-823,B738,AA2497,Martinique Aime Cesaire International Airport,FDF,Fort-de-France,Martinique,Miami International Airport,MIA,Miami,United States,1276,2.92,2026-05-13,08:55 PM
American Airlines,Boeing 737-823,B738,AA318,Juan Santamaria International Airport,SJO,San Jose,Costa Rica,Miami International Airport,MIA,Miami,United States,975,2.29,2026-11-13,09:52 PM
Spirit Airlines,Airbus A320-232,A320,NK342,Luis Munoz Marin International Airport,SJU,San Juan,Puerto Rico,Fort Lauderdale/Hollywood International Airport,FLL,Fort Lauderdale,United States,909,2.15,2026-11-13,10:13 PM
United Airlines,Boeing 737-824,B738,UA174,Guam International Airport,GUM,Guam,Guam,Francisco C Ada/Saipan International Airport,SPN,Saipan Island,Northern Mariana Islands,111,0.45,2026-11-13,10:21 PM
American Airlines,Boeing 737-823,B738,AA1104,El Salvador International Airport,SAL,Santa Clara,El Salvador,Dallas-Fort Worth International Airport,DFW,Dallas-Fort Worth,United States,1247,2.86,2026-05-13,10:28 PM
United Airlines,Boeing 737 MAX 8,B38M,UA1242,Ramon Villeda Morales International Airport,SAP,La Mesa,Honduras,George Bush Intcntl/Houston Airport,IAH,Houston,United States,964,2.26,2026-11-13,10:52 PM
United Airlines,Boeing 737 MAX 9,B39M,UA1473,Las Americas International Airport,SDQ,Santo Domingo,Dominican Republic,Newark Liberty International Airport,EWR,Newark,United States,1357,3.1,2026-11-13,11:13 PM
American Airlines,Boeing 737-823,B738,AA3136,Hewanorra International Airport,UVF,Vieux Fort,Saint Lucia,Charlotte/Douglas International Airport,CLT,Charlotte,United States,1683,3.79,2026-11-13,11:16 PM
United Airlines,Boeing 737-924(ER),B739,UA1043,Queen Beatrix International Airport,AUA,Oranjestad,Aruba,Newark Liberty International Airport,EWR,Newark,United States,1707,3.84,2026-11-13,11:28 PM
United Airlines,Boeing 737-824,B738,UA1433,Augusto C. Sandino (Managua) International Airport,MGA,Managua,Nicaragua,George Bush Intcntl/Houston Airport,IAH,Houston,United States,1187,2.74,2026-04-13,11:30 PM
American Airlines,Airbus A320-214,A320,AA3027,Dallas-Fort Worth International Airport,DFW,Dallas-Fort Worth,United States,Kansas City International Airport,MCI,Kansas City,United States,400,1.07,2026-11-13,11:42 PM
United Airlines,Boeing 737 MAX 9,B39M,UA668,Luis Munoz Marin International Airport,SJU,San Juan,Puerto Rico,George Bush Intcntl/Houston Airport,IAH,Houston,United States,1743,3.91,2026-11-13,11:52 PM
United Airlines,Boeing 737 MAX 8,B38M,UA2310,Newark Liberty International Airport,EWR,Newark,United States,Sacramento International Airport,SMF,Sacramento,United States,2167,4.81,2026-11-14,12:09 AM
Spirit Airlines,Airbus A321-231,A321,NK1984,Hartsfield - Jackson Atlanta International Airport,ATL,Atlanta,United States,Baltimore/Washington International Thurgood Marshall Airport,BWI,Baltimore,United States,501,1.28,2026-11-14,12:14 AM
American Airlines,Boeing 777-223(ER),B772,Unknown,Miami International Airport,MIA,Miami,United States,Luis Munoz Marin International Airport,SJU,San Juan,Puerto Rico,908,2.14,2026-11-14,12:33 AM
United Airlines,Boeing 737-824,B738,UA3902,Amata Kabua International Airport,MAJ,Majuro Atoll,Marshall Islands,Guam International Airport,GUM,Guam,Guam,1610,3.63,2026-11-14,04:35 AM
United Airlines,Boeing 737-824,B738,UA165,Guam International Airport,GUM,Guam,Guam,Taiwan Taoyuan International Airport,TPE,Taipei,Taiwan,1502,3.4,2026-11-15,02:38 AM
China United Airlines,Boeing 737-89P,B738,KN2317,Shijiazhuang Daguocun International Airport,SJW,Shijiazhuang,China,Kunming Wujiaba International Airport,KMG,Kunming,China,1003,2.35,2026-01-15,11:10 AM
United Airlines,Boeing 737-924(ER),B739,UA594,Pittsburgh International Airport,PIT,Pittsburgh,United States,Denver International Airport,DEN,Denver,United States,1118,2.59,2026-11-15,05:34 PM
United Airlines,Boeing 737-724,B737,UA1279,Chicago O'Hare International Airport,ORD,Chicago,United States,Charleston Afb/International Airport,CHS,Charleston,United States,661,1.62,2026-11-15,05:58 PM
American Airlines,Boeing 737-823,B738,AA454,Ronald Reagan Washington Ntl Airport,DCA,Washington,United States,Dallas-Fort Worth International Airport,DFW,Dallas-Fort Worth,United States,1034,2.41,2026-11-15,06:03 PM
American Airlines,Boeing 737 MAX 8,B38M,AA1327,John F Kennedy International Airport,JFK,New York,United States,Cancun International Airport,CUN,Cancun,Mexico,1353,3.09,2026-04-15,06:04 PM
United Airlines,Boeing 737-924(ER),B739,UA3925,Phoenix Sky Harbor International Airport,PHX,Phoenix,United States,George Bush Intcntl/Houston Airport,IAH,Houston,United States,875,2.07,2026-11-15,06:07 PM
American Airlines,Boeing 737 MAX 8,B38M,AA2253,Dallas-Fort Worth International Airport,DFW,Dallas-Fort Worth,United States,John Wayne/Orange County Airport,SNA,Santa Ana,United States,1045,2.43,2026-11-15,06:09 PM
American Airlines,Boeing 737 MAX 8,B38M,AA1289,L.F. Wade International International Airport,BDA,Hamilton,Bermuda,John F Kennedy International Airport,JFK,New York,United States,662,1.62,2026-11-15,06:12 PM
American Airlines,Airbus A319-115,A319,AA1923,Dallas-Fort Worth International Airport,DFW,Dallas-Fort Worth,United States,Jackson Hole Airport,JAC,Jackson,United States,909,2.15,2026-08-15,06:18 PM
United Airlines,Boeing 737-824,B738,UA1094,Southwest Florida International Airport,RSW,Fort Myers,United States,George Bush Intcntl/Houston Airport,IAH,Houston,United States,746,1.8,2026-11-15,06:22 PM
United Airlines,Airbus A320-232,A320,UA1681,Nashville International Airport,BNA,Nashville,United States,San Francisco International Airport,SFO,San Francisco,United States,1707,3.84,2026-03-15,06:23 PM
American Airlines,Boeing 737-823,B738,AA1305,Dallas-Fort Worth International Airport,DFW,Dallas-Fort Worth,United States,Providenciales Airport,PLS,Providenciales Island,Turks And Caicos Islands,1475,3.35,2026-11-15,06:25 PM
United Airlines,Boeing 767-322(ER),B763,UA928,London Heathrow Airport,LHR,London,United Kingdom,Chicago O'Hare International Airport,ORD,Chicago,United States,3426,7.48,2026-11-15,06:38 PM
Spirit Airlines,Airbus A320-271N,A20N,NK680,Newark Liberty International Airport,EWR,Newark,United States,Dallas-Fort Worth International Airport,DFW,Dallas-Fort Worth,United States,1190,2.74,2026-11-15,06:45 PM
American Airlines,Boeing 737-823,B738,AA2123,Chicago O'Hare International Airport,ORD,Chicago,United States,Sangster International Airport,MBJ,Montego Bay,Jamaica,1499,3.4,2026-11-15,06:54 PM
United Airlines,Boeing 737-724,B737,UA1258,Chicago O'Hare International Airport,ORD,Chicago,United States,Hewanorra International Airport,UVF,Vieux Fort,Saint Lucia,2199,4.88,2026-11-15,07:18 PM
United Airlines,Boeing 737-724,B737,UA1725,Don Miguel Hidalgo Y Costilla International Airport,GDL,Guadalajara,Mexico,George Bush Intcntl/Houston Airport,IAH,Houston,United States,714,1.73,2026-11-15,08:00 PM
American Airlines,Airbus A319-132,A319,AA1097,Ponciano Arriaga International Airport,SLP,San Luis Potosi,Mexico,Dallas-Fort Worth International Airport,DFW,Dallas-Fort Worth,United States,672,1.64,2026-11-15,08:01 PM
United Airlines,Boeing 737-924(ER),B739,UA1905,San Antonio International Airport,SAT,San Antonio,United States,Chicago O'Hare International Airport,ORD,Chicago,United States,906,2.14,2026-11-15,08:15 PM
United Airlines,Boeing 737-824,B738,UA517,John Wayne/Orange County Airport,SNA,Santa Ana,United States,George Bush Intcntl/Houston Airport,IAH,Houston,United States,1168,2.7,2026-11-15,08:25 PM
American Airlines,Boeing 737-823,B738,AA3078,Orlando International Airport,MCO,Orlando,United States,Philadelphia International Airport,PHL,Philadelphia,United States,750,1.81,2026-01-15,08:27 PM
American Airlines,Boeing 737-823,B738,AA1545,Licenciado Gustavo Diaz Ordaz International Airport,PVR,Puerto Vallarta,Mexico,Phoenix Sky Harbor International Airport,PHX,Phoenix,United States,846,2.01,2026-11-15,08:29 PM
United Airlines,Boeing 787-9 Dreamliner,B789,UA3814,Kansas City International Airport,MCI,Kansas City,United States,Denver International Airport,DEN,Denver,United States,462,1.2,2026-11-15,08:29 PM
United Airlines,Airbus A319-131,A319,UA479,Cincinnati/Northern Kentucky International Airport,CVG,Covington,United States,Denver International Airport,DEN,Denver,United States,927,2.18,2026-11-15,08:40 PM
United Airlines,Boeing 737-71Q,B737,UA2848,Melville Hall Airport,DOM,Marigot,Dominica,Newark Liberty International Airport,EWR,Newark,United States,1652,3.72,2026-11-15,08:41 PM
American Airlines,Airbus A320-232,A320,AA1985,Des Moines International Airport,DSM,Des Moines,United States,Charlotte/Douglas International Airport,CLT,Charlotte,United States,708,1.72,2026-11-15,08:44 PM
American Airlines,Boeing 737-823,B738,AA883,Chicago O'Hare International Airport,ORD,Chicago,United States,Orlando International Airport,MCO,Orlando,United States,875,2.07,2026-01-15,08:47 PM
United Airlines,Boeing 737-824,B738,UA692,Cozumel International Airport,CZM,Cozumel,Mexico,Denver International Airport,DEN,Denver,United States,1476,3.35,2026-07-15,09:01 PM
American Airlines,Boeing 737-823,B738,AA2952,Los Cabos International Airport,SJD,San Jose del Cabo,Mexico,Chicago O'Hare International Airport,ORD,Chicago,United States,1571,3.55,2026-11-15,09:13 PM
American Airlines,Boeing 787-9 Dreamliner,B789,AA1184,Philadelphia International Airport,PHL,Philadelphia,United States,Dallas-Fort Worth International Airport,DFW,Dallas-Fort Worth,United States,1130,2.61,2026-11-15,09:19 PM
Spirit Airlines,Airbus A321-231,A321,NK1337,Cancun International Airport,CUN,Cancun,Mexico,George Bush Intcntl/Houston Airport,IAH,Houston,United States,706,1.72,2026-07-15,09:24 PM
United Airlines,Boeing 737-824,B738,UA2411,Fort Lauderdale/Hollywood International Airport,FLL,Fort Lauderdale,United States,Denver International Airport,DEN,Denver,United States,1479,3.35,2026-03-15,09:27 PM
American Airlines,Boeing 737 MAX 8,B38M,AA1708,Miami International Airport,MIA,Miami,United States,Newark Liberty International Airport,EWR,Newark,United States,945,2.22,2026-11-15,09:35 PM
American Airlines,Boeing 737-823,B738,AA3256,Austin-Bergstrom International Airport,AUS,Austin,United States,John F Kennedy International Airport,JFK,New York,United States,1320,3.02,2026-11-15,09:38 PM
United Airlines,Boeing 737-824,B738,UA2060,General Edward Lawrence Logan International Airport,BOS,Boston,United States,George Bush Intcntl/Houston Airport,IAH,Houston,United States,1386,3.16,2026-11-15,09:44 PM
United Airlines,Boeing 737 MAX 8,B38M,UA2422,Lynden Pindling International Airport,NAS,Nassau,Bahamas,Chicago O'Hare International Airport,ORD,Chicago,United States,1141,2.64,2026-11-15,09:47 PM
United Airlines,Boeing 737-824,B738,UA323,Boise Air Trml/Gowen Field,BOI,Boise,United States,Chicago O'Hare International Airport,ORD,Chicago,United States,1246,2.86,2026-11-15,09:51 PM
American Airlines,Airbus A319-112,A319,AA2850,Fort Lauderdale/Hollywood International Airport,FLL,Fort Lauderdale,United States,Philadelphia International Airport,PHL,Philadelphia,United States,864,2.05,2026-11-15,09:58 PM
American Airlines,Airbus A321-231,A321,AA947,Charlotte/Douglas International Airport,CLT,Charlotte,United States,Phoenix Sky Harbor International Airport,PHX,Phoenix,United States,1538,3.48,2026-04-15,09:58 PM
United Airlines,Boeing 737 MAX 8,B38M,UA365,San Francisco International Airport,SFO,San Francisco,United States,Raleigh-Durham International Airport,RDU,Raleigh/Durham,United States,2081,4.63,2026-11-15,10:07 PM
United Airlines,Airbus A320-232,A320,UA766,Los Cabos International Airport,SJD,San Jose del Cabo,Mexico,Chicago O'Hare International Airport,ORD,Chicago,United States,1571,3.55,2026-11-15,10:08 PM
American Airlines,Boeing 737 MAX 8,B38M,AA1069,Harry Reid International Airport,LAS,Las Vegas,United States,John F Kennedy International Airport,JFK,New York,United States,1949,4.35,2026-11-15,10:11 PM
American Airlines,Airbus A319-115,A319,AA3200,Cyril E King Airport,STT,Charlotte Amalie,Virgin Islands Us,Charlotte/Douglas International Airport,CLT,Charlotte,United States,1323,3.02,2026-11-15,10:12 PM
United Airlines,Boeing 757-224,B752,UA2011,San Francisco International Airport,SFO,San Francisco,United States,Newark Liberty International Airport,EWR,Newark,United States,2224,4.93,2026-11-15,10:21 PM
United Airlines,Boeing 737-824,B738,UA2254,Portland International Airport,PDX,Portland,United States,Denver International Airport,DEN,Denver,United States,860,2.04,2026-11-15,10:33 PM
American Airlines,Airbus A319-112,A319,AA2774,Austin-Bergstrom International Airport,AUS,Austin,United States,Philadelphia International Airport,PHL,Philadelphia,United States,1241,2.85,2026-11-15,10:41 PM
American Airlines,Boeing 737-823,B738,AA3128,Tucson International Airport,TUS,Tucson,United States,Chicago O'Hare International Airport,ORD,Chicago,United States,1247,2.86,2026-11-15,10:51 PM
American Airlines,Airbus A320-214,A320,AA2609,Austin-Bergstrom International Airport,AUS,Austin,United States,Philadelphia International Airport,PHL,Philadelphia,United States,1241,2.85,2026-11-15,10:57 PM
American Airlines,Boeing 737-823,B738,AA2247,Charlotte/Douglas International Airport,CLT,Charlotte,United States,Austin-Bergstrom International Airport,AUS,Austin,United States,896,2.12,2026-11-15,11:08 PM
American Airlines,Airbus A319-115,A319,AA3077,Miami International Airport,MIA,Miami,United States,Orlando International Airport,MCO,Orlando,United States,167,0.57,2026-11-15,11:11 PM
American Airlines,Boeing 737-823,B738,AA1894,Charlotte/Douglas International Airport,CLT,Charlotte,United States,Raleigh-Durham International Airport,RDU,Raleigh/Durham,United States,113,0.46,2026-11-15,11:22 PM
United Airlines,Boeing 737 MAX 9,B39M,UA1743,George Bush Intcntl/Houston Airport,IAH,Houston,United States,Los Angeles International Airport,LAX,Los Angeles,United States,1196,2.75,2026-11-15,11:27 PM
American Airlines,Airbus A320-214,A320,AA1490,Dallas-Fort Worth International Airport,DFW,Dallas-Fort Worth,United States,Fresno Yosemite International Airport,FAT,Fresno,United States,1139,2.63,2026-08-15,11:29 PM
United Airlines,Boeing 777-222(ER),B772,UA30,Newark Liberty International Airport,EWR,Newark,United States,Munich International Airport,MUC,Munich,Germany,3511,7.66,2026-11-16,01:34 AM
American Airlines,Airbus A321-253NX,A21N,AA3079,Philadelphia International Airport,PHL,Philadelphia,United States,San Francisco International Airport,SFO,San Francisco,United States,2186,4.85,2026-11-16,01:39 AM
United Airlines,Boeing 737 MAX 8,B38M,UA1374,Denver International Airport,DEN,Denver,United States,Fort Lauderdale/Hollywood International Airport,FLL,Fort Lauderdale,United States,1479,3.35,2026-11-16,01:46 AM
American Airlines,Airbus A319-115,A319,AA2824,Charlotte/Douglas International Airport,CLT,Charlotte,United States,Key West International Airport,EYW,Key West,United States,641,1.58,2026-07-16,01:48 AM
American Airlines,Boeing 737-823,B738,AA2108,Dallas-Fort Worth International Airport,DFW,Dallas-Fort Worth,United States,Philadelphia International Airport,PHL,Philadelphia,United States,1130,2.61,2026-07-16,01:48 AM
United Airlines,Boeing 787-8 Dreamliner,B788,UA73,Ben Gurion International Airport,TLV,Tel Aviv,Israel,Washington Dulles International Airport,IAD,Washington,United States,5123,11.08,2026-11-16,01:51 AM
Spirit Airlines,Airbus A321-231,A321,NK386,Detroit Metro Wayne County Airport,DTW,Detroit,United States,George Bush Intcntl/Houston Airport,IAH,Houston,United States,935,2.2,2026-11-16,01:52 AM
United Airlines,Boeing 737-924(ER),B739,UA1233,Newark Liberty International Airport,EWR,Newark,United States,George Bush Intcntl/Houston Airport,IAH,Houston,United States,1215,2.79,2026-11-16,02:00 AM
United Airlines,Boeing 737 MAX 8,B38M,UA249,Fort Lauderdale/Hollywood International Airport,FLL,Fort Lauderdale,United States,San Francisco International Airport,SFO,San Francisco,United States,2241,4.97,2026-11-16,02:01 AM
American Airlines,Boeing 737-823,B738,AA1385,General Edward Lawrence Logan International Airport,BOS,Boston,United States,Miami International Airport,MIA,Miami,United States,1095,2.54,2026-11-16,02:03 AM
American Airlines,Boeing 737-823,B738,AA3010,Philadelphia International Airport,PHL,Philadelphia,United States,Dallas-Fort Worth International Airport,DFW,Dallas-Fort Worth,United States,1130,2.61,2026-11-16,02:18 AM
United Airlines,Boeing 737-824,B738,UA530,Hartsfield - Jackson Atlanta International Airport,ATL,Atlanta,United States,San Francisco International Airport,SFO,San Francisco,United States,1855,4.15,2026-11-16,02:19 AM
United Airlines,Boeing 737 MAX 8,B38M,UA2416,St Louis Lambert International Airport,STL,St Louis,United States,San Francisco International Airport,SFO,San Francisco,United States,1504,3.41,2026-11-16,02:20 AM
American Airlines,Airbus A319-112,A319,AA2106,Charlotte/Douglas International Airport,CLT,Charlotte,United States,Sarasota/Bradenton International Airport,SRQ,Sarasota/Bradenton,United States,477,1.23,2026-08-16,02:21 AM
United Airlines,Airbus A319-132,A319,UA1856,Dallas-Fort Worth International Airport,DFW,Dallas-Fort Worth,United States,Newark Liberty International Airport,EWR,Newark,United States,1190,2.74,2026-11-16,02:21 AM
United Airlines,Boeing 737-924,B739,UA1818,Orlando International Airport,MCO,Orlando,United States,George Bush Intcntl/Houston Airport,IAH,Houston,United States,741,1.79,2026-11-16,02:22 AM
United Airlines,Boeing 737-924(ER),B739,UA1885,Phoenix Sky Harbor International Airport,PHX,Phoenix,United States,George Bush Intcntl/Houston Airport,IAH,Houston,United States,875,2.07,2026-11-16,02:25 AM
American Airlines,Airbus A319-112,A319,AA1181,Chicago O'Hare International Airport,ORD,Chicago,United States,Philadelphia International Airport,PHL,Philadelphia,United States,588,1.47,2026-11-16,02:26 AM
United Airlines,Boeing 737-924(ER),B739,UA794,Tampa International Airport,TPA,Tampa,United States,San Francisco International Airport,SFO,San Francisco,United States,2076,4.62,2026-11-16,02:27 AM
United Airlines,Boeing 757-224,B752,UA1581,Denver International Airport,DEN,Denver,United States,Daniel K Inouye International Airport,HNL,Honolulu,United States,2920,6.41,2026-11-16,02:35 AM
American Airlines,Airbus A321-231,A321,AA15,John F Kennedy International Airport,JFK,New York,United States,San Francisco International Airport,SFO,San Francisco,United States,2242,4.97,2026-11-16,02:38 AM
Spirit Airlines,Airbus A321-231,A321,NK607,Fort Lauderdale/Hollywood International Airport,FLL,Fort Lauderdale,United States,Newark Liberty International Airport,EWR,Newark,United States,927,2.18,2026-03-16,02:41 AM
United Airlines,Boeing 737 MAX 9,B39M,UA1546,Southwest Florida International Airport,RSW,Fort Myers,United States,San Francisco International Airport,SFO,San Francisco,United States,2151,4.78,2026-11-16,02:47 AM
United Airlines,Boeing 777-222(ER),B772,UA3909,San Francisco International Airport,SFO,San Francisco,United States,George Bush Intcntl/Houston Airport,IAH,Houston,United States,1419,3.23,2026-11-16,02:48 AM
United Airlines,Airbus A319-131,A319,UA231,Denver International Airport,DEN,Denver,United States,Louisville Muhammad Ali International Airport,SDF,Louisville,United States,887,2.1,2026-11-16,02:56 AM
American Airlines,Boeing 737 MAX 8,B38M,AA2347,Miami International Airport,MIA,Miami,United States,George Bush Intcntl/Houston Airport,IAH,Houston,United States,837,1.99,2026-11-16,02:57 AM
American Airlines,Boeing 777-223(ER),B772,AA38,Miami International Airport,MIA,Miami,United States,London Heathrow Airport,LHR,London,United Kingdom,3838,8.36,2026-11-16,02:58 AM
United Airlines,Airbus A321-271NX,A21N,UA1346,San Francisco International Airport,SFO,San Francisco,United States,Chicago O'Hare International Airport,ORD,Chicago,United States,1600,3.61,2026-11-16,03:01 AM
American Airlines,Airbus A319-112,A319,AA857,San Antonio International Airport,SAT,San Antonio,United States,Chicago O'Hare International Airport,ORD,Chicago,United States,906,2.14,2026-01-16,03:03 AM
American Airlines,Airbus A321-231,A321,AA3101,Charlotte/Douglas International Airport,CLT,Charlotte,United States,Dallas-Fort Worth International Airport,DFW,Dallas-Fort Worth,United States,811,1.94,2026-11-16,03:18 AM
Spirit Airlines,Airbus A321-231,A321,NK1603,George Bush Intcntl/Houston Airport,IAH,Houston,United States,Laguardia Airport,LGA,New York,United States,1230,2.83,2026-11-16,03:30 AM
American Airlines,Airbus A321-253NX,A21N,AA1502,Charlotte/Douglas International Airport,CLT,Charlotte,United States,Nashville International Airport,BNA,Nashville,United States,285,0.82,2026-11-16,03:36 AM
United Airlines,Airbus A319-131,A319,UA1515,San Francisco International Airport,SFO,San Francisco,United States,Louis Armstrong New Orleans International Airport,MSY,New Orleans,United States,1657,3.73,2026-01-16,03:37 AM
United Airlines,Boeing 757-224,B752,UA353,Newark Liberty International Airport,EWR,Newark,United States,Los Angeles International Airport,LAX,Los Angeles,United States,2128,4.73,2026-11-16,03:58 AM
American Airlines,Boeing 737-823,B738,AA1543,Chicago O'Hare International Airport,ORD,Chicago,United States,San Diego International Airport,SAN,San Diego,United States,1494,3.39,2026-11-16,04:01 AM
American Airlines,Airbus A319-112,A319,AA1394,Philadelphia International Airport,PHL,Philadelphia,United States,Austin-Bergstrom International Airport,AUS,Austin,United States,1241,2.85,2026-11-16,04:08 AM
American Airlines,Boeing 737-823,B738,AA3014,Miami International Airport,MIA,Miami,United States,Jacksonville International Airport,JAX,Jacksonville,United States,292,0.84,2026-11-16,04:10 AM
American Airlines,Airbus A319-115,A319,AA2334,Charlotte/Douglas International Airport,CLT,Charlotte,United States,Wilmington International Airport,ILM,Wilmington,United States,161,0.56,2026-11-16,04:14 AM
American Airlines,Airbus A321-211,A321,AA2297,Charlotte/Douglas International Airport,CLT,Charlotte,United States,George Bush Intcntl/Houston Airport,IAH,Houston,United States,792,1.9,2026-11-16,04:16 AM
United Airlines,Boeing 757-224,B752,UA333,General Edward Lawrence Logan International Airport,BOS,Boston,United States,Los Angeles International Airport,LAX,Los Angeles,United States,2264,5.02,2026-11-16,04:45 AM
American Airlines,Boeing 787-8 Dreamliner,B788,AA897,Philadelphia International Airport,PHL,Philadelphia,United States,Los Angeles International Airport,LAX,Los Angeles,United States,2082,4.63,2026-11-16,04:47 AM
United Airlines,Boeing 737 MAX 8,B38M,UA2175,Newark Liberty International Airport,EWR,Newark,United States,Harry Reid International Airport,LAS,Las Vegas,United States,1931,4.31,2026-03-16,04:49 AM
United Airlines,Boeing 737 MAX 8,B38M,UA1575,Philadelphia International Airport,PHL,Philadelphia,United States,San Francisco International Airport,SFO,San Francisco,United States,2186,4.85,2026-11-16,04:51 AM
Spirit Airlines,Airbus A320-232,A320,NK2463,Philadelphia International Airport,PHL,Philadelphia,United States,Harry Reid International Airport,LAS,Las Vegas,United States,1887,4.22,2026-11-16,05:01 AM
American Airlines,Airbus A321-253NX,A21N,AA1826,Philadelphia International Airport,PHL,Philadelphia,United States,San Francisco International Airport,SFO,San Francisco,United States,2186,4.85,2026-11-16,05:17 AM
American Airlines,Boeing 737-823,B738,AA788,Los Angeles International Airport,LAX,Los Angeles,United States,Phoenix Sky Harbor International Airport,PHX,Phoenix,United States,321,0.9,2026-01-16,05:28 AM
United Airlines,Boeing 737-824,B738,UA505,San Diego International Airport,SAN,San Diego,United States,San Francisco International Airport,SFO,San Francisco,United States,388,1.04,2026-11-16,05:37 AM
United Airlines,Boeing 757-224,B752,UA3028,Newark Liberty International Airport,EWR,Newark,United States,Los Angeles International Airport,LAX,Los Angeles,United States,2128,4.73,2026-11-16,05:38 AM
United Airlines,Boeing 737-824,B738,UA2644,Denver International Airport,DEN,Denver,United States,Palm Springs International Airport,PSP,Palm Springs,United States,673,1.65,2026-03-16,05:41 AM
United Airlines,Boeing 737 MAX 9,B39M,UA2123,Denver International Airport,DEN,Denver,United States,San Francisco International Airport,SFO,San Francisco,United States,838,2,2026-11-16,05:47 AM
United Airlines,Boeing 757-224,B752,UA2220,Denver International Airport,DEN,Denver,United States,Kahului Airport,OGG,Kahului,United States,2866,6.29,2026-11-16,05:51 AM
United Airlines,Boeing 737 MAX 8,B38M,UA2435,Washington Dulles International Airport,IAD,Washington,United States,Sacramento International Airport,SMF,Sacramento,United States,2043,4.55,2026-11-16,05:51 AM
United Airlines,Boeing 737-924(ER),B739,UA531,Denver International Airport,DEN,Denver,United States,Los Angeles International Airport,LAX,Los Angeles,United States,748,1.8,2026-11-16,06:23 AM
American Airlines,Boeing 737 MAX 8,B38M,AA2761,San Francisco International Airport,SFO,San Francisco,United States,Chicago O'Hare International Airport,ORD,Chicago,United States,1600,3.61,2026-11-16,06:56 AM
American Airlines,Airbus A321-253NX,A21N,AA1967,Phoenix Sky Harbor International Airport,PHX,Phoenix,United States,Newark Liberty International Airport,EWR,Newark,United States,1850,4.14,2026-11-16,07:18 AM
American Airlines,Airbus A321-253NX,A21N,AA1118,Los Angeles International Airport,LAX,Los Angeles,United States,Orlando International Airport,MCO,Orlando,United States,1924,4.3,2026-11-16,09:24 AM
United Airlines,Airbus A321-271NX,A21N,UA2097,San Francisco International Airport,SFO,San Francisco,United States,Chicago O'Hare International Airport,ORD,Chicago,United States,1600,3.61,2026-11-16,09:28 AM
American Airlines,Airbus A321-231,A321,AA1849,Portland International Airport,PDX,Portland,United States,Charlotte/Douglas International Airport,CLT,Charlotte,United States,1978,4.41,2026-11-16,09:37 AM
United Airlines,Boeing 737 MAX 9,B39M,UA1145,San Francisco International Airport,SFO,San Francisco,United States,Cancun International Airport,CUN,Cancun,Mexico,2090,4.65,2026-11-16,10:03 AM
United Airlines,Boeing 737 MAX 8,B38M,UA2435,Sacramento International Airport,SMF,Sacramento,United States,Newark Liberty International Airport,EWR,Newark,United States,2167,4.81,2026-02-16,10:18 AM
American Airlines,Airbus A321-253NX,A21N,AA2889,Portland International Airport,PDX,Portland,United States,Miami International Airport,MIA,Miami,United States,2343,5.19,2026-11-16,10:18 AM
American Airlines,Airbus A321-253NX,A21N,AA1751,Phoenix Sky Harbor International Airport,PHX,Phoenix,United States,Ronald Reagan Washington Ntl Airport,DCA,Washington,United States,1716,3.86,2026-04-16,10:21 AM
American Airlines,Boeing 737-823,B738,AA3323,Harry Reid International Airport,LAS,Las Vegas,United States,Chicago O'Hare International Airport,ORD,Chicago,United States,1313,3,2026-04-16,10:22 AM
United Airlines,Boeing 737-924(ER),B739,UA2320,Salt Lake City International Airport,SLC,Salt Lake City,United States,Newark Liberty International Airport,EWR,Newark,United States,1706,3.84,2026-11-16,10:33 AM
American Airlines,Airbus A321-211,A321,AA1470,Los Angeles International Airport,LAX,Los Angeles,United States,Charlotte/Douglas International Airport,CLT,Charlotte,United States,1842,4.12,2026-11-16,10:46 AM
American Airlines,Airbus A321-253N,A21N,AA2320,Los Angeles International Airport,LAX,Los Angeles,United States,Dallas-Fort Worth International Airport,DFW,Dallas-Fort Worth,United States,1071,2.49,2026-11-16,10:50 AM
United Airlines,Boeing 737-824,B738,UA436,San Francisco International Airport,SFO,San Francisco,United States,Toronto Pearson International Airport,YYZ,Mississauga,Canada,1959,4.37,2026-11-16,10:59 AM
United Airlines,Boeing 737 MAX 8,B38M,UA1202,Los Angeles International Airport,LAX,Los Angeles,United States,Juan Santamaria International Airport,SJO,San Jose,Costa Rica,2366,5.23,2026-11-16,12:13 PM
Spirit Airlines,Airbus A320-232,A320,NK679,Dallas-Fort Worth International Airport,DFW,Dallas-Fort Worth,United States,Newark Liberty International Airport,EWR,Newark,United States,1190,2.74,2026-05-16,12:30 PM
American Airlines,Airbus A321-211,A321,AA3056,Charlotte/Douglas International Airport,CLT,Charlotte,United States,Orlando International Airport,MCO,Orlando,United States,408,1.08,2026-11-16,12:33 PM
American Airlines,Airbus A321-253NX,A21N,AA1557,Miami International Airport,MIA,Miami,United States,San Francisco International Airport,SFO,San Francisco,United States,2243,4.97,2026-11-16,12:44 PM
United Airlines,Boeing 757-224,B752,UA1517,Kahului Airport,OGG,Kahului,United States,Denver International Airport,DEN,Denver,United States,2866,6.29,2026-02-16,01:06 PM
American Airlines,Boeing 737 MAX 8,B38M,AA1370,Newark Liberty International Airport,EWR,Newark,United States,Miami International Airport,MIA,Miami,United States,945,2.22,2026-11-16,01:09 PM
American Airlines,Boeing 737 MAX 8,B38M,AA1686,Dallas-Fort Worth International Airport,DFW,Dallas-Fort Worth,United States,John Wayne/Orange County Airport,SNA,Santa Ana,United States,1045,2.43,2026-11-16,01:11 PM
United Airlines,Boeing 737 MAX 8,B38M,UA1529,Newark Liberty International Airport,EWR,Newark,United States,Cyril E King Airport,STT,Charlotte Amalie,Virgin Islands Us,1424,3.24,2026-11-16,01:21 PM
American Airlines,Airbus A321-231,A321,AA1476,San Francisco International Airport,SFO,San Francisco,United States,Charlotte/Douglas International Airport,CLT,Charlotte,United States,1991,4.44,2026-11-16,01:42 PM
Spirit Airlines,Airbus A320-232,A320,NK2451,Tampa International Airport,TPA,Tampa,United States,Harry Reid International Airport,LAS,Las Vegas,United States,1721,3.87,2026-11-16,01:43 PM
American Airlines,Airbus A321-231,A321,AA3314,Charlotte/Douglas International Airport,CLT,Charlotte,United States,Palm Beach International Airport,PBI,West Palm Beach,United States,514,1.31,2026-11-16,01:47 PM
American Airlines,Boeing 777-323(ER),B77W,AA1562,Miami International Airport,MIA,Miami,United States,Dallas-Fort Worth International Airport,DFW,Dallas-Fort Worth,United States,973,2.28,2026-11-16,01:57 PM
United Airlines,Boeing 737 MAX 9,B39M,UA1740,Chicago O'Hare International Airport,ORD,Chicago,United States,Southwest Florida International Airport,RSW,Fort Myers,United States,977,2.29,2026-11-16,01:58 PM
United Airlines,Boeing 737 MAX 9,B39M,UA690,Cleveland-Hopkins International Airport,CLE,Cleveland,United States,Denver International Airport,DEN,Denver,United States,1041,2.43,2026-11-16,02:15 PM
United Airlines,Boeing 757-33N,B753,UA3753,Los Angeles International Airport,LAX,Los Angeles,United States,Washington Dulles International Airport,IAD,Washington,United States,1982,4.42,2026-11-16,02:17 PM
United Airlines,Boeing 737 MAX 9,B39M,UA379,Washington Dulles International Airport,IAD,Washington,United States,Orlando International Airport,MCO,Orlando,United States,657,1.61,2026-04-16,02:24 PM
United Airlines,Boeing 737-824,B738,UA1259,Hartsfield - Jackson Atlanta International Airport,ATL,Atlanta,United States,San Francisco International Airport,SFO,San Francisco,United States,1855,4.15,2026-11-16,02:29 PM
American Airlines,Airbus A321-231,A321,AA3085,John F Kennedy International Airport,JFK,New York,United States,John Wayne/Orange County Airport,SNA,Santa Ana,United States,2128,4.73,2026-11-16,02:31 PM
United Airlines,Boeing 737 MAX 8,B38M,UA1419,Newark Liberty International Airport,EWR,Newark,United States,Los Cabos International Airport,SJD,San Jose del Cabo,Mexico,2075,4.62,2026-02-16,02:42 PM
United Airlines,Boeing 737 MAX 9,B39M,UA1059,Cancun International Airport,CUN,Cancun,Mexico,George Bush Intcntl/Houston Airport,IAH,Houston,United States,706,1.72,2026-11-16,02:44 PM
United Airlines,Boeing 777-300(ER),B77W,UA3900,San Francisco International Airport,SFO,San Francisco,United States,Madrid Barajas International Airport,MAD,Madrid,Spain,5038,10.9,2026-11-16,02:56 PM
United Airlines,Boeing 737 MAX 9,B39M,UA2431,George Bush Intcntl/Houston Airport,IAH,Houston,United States,Los Angeles International Airport,LAX,Los Angeles,United States,1196,2.75,2026-11-16,03:03 PM
United Airlines,Boeing 737-924(ER),B739,UA1342,Chicago O'Hare International Airport,ORD,Chicago,United States,Tampa International Airport,TPA,Tampa,United States,881,2.09,2026-04-16,03:15 PM
United Airlines,Boeing 737 MAX 8,B38M,UA282,Fort Lauderdale/Hollywood International Airport,FLL,Fort Lauderdale,United States,San Francisco International Airport,SFO,San Francisco,United States,2241,4.97,2026-11-16,03:50 PM
United Airlines,Boeing 737-924(ER),B739,UA1537,Washington Dulles International Airport,IAD,Washington,United States,Denver International Airport,DEN,Denver,United States,1258,2.89,2026-11-16,03:52 PM
United Airlines,Boeing 737 MAX 9,B39M,UA1649,Juan Santamaria International Airport,SJO,San Jose,Costa Rica,Newark Liberty International Airport,EWR,Newark,United States,1919,4.29,2026-11-17,05:18 AM
China United Airlines,Boeing 737-89P,B738,KN2397,Shijiazhuang Daguocun International Airport,SJW,Shijiazhuang,China,Sanya Phoenix International Airport,SYX,Sanya,China,1231,2.83,2026-03-17,06:18 AM
United Airlines,Boeing 767-322(ER),B763,UA260,Washington Dulles International Airport,IAD,Washington,United States,Madrid Barajas International Airport,MAD,Madrid,Spain,3311,7.24,2026-11-17,07:22 AM
United Airlines,Boeing 737-824,B738,UA671,Norfolk International Airport,ORF,Norfolk,United States,Denver International Airport,DEN,Denver,United States,1346,3.07,2026-03-17,04:10 PM
United Airlines,Boeing 737-724,B737,UA454,Newark Liberty International Airport,EWR,Newark,United States,Dallas-Fort Worth International Airport,DFW,Dallas-Fort Worth,United States,1190,2.74,2026-11-17,04:12 PM
American Airlines,Boeing 737-823,B738,AA885,Sir Grantley Adams International Airport,BGI,Bridgetown,Barbados,Miami International Airport,MIA,Miami,United States,1400,3.19,2026-11-22,07:05 PM
American Airlines,Boeing 737-823,B738,AA2099,Las Americas International Airport,SDQ,Santo Domingo,Dominican Republic,Miami International Airport,MIA,Miami,United States,737,1.78,2026-11-22,07:15 PM
United Airlines,Airbus A319-132,A319,UA2675,George Bush Intcntl/Houston Airport,IAH,Houston,United States,Pittsburgh International Airport,PIT,Pittsburgh,United States,971,2.28,2026-11-22,07:47 PM
Spirit Airlines,Airbus A321-231,A321,NK1310,Juan Santamaria International Airport,SJO,San Jose,Costa Rica,Orlando International Airport,MCO,Orlando,United States,1119,2.59,2026-11-22,07:53 PM
American Airlines,Boeing 737 MAX 8,B38M,AA2860,Hewanorra International Airport,UVF,Vieux Fort,Saint Lucia,Miami International Airport,MIA,Miami,United States,1308,2.99,2026-11-22,08:12 PM
American Airlines,Boeing 737 MAX 8,B38M,AA2182,Miami International Airport,MIA,Miami,United States,Henry E Rohlsen Airport,STX,Christiansted,Virgin Islands Us,990,2.32,2026-11-22,08:14 PM
American Airlines,Airbus A321-231,A321,AA1143,Queen Beatrix International Airport,AUA,Oranjestad,Aruba,Dallas-Fort Worth International Airport,DFW,Dallas-Fort Worth,United States,1923,4.3,2026-11-22,08:48 PM
American Airlines,Boeing 737 MAX 8,B38M,AA2300,Miami International Airport,MIA,Miami,United States,Chicago O'Hare International Airport,ORD,Chicago,United States,1042,2.43,2026-11-22,08:59 PM
American Airlines,Boeing 737 MAX 8,B38M,AA926,El Dorado International Airport,BOG,Bogota,Colombia,Miami International Airport,MIA,Miami,United States,1315,3.01,2026-11-22,09:22 PM
American Airlines,Boeing 737-823,B738,AA1126,Miami International Airport,MIA,Miami,United States,Orlando International Airport,MCO,Orlando,United States,167,0.57,2026-11-22,09:35 PM
American Airlines,Boeing 787-9 Dreamliner,B789,AA9601,Tokyo International Airport,HND,Tokyo,Japan,Los Angeles International Airport,LAX,Los Angeles,United States,4758,10.31,2026-07-23,10:52 AM
China United Airlines,Boeing 737-89P,B738,KN5102,Beijing Daxing International Airport,PKX,Beijing,China,Yulin Airport,UYN,Yulin,China,320,0.9,2026-11-23,11:53 AM
United Airlines,Boeing 737-824,B738,UA572,Licenciado Gustavo Diaz Ordaz International Airport,PVR,Puerto Vallarta,Mexico,Denver International Airport,DEN,Denver,United States,1152,2.66,2026-11-23,08:16 PM
Spirit Airlines,Airbus A320-232,A320,NK2051,Norman Manley International Airport,KIN,Kingston,Jamaica,Fort Lauderdale/Hollywood International Airport,FLL,Fort Lauderdale,United States,523,1.33,2026-11-23,08:22 PM
United Airlines,Boeing 737 MAX 8,B38M,UA2349,Daniel Oduber Quiros International Airport,LIR,Liberia,Costa Rica,San Francisco International Airport,SFO,San Francisco,United States,2561,5.65,2026-11-23,08:40 PM
United Airlines,Boeing 737 MAX 8,B38M,UA1455,Lynden Pindling International Airport,NAS,Nassau,Bahamas,George Bush Intcntl/Houston Airport,IAH,Houston,United States,996,2.33,2026-11-23,08:42 PM
American Airlines,Boeing 737-823,B738,AA506,Phoenix Sky Harbor International Airport,PHX,Phoenix,United States,Southwest Florida International Airport,RSW,Fort Myers,United States,1619,3.65,2026-11-23,08:44 PM
American Airlines,Airbus A320-214,A320,AA501,Phoenix Sky Harbor International Airport,PHX,Phoenix,United States,Licenciado Benito Juarez International Airport,MEX,Mexico City,Mexico,1089,2.53,2026-11-23,08:45 PM
American Airlines,Boeing 737-823,B738,AA2171,Miami International Airport,MIA,Miami,United States,Las Americas International Airport,SDQ,Santo Domingo,Dominican Republic,737,1.78,2026-11-23,08:55 PM
American Airlines,Boeing 737 MAX 8,B38M,AA2009,Miami International Airport,MIA,Miami,United States,Cyril E King Airport,STT,Charlotte Amalie,Virgin Islands Us,962,2.26,2026-11-23,09:02 PM
American Airlines,Boeing 737-823,B738,AA1060,Chicago O'Hare International Airport,ORD,Chicago,United States,Los Cabos International Airport,SJD,San Jose del Cabo,Mexico,1571,3.55,2026-11-23,09:06 PM
American Airlines,Boeing 737-823,B738,AA2182,Miami International Airport,MIA,Miami,United States,Henry E Rohlsen Airport,STX,Christiansted,Virgin Islands Us,990,2.32,2026-11-23,09:08 PM
United Airlines,Boeing 737 MAX 9,B39M,UA524,Punta Cana International Airport,PUJ,Punta Cana,Dominican Republic,George Bush Intcntl/Houston Airport,IAH,Houston,United States,1622,3.66,2026-11-23,09:22 PM
Spirit Airlines,Airbus A320-232,A320,NK1329,Comayagua-Palmerola International Airport,XPL,Comayagua,Honduras,Fort Lauderdale/Hollywood International Airport,FLL,Fort Lauderdale,United States,818,1.95,2026-11-23,09:25 PM
United Airlines,Boeing 737 MAX 8,B38M,UA2365,Cyril E King Airport,STT,Charlotte Amalie,Virgin Islands Us,Chicago O'Hare International Airport,ORD,Chicago,United States,1840,4.12,2026-11-23,09:46 PM
American Airlines,Boeing 737-823,B738,AA3113,Punta Cana International Airport,PUJ,Punta Cana,Dominican Republic,Chicago O'Hare International Airport,ORD,Chicago,United States,1724,3.87,2026-11-23,09:47 PM
American Airlines,Boeing 737-823,B738,AA386,Philip S. W. Goldson International Airport,BZE,Belize City,Belize,Miami International Airport,MIA,Miami,United States,667,1.63,2026-11-23,10:51 PM
American Airlines,Boeing 737 MAX 8,B38M,AA1774,La Aurora Airport,GUA,Guatemala City,Guatemala,Miami International Airport,MIA,Miami,United States,886,2.1,2026-11-23,11:16 PM
American Airlines,Boeing 737 MAX 8,B38M,AA3329,Charlotte/Douglas International Airport,CLT,Charlotte,United States,Sarasota/Bradenton International Airport,SRQ,Sarasota/Bradenton,United States,477,1.23,2026-04-23,11:26 PM
American Airlines,Airbus A319-112,A319,AA2265,Cincinnati/Northern Kentucky International Airport,CVG,Covington,United States,Miami International Airport,MIA,Miami,United States,826,1.97,2026-11-23,11:29 PM
American Airlines,Boeing 737-823,B738,AA810,Dallas-Fort Worth International Airport,DFW,Dallas-Fort Worth,United States,San Francisco International Airport,SFO,San Francisco,United States,1270,2.91,2026-11-23,11:30 PM
American Airlines,Airbus A321-231,A321,AA1192,Cancun International Airport,CUN,Cancun,Mexico,Charlotte/Douglas International Airport,CLT,Charlotte,United States,907,2.14,2026-11-23,11:47 PM
American Airlines,Boeing 737-823,B738,AA2393,Licenciado Gustavo Diaz Ordaz International Airport,PVR,Puerto Vallarta,Mexico,Los Angeles International Airport,LAX,Los Angeles,United States,1059,2.46,2026-11-23,11:51 PM
American Airlines,Boeing 737 MAX 8,B38M,AA2197,Miami International Airport,MIA,Miami,United States,Alfonso Bonilla Aragon International Airport,CLO,Cali,Colombia,1355,3.09,2026-04-23,11:55 PM
American Airlines,Airbus A319-112,A319,AA2010,Nashville International Airport,BNA,Nashville,United States,Miami International Airport,MIA,Miami,United States,702,1.71,2026-11-23,11:56 PM
Spirit Airlines,Airbus A321-271NX,A21N,NK245,Fort Lauderdale/Hollywood International Airport,FLL,Fort Lauderdale,United States,Pensacola International Airport,PNS,Pensacola,United States,456,1.19,2026-11-24,12:02 AM
American Airlines,Airbus A319-115,A319,AA1656,Dallas-Fort Worth International Airport,DFW,Dallas-Fort Worth,United States,George Bush Intcntl/Houston Airport,IAH,Houston,United States,195,0.63,2026-11-24,12:07 AM
American Airlines,Airbus A321-253NX,A21N,AA1665,Miami International Airport,MIA,Miami,United States,San Francisco International Airport,SFO,San Francisco,United States,2243,4.97,2026-11-24,12:21 AM
American Airlines,Airbus A321-231,A321,AA2953,Charlotte/Douglas International Airport,CLT,Charlotte,United States,Los Angeles International Airport,LAX,Los Angeles,United States,1842,4.12,2026-11-24,12:21 AM
American Airlines,Airbus A321-231,A321,AA1063,Palm Beach International Airport,PBI,West Palm Beach,United States,Dallas-Fort Worth International Airport,DFW,Dallas-Fort Worth,United States,957,2.25,2026-11-24,12:31 AM
Spirit Airlines,Airbus A321-271NX,A21N,NK2971,Austin-Bergstrom International Airport,AUS,Austin,United States,Newark Liberty International Airport,EWR,Newark,United States,1305,2.99,2026-11-24,12:35 AM
American Airlines,Boeing 737-823,B738,AA2366,Dallas-Fort Worth International Airport,DFW,Dallas-Fort Worth,United States,Indianapolis International Airport,IND,Indianapolis,United States,661,1.62,2026-07-24,12:36 AM
American Airlines,Boeing 737 MAX 8,B38M,AA3272,Licenciado Gustavo Diaz Ordaz International Airport,PVR,Puerto Vallarta,Mexico,Phoenix Sky Harbor International Airport,PHX,Phoenix,United States,846,2.01,2026-11-24,12:40 AM
United Airlines,Boeing 737-824,B738,UA2439,George Bush Intcntl/Houston Airport,IAH,Houston,United States,General Edward Lawrence Logan International Airport,BOS,Boston,United States,1386,3.16,2026-11-24,12:55 AM
American Airlines,Boeing 737-823,B738,AA2929,Licenciado Manuel Crescencio Rejon Int Airport,MID,Merida,Mexico,Dallas-Fort Worth International Airport,DFW,Dallas-Fort Worth,United States,819,1.96,2026-11-24,01:00 AM
American Airlines,Airbus A319-132,A319,AA2644,Dane County Regional/Truax Field,MSN,Madison,United States,Phoenix Sky Harbor International Airport,PHX,Phoenix,United States,1212,2.79,2026-11-24,01:02 AM
American Airlines,Boeing 737 MAX 8,B38M,AA1359,V.C. Bird International Airport,ANU,St. George,Antigua And Barbuda,John F Kennedy International Airport,JFK,New York,United States,1542,3.49,2026-11-24,02:05 AM
American Airlines,Airbus A321-211,A321,AA3283,Tampa International Airport,TPA,Tampa,United States,Charlotte/Douglas International Airport,CLT,Charlotte,United States,442,1.16,2026-07-24,02:31 AM
American Airlines,Boeing 737 MAX 8,B38M,AA946,Miami International Airport,MIA,Miami,United States,Luis Munoz Marin International Airport,SJU,San Juan,Puerto Rico,908,2.14,2026-11-25,01:51 PM
United Airlines,Boeing 737 MAX 9,B39M,UA2022,Luis Munoz Marin International Airport,SJU,San Juan,Puerto Rico,Washington Dulles International Airport,IAD,Washington,United States,1367,3.12,2026-04-25,02:04 PM
American Airlines,Boeing 737 MAX 8,B38M,AA326,Juan Santamaria International Airport,SJO,San Jose,Costa Rica,Chicago O'Hare International Airport,ORD,Chicago,United States,1930,4.31,2026-11-25,02:05 PM
American Airlines,Boeing 737-823,B738,AA344,La Aurora Airport,GUA,Guatemala City,Guatemala,Miami International Airport,MIA,Miami,United States,886,2.1,2026-11-25,02:12 PM
American Airlines,Boeing 737 MAX 8,B38M,AA448,Simon Bolivar International Airport,GYE,Guayaquil,Ecuador,Miami International Airport,MIA,Miami,United States,1678,3.78,2026-11-25,03:05 PM
American Airlines,Boeing 737 MAX 8,B38M,AA1284,Sir Grantley Adams International Airport,BGI,Bridgetown,Barbados,Miami International Airport,MIA,Miami,United States,1400,3.19,2026-01-25,03:25 PM
Spirit Airlines,Airbus A320-232,A320,NK1705,Miami International Airport,MIA,Miami,United States,George Bush Intcntl/Houston Airport,IAH,Houston,United States,837,1.99,2026-11-25,05:03 PM
American Airlines,Boeing 737 MAX 8,B38M,AA2264,Dallas-Fort Worth International Airport,DFW,Dallas-Fort Worth,United States,John Wayne/Orange County Airport,SNA,Santa Ana,United States,1045,2.43,2026-11-25,05:25 PM
American Airlines,Boeing 737-823,B738,AA2325,Dallas-Fort Worth International Airport,DFW,Dallas-Fort Worth,United States,Charleston Afb/International Airport,CHS,Charleston,United States,856,2.03,2026-11-25,06:17 PM
American Airlines,Boeing 737-823,B738,AA329,Dallas-Fort Worth International Airport,DFW,Dallas-Fort Worth,United States,Philip S. W. Goldson International Airport,BZE,Belize City,Belize,1036,2.42,2026-11-25,06:47 PM
American Airlines,Boeing 737 MAX 8,B38M,AA2056,Miami International Airport,MIA,Miami,United States,Cyril E King Airport,STT,Charlotte Amalie,Virgin Islands Us,962,2.26,2026-11-25,07:22 PM
American Airlines,Boeing 787-8 Dreamliner,B788,AA9607,Guarulhos - Governador Andre Franco Montoro International Airport,GRU,Sao Paulo,Brazil,Dallas-Fort Worth International Airport,DFW,Dallas-Fort Worth,United States,4451,9.66,2026-11-26,06:57 AM
United Airlines,Boeing 767-322(ER),B763,UA3921,Galeao - Antonio Carlos Jobim International Airport,GIG,Rio De Janeiro,Brazil,Newark Liberty International Airport,EWR,Newark,United States,4185,9.09,2026-11-26,07:29 AM
American Airlines,Boeing 737-823,B738,AA275,Los Angeles International Airport,LAX,Los Angeles,United States,Cancun International Airport,CUN,Cancun,Mexico,1839,4.12,2026-11-26,10:26 AM
United Airlines,Boeing 737 MAX 8,B38M,UA1490,Portland International Airport,PDX,Portland,United States,Chicago O'Hare International Airport,ORD,Chicago,United States,1507,3.41,2026-11-26,11:08 AM
American Airlines,Boeing 777-223(ER),B772,AA296,Kahului Airport,OGG,Kahului,United States,Dallas-Fort Worth International Airport,DFW,Dallas-Fort Worth,United States,3219,7.04,2026-11-26,11:59 AM
American Airlines,Boeing 787-8 Dreamliner,B788,AA9603,Charles de Gaulle International Airport,CDG,Paris,France,Philadelphia International Airport,PHL,Philadelphia,United States,3231,7.07,2026-11-26,02:23 PM
American Airlines,Boeing 737-823,B738,AA858,Chicago O'Hare International Airport,ORD,Chicago,United States,Palm Springs International Airport,PSP,Palm Springs,United States,1432,3.25,2026-11-26,02:35 PM
American Airlines,Boeing 737-823,B738,AA2774,Dallas-Fort Worth International Airport,DFW,Dallas-Fort Worth,United States,Los Angeles International Airport,LAX,Los Angeles,United States,1071,2.49,2026-11-26,03:03 PM
United Airlines,Boeing 777-222,B772,UA2292,Denver International Airport,DEN,Denver,United States,Orlando International Airport,MCO,Orlando,United States,1343,3.07,2026-11-26,03:19 PM
United Airlines,Boeing 737-824,B738,UA2304,George Bush Intcntl/Houston Airport,IAH,Houston,United States,Pittsburgh International Airport,PIT,Pittsburgh,United States,971,2.28,2026-11-26,03:51 PM
American Airlines,Boeing 737-823,B738,AA1082,Dallas-Fort Worth International Airport,DFW,Dallas-Fort Worth,United States,Chicago O'Hare International Airport,ORD,Chicago,United States,697,1.7,2026-01-26,04:02 PM
United Airlines,Boeing 757-224,B752,UA546,Harry Reid International Airport,LAS,Las Vegas,United States,Newark Liberty International Airport,EWR,Newark,United States,1931,4.31,2026-05-26,07:53 PM
United Airlines,Boeing 737-924(ER),B739,UA1228,Harry Reid International Airport,LAS,Las Vegas,United States,Washington Dulles International Airport,IAD,Washington,United States,1789,4.01,2026-11-26,07:56 PM
United Airlines,Boeing 737 MAX 8,B38M,UA1326,San Francisco International Airport,SFO,San Francisco,United States,Austin-Bergstrom International Airport,AUS,Austin,United States,1305,2.99,2026-11-26,08:00 PM
American Airlines,Boeing 737 MAX 8,B38M,AA2801,Los Angeles International Airport,LAX,Los Angeles,United States,Cancun International Airport,CUN,Cancun,Mexico,1839,4.12,2026-11-26,08:11 PM
American Airlines,Boeing 737-823,B738,AA2379,Tampa International Airport,TPA,Tampa,United States,Laguardia Airport,LGA,New York,United States,879,2.08,2026-04-26,08:19 PM
United Airlines,Boeing 737 MAX 9,B39M,UA2250,San Antonio International Airport,SAT,San Antonio,United States,Washington Dulles International Airport,IAD,Washington,United States,1179,2.72,2026-11-26,08:31 PM
American Airlines,Boeing 737-823,B738,AA1174,Don Miguel Hidalgo Y Costilla International Airport,GDL,Guadalajara,Mexico,Dallas-Fort Worth International Airport,DFW,Dallas-Fort Worth,United States,815,1.95,2026-08-26,08:33 PM
American Airlines,Airbus A319-112,A319,AA1913,Lynden Pindling International Airport,NAS,Nassau,Bahamas,Philadelphia International Airport,PHL,Philadelphia,United States,898,2.12,2026-11-26,08:36 PM
American Airlines,Boeing 737-823,B738,AA1424,Fort Lauderdale/Hollywood International Airport,FLL,Fort Lauderdale,United States,Chicago O'Hare International Airport,ORD,Chicago,United States,1029,2.4,2026-11-26,09:06 PM
American Airlines,Boeing 777-223(ER),B772,AA787,Los Angeles International Airport,LAX,Los Angeles,United States,Miami International Airport,MIA,Miami,United States,2032,4.53,2026-11-26,09:17 PM
Spirit Airlines,Airbus A320-232,A320,NK754,Los Angeles International Airport,LAX,Los Angeles,United States,Louis Armstrong New Orleans International Airport,MSY,New Orleans,United States,1449,3.29,2026-11-26,09:22 PM
American Airlines,Boeing 737-823,B738,AA2046,Norman Y Mineta San Jose International Airport,SJC,San Jose,United States,Dallas-Fort Worth International Airport,DFW,Dallas-Fort Worth,United States,1247,2.86,2026-11-26,09:30 PM
American Airlines,Boeing 737-823,B738,AA3246,Dallas-Fort Worth International Airport,DFW,Dallas-Fort Worth,United States,Philadelphia International Airport,PHL,Philadelphia,United States,1130,2.61,2026-11-26,09:53 PM
American Airlines,Airbus A319-112,A319,AA1818,Key West International Airport,EYW,Key West,United States,Charlotte/Douglas International Airport,CLT,Charlotte,United States,641,1.58,2026-11-26,10:05 PM
American Airlines,Boeing 777-223(ER),B772,AA238,Los Angeles International Airport,LAX,Los Angeles,United States,John F Kennedy International Airport,JFK,New York,United States,2146,4.77,2026-11-26,10:11 PM
American Airlines,Airbus A319-115,A319,AA3147,Key West International Airport,EYW,Key West,United States,Philadelphia International Airport,PHL,Philadelphia,United States,977,2.29,2026-11-26,10:24 PM
American Airlines,Boeing 737-823,B738,AA2293,Princess Juliana International Airport,SXM,Saint Martin,Netherlands,Miami International Airport,MIA,Miami,United States,1063,2.47,2026-11-26,10:26 PM
American Airlines,Airbus A319-132,A319,AA2148,Ronald Reagan Washington Ntl Airport,DCA,Washington,United States,General Edward Lawrence Logan International Airport,BOS,Boston,United States,346,0.95,2026-11-26,10:46 PM
United Airlines,Boeing 787-9 Dreamliner,B789,UA2127,Los Angeles International Airport,LAX,Los Angeles,United States,Newark Liberty International Airport,EWR,Newark,United States,2128,4.73,2026-11-26,10:53 PM
United Airlines,Airbus A319-131,A319,UA1181,George Bush Intcntl/Houston Airport,IAH,Houston,United States,Ronald Reagan Washington Ntl Airport,DCA,Washington,United States,1048,2.44,2026-11-26,11:00 PM
United Airlines,Boeing 737-824,B738,UA1555,Ronald Reagan Washington Ntl Airport,DCA,Washington,United States,Ronald Reagan Washington Ntl Airport,DCA,Washington,United States,0,0.22,2026-11-26,11:06 PM
United Airlines,Boeing 737 MAX 8,B38M,UA699,Ronald Reagan Washington Ntl Airport,DCA,Washington,United States,San Francisco International Airport,SFO,San Francisco,United States,2117,4.71,2026-11-26,11:16 PM
United Airlines,Airbus A319-131,A319,UA1690,Newark Liberty International Airport,EWR,Newark,United States,Hartsfield - Jackson Atlanta International Airport,ATL,Atlanta,United States,648,1.59,2026-11-26,11:20 PM
American Airlines,Boeing 737-823,B738,AA1245,Sangster International Airport,MBJ,Montego Bay,Jamaica,Miami International Airport,MIA,Miami,United States,457,1.19,2026-11-26,11:23 PM
Spirit Airlines,Airbus A320-232,A320,NK784,Punta Cana International Airport,PUJ,Punta Cana,Dominican Republic,Fort Lauderdale/Hollywood International Airport,FLL,Fort Lauderdale,United States,794,1.9,2026-11-26,11:27 PM
American Airlines,Boeing 737-823,B738,AA2182,Henry E Rohlsen Airport,STX,Christiansted,Virgin Islands Us,Miami International Airport,MIA,Miami,United States,990,2.32,2026-11-26,11:31 PM
American Airlines,Boeing 737-823,B738,AA2233,Dallas-Fort Worth International Airport,DFW,Dallas-Fort Worth,United States,Licenciado Benito Juarez International Airport,MEX,Mexico City,Mexico,816,1.95,2026-11-26,11:34 PM
American Airlines,Boeing 737 MAX 8,B38M,AA921,Miami International Airport,MIA,Miami,United States,Chicago O'Hare International Airport,ORD,Chicago,United States,1042,2.43,2026-11-26,11:39 PM
American Airlines,Boeing 737-823,B738,AA3071,Orlando International Airport,MCO,Orlando,United States,Chicago O'Hare International Airport,ORD,Chicago,United States,875,2.07,2026-11-26,11:45 PM
American Airlines,Boeing 737-823,B738,AA2477,Charlotte/Douglas International Airport,CLT,Charlotte,United States,St Louis Lambert International Airport,STL,St Louis,United States,499,1.28,2026-11-26,11:48 PM
American Airlines,Boeing 737 MAX 8,B38M,AA3018,Laguardia Airport,LGA,New York,United States,Miami International Airport,MIA,Miami,United States,955,2.24,2026-11-26,11:48 PM
American Airlines,Boeing 737 MAX 8,B38M,AA3223,Dallas-Fort Worth International Airport,DFW,Dallas-Fort Worth,United States,John Wayne/Orange County Airport,SNA,Santa Ana,United States,1045,2.43,2026-04-26,11:53 PM
Spirit Airlines,Airbus A320-232,A320,NK816,Nashville International Airport,BNA,Nashville,United States,Orlando International Airport,MCO,Orlando,United States,536,1.36,2026-05-26,11:55 PM
United Airlines,Boeing 737-824,B738,UA2217,Washington Dulles International Airport,IAD,Washington,United States,George Bush Intcntl/Houston Airport,IAH,Houston,United States,1030,2.4,2026-11-27,12:13 AM
American Airlines,Boeing 737-823,B738,AA1238,Southwest Florida International Airport,RSW,Fort Myers,United States,Chicago O'Hare International Airport,ORD,Chicago,United States,977,2.29,2026-11-27,12:39 AM
American Airlines,Boeing 777-223(ER),B772,AA3015,Dallas-Fort Worth International Airport,DFW,Dallas-Fort Worth,United States,Kahului Airport,OGG,Kahului,United States,3219,7.04,2026-11-27,12:59 AM
United Airlines,Boeing 777-222,B772,UA1757,Washington Dulles International Airport,IAD,Washington,United States,San Francisco International Airport,SFO,San Francisco,United States,2095,4.66,2026-11-27,01:07 AM
American Airlines,Boeing 737-823,B738,AA2854,Louisville Muhammad Ali International Airport,SDF,Louisville,United States,Charlotte/Douglas International Airport,CLT,Charlotte,United States,291,0.84,2026-11-27,01:08 AM
American Airlines,Boeing 787-8 Dreamliner,B788,AA229,Dallas-Fort Worth International Airport,DFW,Dallas-Fort Worth,United States,Ellison Onizuka Kona International At Keahole Airport,KOA,Kailua/Kona,United States,3230,7.07,2026-11-27,01:15 AM
American Airlines,Airbus A319-132,A319,AA1533,Philadelphia International Airport,PHL,Philadelphia,United States,George Bush Intcntl/Houston Airport,IAH,Houston,United States,1150,2.66,2026-11-27,01:29 AM
American Airlines,Boeing 737 MAX 8,B38M,AA2933,Miami International Airport,MIA,Miami,United States,San Francisco International Airport,SFO,San Francisco,United States,2243,4.97,2026-11-27,01:32 AM
United Airlines,Boeing 737 MAX 8,B38M,UA2254,Denver International Airport,DEN,Denver,United States,Tampa International Airport,TPA,Tampa,United States,1308,2.99,2026-11-27,01:34 AM
American Airlines,Boeing 737-823,B738,AA3126,Nashville International Airport,BNA,Nashville,United States,Los Angeles International Airport,LAX,Los Angeles,United States,1558,3.52,2026-03-27,01:39 AM
American Airlines,Airbus A321-231,A321,AA2760,General Edward Lawrence Logan International Airport,BOS,Boston,United States,Los Angeles International Airport,LAX,Los Angeles,United States,2264,5.02,2026-11-27,01:41 AM
United Airlines,Boeing 737 MAX 9,B39M,UA2058,Newark Liberty International Airport,EWR,Newark,United States,Fort Lauderdale/Hollywood International Airport,FLL,Fort Lauderdale,United States,927,2.18,2026-11-27,01:45 AM
United Airlines,Airbus A320-232,A320,UA1237,Minneapolis-St Paul International/Wold-Chamberlain Airport,MSP,Minneapolis,United States,Chicago O'Hare International Airport,ORD,Chicago,United States,290,0.83,2026-11-27,01:45 AM
Spirit Airlines,Airbus A320-271N,A20N,NK2202,General Edward Lawrence Logan International Airport,BOS,Boston,United States,Orlando International Airport,MCO,Orlando,United States,975,2.29,2026-11-27,01:48 AM
American Airlines,Airbus A319-132,A319,AA502,Licenciado Benito Juarez International Airport,MEX,Mexico City,Mexico,Phoenix Sky Harbor International Airport,PHX,Phoenix,United States,1089,2.53,2026-11-27,01:53 AM
Spirit Airlines,Airbus A320-232,A320,NK2402,Philadelphia International Airport,PHL,Philadelphia,United States,Charlotte/Douglas International Airport,CLT,Charlotte,United States,390,1.05,2026-11-27,02:03 AM
American Airlines,Boeing 737-823,B738,AA2455,Dallas-Fort Worth International Airport,DFW,Dallas-Fort Worth,United States,La Aurora Airport,GUA,Guatemala City,Guatemala,1156,2.67,2026-04-27,04:24 AM
American Airlines,Boeing 737-823,B738,AA2506,Miami International Airport,MIA,Miami,United States,Luis Munoz Marin International Airport,SJU,San Juan,Puerto Rico,908,2.14,2026-11-27,05:19 AM
American Airlines,Boeing 737-823,B738,AA340,El Salvador International Airport,SAL,Santa Clara,El Salvador,Miami International Airport,MIA,Miami,United States,891,2.11,2026-11-27,07:05 AM
United Airlines,Boeing 737-824,B738,UA2072,San Francisco International Airport,SFO,San Francisco,United States,Austin-Bergstrom International Airport,AUS,Austin,United States,1305,2.99,2026-11-27,09:55 AM
American Airlines,Boeing 737 MAX 8,B38M,AA2976,Los Angeles International Airport,LAX,Los Angeles,United States,Miami International Airport,MIA,Miami,United States,2032,4.53,2026-11-27,10:34 AM
American Airlines,Boeing 777-223(ER),B772,AA9601,Narita International Airport,NRT,Tokyo,Japan,Dallas-Fort Worth International Airport,DFW,Dallas-Fort Worth,United States,5574,12.04,2026-07-27,10:48 AM
Spirit Airlines,Airbus A320-232,A320,NK140,Detroit Metro Wayne County Airport,DTW,Detroit,United States,Fort Lauderdale/Hollywood International Airport,FLL,Fort Lauderdale,United States,982,2.3,2026-11-27,11:42 AM
United Airlines,Boeing 737-824,B738,UA2347,George Bush Intcntl/Houston Airport,IAH,Houston,United States,Southwest Florida International Airport,RSW,Fort Myers,United States,746,1.8,2026-11-27,02:17 PM
United Airlines,Boeing 737 MAX 8,B38M,UA759,George Bush Intcntl/Houston Airport,IAH,Houston,United States,Miami International Airport,MIA,Miami,United States,837,1.99,2026-11-27,02:31 PM
United Airlines,Boeing 737 MAX 9,B39M,UA1198,Chicago O'Hare International Airport,ORD,Chicago,United States,Cancun International Airport,CUN,Cancun,Mexico,1258,2.89,2026-11-27,02:33 PM
United Airlines,Boeing 737 MAX 8,B38M,UA512,George Bush Intcntl/Houston Airport,IAH,Houston,United States,Ronald Reagan Washington Ntl Airport,DCA,Washington,United States,1048,2.44,2026-02-27,02:50 PM
United Airlines,Boeing 767-322(ER),B763,UA15,London Heathrow Airport,LHR,London,United Kingdom,Newark Liberty International Airport,EWR,Newark,United States,3003,6.59,2026-07-27,02:58 PM
American Airlines,Boeing 737-823,B738,AA773,Raleigh-Durham International Airport,RDU,Raleigh/Durham,United States,Los Angeles International Airport,LAX,Los Angeles,United States,1941,4.33,2026-11-27,03:07 PM
United Airlines,Boeing 757-224,B752,UA513,Newark Liberty International Airport,EWR,Newark,United States,Denver International Airport,DEN,Denver,United States,1391,3.17,2026-11-27,03:10 PM
United Airlines,Boeing 737 MAX 8,B38M,UA822,Licenciado Benito Juarez International Airport,MEX,Mexico City,Mexico,San Francisco International Airport,SFO,San Francisco,United States,1635,3.69,2026-11-27,03:27 PM
American Airlines,Boeing 737-823,B738,AA2345,Chicago O'Hare International Airport,ORD,Chicago,United States,Ronald Reagan Washington Ntl Airport,DCA,Washington,United States,531,1.34,2026-11-27,03:52 PM
United Airlines,Boeing 737 MAX 8,B38M,UA1259,Hartsfield - Jackson Atlanta International Airport,ATL,Atlanta,United States,San Francisco International Airport,SFO,San Francisco,United States,1855,4.15,2026-11-27,04:13 PM
Spirit Airlines,Airbus A320-271N,A20N,NK881,Orlando International Airport,MCO,Orlando,United States,Ramon Villeda Morales International Airport,SAP,La Mesa,Honduras,861,2.04,2026-01-29,06:01 PM
United Airlines,Boeing 737-924(ER),B739,UA1804,George Bush Intcntl/Houston Airport,IAH,Houston,United States,Queen Beatrix International Airport,AUA,Oranjestad,Aruba,1756,3.94,2026-11-29,06:11 PM
United Airlines,Boeing 737 MAX 8,B38M,UA1096,George Bush Intcntl/Houston Airport,IAH,Houston,United States,Juan Santamaria International Airport,SJO,San Jose,Costa Rica,1353,3.09,2026-11-29,06:47 PM
American Airlines,Boeing 737-823,B738,AA1383,Miami International Airport,MIA,Miami,United States,Daniel Oduber Quiros International Airport,LIR,Liberia,Costa Rica,960,2.25,2026-11-29,07:29 PM
American Airlines,Boeing 737-823,B738,AA55,Cancun International Airport,CUN,Cancun,Mexico,General Edward Lawrence Logan International Airport,BOS,Boston,United States,1510,3.42,2026-05-29,08:08 PM
American Airlines,Boeing 737-823,B738,AA943,Sir Grantley Adams International Airport,BGI,Bridgetown,Barbados,Charlotte/Douglas International Airport,CLT,Charlotte,United States,1766,3.96,2026-11-29,08:41 PM
United Airlines,Boeing 737 MAX 9,B39M,UA223,Sangster International Airport,MBJ,Montego Bay,Jamaica,George Bush Intcntl/Houston Airport,IAH,Houston,United States,1174,2.71,2026-11-29,08:45 PM
American Airlines,Boeing 737-823,B738,AA947,Point Salines International Airport,GND,Saint George's,Grenada,Charlotte/Douglas International Airport,CLT,Charlotte,United States,1740,3.91,2026-11-29,09:41 PM
American Airlines,Boeing 737-823,B738,AA354,Tocumen International Airport,PTY,Tocumen,Panama,Miami International Airport,MIA,Miami,United States,1005,2.35,2026-11-29,09:43 PM
American Airlines,Boeing 737-823,B738,AA2257,Punta Cana International Airport,PUJ,Punta Cana,Dominican Republic,Dallas-Fort Worth International Airport,DFW,Dallas-Fort Worth,United States,1765,3.96,2026-11-29,09:44 PM
United Airlines,Boeing 737-824,B738,UA1242,Ramon Villeda Morales International Airport,SAP,La Mesa,Honduras,George Bush Intcntl/Houston Airport,IAH,Houston,United States,964,2.26,2026-03-29,09:54 PM
American Airlines,Boeing 737 MAX 8,B38M,AA2056,Cyril E King Airport,STT,Charlotte Amalie,Virgin Islands Us,Miami International Airport,MIA,Miami,United States,962,2.26,2026-01-29,10:37 PM
United Airlines,Boeing 737-924(ER),B739,UA2024,Luis Munoz Marin International Airport,SJU,San Juan,Puerto Rico,Washington Dulles International Airport,IAD,Washington,United States,1367,3.12,2026-11-29,10:41 PM
United Airlines,Boeing 737-824,B738,UA1516,Daniel Oduber Quiros International Airport,LIR,Liberia,Costa Rica,George Bush Intcntl/Houston Airport,IAH,Houston,United States,1287,2.95,2026-11-29,10:51 PM
American Airlines,Airbus A321-231,A321,AA312,Hato International Airport,CUR,Willemstad,Curacao,Miami International Airport,MIA,Miami,United States,1038,2.42,2026-11-29,11:03 PM
American Airlines,Boeing 737-823,B738,AA1546,Point Salines International Airport,GND,Saint George's,Grenada,Miami International Airport,MIA,Miami,United States,1335,3.05,2026-11-29,11:15 PM
American Airlines,Airbus A320-232,A320,AA2187,Xoxocotlan International Airport,OAX,Oaxaca,Mexico,Dallas-Fort Worth International Airport,DFW,Dallas-Fort Worth,United States,955,2.24,2026-05-29,11:18 PM
American Airlines,Boeing 737 MAX 8,B38M,AA828,Licenciado Benito Juarez International Airport,MEX,Mexico City,Mexico,Charlotte/Douglas International Airport,CLT,Charlotte,United States,1349,3.08,2026-11-29,11:25 PM
American Airlines,Boeing 737-823,B738,AA2164,Orlando International Airport,MCO,Orlando,United States,Laguardia Airport,LGA,New York,United States,827,1.97,2026-11-30,12:14 AM
Spirit Airlines,Airbus A320-232,A320,NK1492,Fort Lauderdale/Hollywood International Airport,FLL,Fort Lauderdale,United States,Louis Armstrong New Orleans International Airport,MSY,New Orleans,United States,585,1.46,2026-11-30,12:16 AM
American Airlines,Boeing 737 MAX 8,B38M,AA2901,Miami International Airport,MIA,Miami,United States,Harry Reid International Airport,LAS,Las Vegas,United States,1887,4.22,2026-11-30,12:20 AM
American Airlines,Boeing 737-823,B738,AA2123,Miami International Airport,MIA,Miami,United States,Cibao International Airport,STI,Santiago,Dominican Republic,659,1.62,2026-11-30,12:22 AM
American Airlines,Airbus A319-112,A319,AA2073,Seattle-Tacoma International Airport,SEA,Seattle,United States,Phoenix Sky Harbor International Airport,PHX,Phoenix,United States,962,2.26,2026-02-28,12:47 AM
United Airlines,Airbus A319-131,A319,UA2224,Norman Y Mineta San Jose International Airport,SJC,San Jose,United States,George Bush Intcntl/Houston Airport,IAH,Houston,United States,1395,3.18,2026-11-30,12:49 AM
American Airlines,Airbus A319-112,A319,AA3207,Palm Beach International Airport,PBI,West Palm Beach,United States,Ronald Reagan Washington Ntl Airport,DCA,Washington,United States,747,1.8,2026-11-30,12:51 AM
United Airlines,Boeing 737-7V3,B737,UA704,Albuquerque International Sunport Airport,ABQ,Albuquerque,United States,Washington Dulles International Airport,IAD,Washington,United States,1409,3.21,2026-11-30,01:04 AM
American Airlines,Boeing 737 MAX 8,B38M,AA2315,Phoenix Sky Harbor International Airport,PHX,Phoenix,United States,John F Kennedy International Airport,JFK,New York,United States,1867,4.18,2026-11-30,01:11 AM
American Airlines,Boeing 787-8 Dreamliner,B788,AA9740,Pittsburgh International Airport,PIT,Pittsburgh,United States,Miami International Airport,MIA,Miami,United States,882,2.09,2026-11-30,01:18 AM
American Airlines,Boeing 737 MAX 8,B38M,AA3074,Luis Munoz Marin International Airport,SJU,San Juan,Puerto Rico,Chicago O'Hare International Airport,ORD,Chicago,United States,1802,4.04,2026-11-30,01:31 AM
American Airlines,Boeing 737-823,B738,AA2391,Phoenix Sky Harbor International Airport,PHX,Phoenix,United States,Hartsfield - Jackson Atlanta International Airport,ATL,Atlanta,United States,1376,3.14,2026-11-30,01:41 AM
United Airlines,Boeing 777-222,B772,UA1807,Denver International Airport,DEN,Denver,United States,Kahului Airport,OGG,Kahului,United States,2866,6.29,2026-11-30,01:45 AM
American Airlines,Boeing 737 MAX 8,B38M,AA1113,Miami International Airport,MIA,Miami,United States,Newark Liberty International Airport,EWR,Newark,United States,945,2.22,2026-11-30,01:55 AM
American Airlines,Airbus A319-115,A319,AA1462,Cyril E King Airport,STT,Charlotte Amalie,Virgin Islands Us,John F Kennedy International Airport,JFK,New York,United States,1414,3.22,2026-11-30,02:02 AM
American Airlines,Boeing 737 MAX 8,B38M,AA1397,Miami International Airport,MIA,Miami,United States,Kansas City International Airport,MCI,Kansas City,United States,1088,2.53,2026-11-30,02:38 AM
United Airlines,Boeing 737 MAX 8,B38M,UA2635,Portland International Airport,PDX,Portland,United States,Chicago O'Hare International Airport,ORD,Chicago,United States,1507,3.41,2026-11-30,02:42 AM
American Airlines,Airbus A320-232,A320,AA1085,Charlotte/Douglas International Airport,CLT,Charlotte,United States,Myrtle Beach International Airport,MYR,Myrtle Beach,United States,136,0.51,2026-11-30,02:48 AM
American Airlines,Boeing 737-823,B738,AA2803,Miami International Airport,MIA,Miami,United States,Orlando International Airport,MCO,Orlando,United States,167,0.57,2026-07-30,02:58 AM
American Airlines,Boeing 787-8 Dreamliner,B788,AA1851,Harry Reid International Airport,LAS,Las Vegas,United States,Miami International Airport,MIA,Miami,United States,1887,4.22,2026-11-30,03:01 AM
United Airlines,Boeing 777-222(ER),B772,UA3857,Ministro Pistarini International Airport,EZE,Ezeiza,Argentina,George Bush Intcntl/Houston Airport,IAH,Houston,United States,4413,9.57,2026-11-30,03:03 AM
United Airlines,Boeing 737-824,B738,UA2226,Ontario International Airport,ONT,Ontario,United States,Chicago O'Hare International Airport,ORD,Chicago,United States,1474,3.34,2026-05-30,03:20 AM
United Airlines,Boeing 737-824,B738,UA679,Los Angeles International Airport,LAX,Los Angeles,United States,Harry Reid International Airport,LAS,Las Vegas,United States,205,0.65,2026-11-30,03:35 AM
American Airlines,Airbus A319-112,A319,AA2043,Phoenix Sky Harbor International Airport,PHX,Phoenix,United States,St Louis Lambert International Airport,STL,St Louis,United States,1094,2.54,2026-11-30,03:50 AM
American Airlines,Boeing 737-823,B738,AA2806,Dallas-Fort Worth International Airport,DFW,Dallas-Fort Worth,United States,Minneapolis-St Paul International/Wold-Chamberlain Airport,MSP,Minneapolis,United States,741,1.79,2026-11-30,04:32 AM
American Airlines,Airbus A319-112,A319,AA2813,Charlotte/Douglas International Airport,CLT,Charlotte,United States,General Edward Lawrence Logan International Airport,BOS,Boston,United States,632,1.56,2026-11-30,04:35 AM
Spirit Airlines,Airbus A320-232,A320,NK1754,Orlando International Airport,MCO,Orlando,United States,Detroit Metro Wayne County Airport,DTW,Detroit,United States,834,1.99,2026-11-30,04:41 AM
United Airlines,Boeing 737-824,B738,UA1430,Denver International Airport,DEN,Denver,United States,Eppley Airfield,OMA,Omaha,United States,409,1.09,2026-11-30,05:05 AM
United Airlines,Boeing 737-824,B738,UA2429,San Francisco International Airport,SFO,San Francisco,United States,Vancouver International Airport,YVR,Richmond,Canada,696,1.69,2026-11-30,05:13 AM
United Airlines,Airbus A319-131,A319,UA2019,San Francisco International Airport,SFO,San Francisco,United States,Seattle-Tacoma International Airport,SEA,Seattle,United States,590,1.47,2026-11-30,05:15 AM
American Airlines,Boeing 737-823,B738,AA639,Miami International Airport,MIA,Miami,United States,Charlotte/Douglas International Airport,CLT,Charlotte,United States,567,1.42,2026-11-30,05:26 AM
United Airlines,Boeing 737 MAX 8,B38M,UA1653,Newark Liberty International Airport,EWR,Newark,United States,Louis Armstrong New Orleans International Airport,MSY,New Orleans,United States,1014,2.37,2026-11-30,05:41 AM
American Airlines,Boeing 737 MAX 8,B38M,AA1835,Phoenix Sky Harbor International Airport,PHX,Phoenix,United States,Dallas-Fort Worth International Airport,DFW,Dallas-Fort Worth,United States,753,1.82,2026-11-30,06:01 AM
American Airlines,Boeing 737-823,B738,AA3086,Nashville International Airport,BNA,Nashville,United States,Phoenix Sky Harbor International Airport,PHX,Phoenix,United States,1256,2.88,2026-11-30,06:31 AM
Spirit Airlines,Airbus A320-232,A320,NK2603,Tampa International Airport,TPA,Tampa,United States,Atlantic City International Airport,ACY,Atlantic City,United States,795,1.9,2026-11-30,06:34 AM
United Airlines,Boeing 737-924(ER),B739,UA8221,Chicago O'Hare International Airport,ORD,Chicago,United States,Chicago O'Hare International Airport,ORD,Chicago,United States,0,0.22,2026-11-30,08:39 AM
American Airlines,Boeing 737-823,B738,AA1476,Phoenix Sky Harbor International Airport,PHX,Phoenix,United States,Tampa International Airport,TPA,Tampa,United States,1551,3.51,2026-11-30,09:15 AM
American Airlines,Boeing 737-823,B738,AA2069,Salt Lake City International Airport,SLC,Salt Lake City,United States,Miami International Airport,MIA,Miami,United States,1813,4.06,2026-11-30,09:20 AM
United Airlines,Boeing 737-924(ER),B739,UA3751,New York Stewart International Airport,SWF,New York,United States,George Bush Intcntl/Houston Airport,IAH,Houston,United States,1239,2.85,2026-11-30,09:27 AM
American Airlines,Boeing 777-223(ER),B772,AA136,Los Angeles International Airport,LAX,Los Angeles,United States,London Heathrow Airport,LHR,London,United Kingdom,4730,10.25,2026-04-30,09:27 AM
United Airlines,Boeing 737-824,B738,UA1899,Chicago O'Hare International Airport,ORD,Chicago,United States,Louis Armstrong New Orleans International Airport,MSY,New Orleans,United States,728,1.76,2026-11-30,09:32 AM
American Airlines,Boeing 737-823,B738,AA1626,Phoenix Sky Harbor International Airport,PHX,Phoenix,United States,Raleigh-Durham International Airport,RDU,Raleigh/Durham,United States,1640,3.7,2026-11-30,09:48 AM
United Airlines,Boeing 737 MAX 8,B38M,UA2040,Chicago O'Hare International Airport,ORD,Chicago,United States,Phoenix Sky Harbor International Airport,PHX,Phoenix,United States,1249,2.87,2026-01-30,10:03 AM
American Airlines,Boeing 737-823,B738,AA851,Fort Lauderdale/Hollywood International Airport,FLL,Fort Lauderdale,United States,Chicago O'Hare International Airport,ORD,Chicago,United States,1029,2.4,2026-04-30,11:48 AM
Spirit Airlines,Airbus A320-232,A320,NK481,George Bush Intcntl/Houston Airport,IAH,Houston,United States,Los Angeles International Airport,LAX,Los Angeles,United States,1196,2.75,2026-11-30,12:33 PM
United Airlines,Boeing 757-224,B752,UA1245,General Edward Lawrence Logan International Airport,BOS,Boston,United States,Los Angeles International Airport,LAX,Los Angeles,United States,2264,5.02,2026-11-30,12:41 PM
American Airlines,Boeing 787-8 Dreamliner,B788,AA3202,Miami International Airport,MIA,Miami,United States,Los Angeles International Airport,LAX,Los Angeles,United States,2032,4.53,2026-11-30,12:51 PM
United Airlines,Boeing 737 MAX 9,B39M,UA1234,Spokane International Airport,GEG,Spokane,United States,Denver International Airport,DEN,Denver,United States,725,1.76,2026-11-30,01:19 PM
United Airlines,Boeing 737-824,B738,UA1350,Ontario International Airport,ONT,Ontario,United States,Denver International Airport,DEN,Denver,United States,710,1.72,2026-11-30,02:09 PM
Spirit Airlines,Airbus A320-271N,A20N,NK780,Hartsfield - Jackson Atlanta International Airport,ATL,Atlanta,United States,Los Angeles International Airport,LAX,Los Angeles,United States,1688,3.8,2026-11-30,02:16 PM
United Airlines,Boeing 787-10 Dreamliner,B78X,UA971,Leonardo Da Vinci (Fiumicino) International Airport,FCO,Rome,Italy,Chicago O'Hare International Airport,ORD,Chicago,United States,4181,9.08,2026-11-30,02:23 PM
American Airlines,Airbus A319-115,A319,AA3250,Charlotte/Douglas International Airport,CLT,Charlotte,United States,Birmingham-Shuttlesworth International Airport,BHM,Birmingham,United States,304,0.86,2026-11-30,02:49 PM
Spirit Airlines,Airbus A321-231,A321,NK1336,George Bush Intcntl/Houston Airport,IAH,Houston,United States,Cancun International Airport,CUN,Cancun,Mexico,706,1.72,2026-11-30,06:14 PM
American Airlines,Boeing 787-8 Dreamliner,B788,AA882,Dallas-Fort Worth International Airport,DFW,Dallas-Fort Worth,United States,Phoenix Sky Harbor International Airport,PHX,Phoenix,United States,753,1.82,2026-11-30,06:15 PM
American Airlines,Boeing 737 MAX 8,B38M,AA3029,Phoenix Sky Harbor International Airport,PHX,Phoenix,United States,Cancun International Airport,CUN,Cancun,Mexico,1528,3.46,2026-11-30,06:16 PM
American Airlines,Boeing 777-223(ER),B772,AA307,Los Angeles International Airport,LAX,Los Angeles,United States,John F Kennedy International Airport,JFK,New York,United States,2146,4.77,2026-07-30,06:26 PM
American Airlines,Boeing 787-8 Dreamliner,B788,AA1328,Los Angeles International Airport,LAX,Los Angeles,United States,Miami International Airport,MIA,Miami,United States,2032,4.53,2026-11-30,07:20 PM
American Airlines,Airbus A319-115,A319,AA3059,Chicago O'Hare International Airport,ORD,Chicago,United States,San Antonio International Airport,SAT,San Antonio,United States,906,2.14,2026-11-30,07:21 PM
United Airlines,Boeing 787-8 Dreamliner,B788,UA1498,Chicago O'Hare International Airport,ORD,Chicago,United States,San Francisco International Airport,SFO,San Francisco,United States,1600,3.61,2026-11-30,07:28 PM
United Airlines,Boeing 757-224,B752,UA2382,Newark Liberty International Airport,EWR,Newark,United States,Harry Reid International Airport,LAS,Las Vegas,United States,1931,4.31,2026-11-30,07:40 PM
United Airlines,Boeing 737-724,B737,UA1513,Key West International Airport,EYW,Key West,United States,Newark Liberty International Airport,EWR,Newark,United States,1041,2.43,2026-11-30,09:01 PM
Frontier Airlines,Airbus A320-271N,A20N,F94919,Orlando International Airport,MCO,Orlando,United States,Denver International Airport,DEN,Denver,United States,1343,3.07,2026-11-30,09:02 PM
American Airlines,Boeing 777-223(ER),B772,AA3082,Luis Munoz Marin International Airport,SJU,San Juan,Puerto Rico,Dallas-Fort Worth International Airport,DFW,Dallas-Fort Worth,United States,1880,4.2,2026-11-30,09:16 PM
American Airlines,Airbus A319-112,A319,AA3230,Portland International Airport,PDX,Portland,United States,Phoenix Sky Harbor International Airport,PHX,Phoenix,United States,877,2.08,2026-11-30,09:26 PM
American Airlines,Boeing 737-823,B738,AA2665,Cancun International Airport,CUN,Cancun,Mexico,Miami International Airport,MIA,Miami,United States,462,1.2,2026-11-30,09:40 PM
United Airlines,Boeing 737-724,B737,UA323,Boise Air Trml/Gowen Field,BOI,Boise,United States,Chicago O'Hare International Airport,ORD,Chicago,United States,1246,2.86,2026-11-30,09:50 PM
American Airlines,Boeing 737-823,B738,AA1239,Dallas-Fort Worth International Airport,DFW,Dallas-Fort Worth,United States,Will Rogers World Airport,OKC,Oklahoma City,United States,152,0.54,2026-11-30,10:22 PM
American Airlines,Airbus A319-115,A319,AA2570,Chicago O'Hare International Airport,ORD,Chicago,United States,Salt Lake City International Airport,SLC,Salt Lake City,United States,1083,2.51,2026-12-01,05:53 PM
United Airlines,Boeing 737-724,B737,UA356,Norman Y Mineta San Jose International Airport,SJC,San Jose,United States,Chicago O'Hare International Airport,ORD,Chicago,United States,1586,3.58,2026-12-01,05:56 PM
Spirit Airlines,Airbus A320-271N,A20N,NK8870,Frederick Douglass/Greater Rochester International Airport,ROC,Rochester,United States,Fort Lauderdale/Hollywood International Airport,FLL,Fort Lauderdale,United States,1031,2.4,2026-12-01,06:26 PM
American Airlines,Airbus A319-132,A319,AA2378,Chicago O'Hare International Airport,ORD,Chicago,United States,Palm Beach International Airport,PBI,West Palm Beach,United States,995,2.33,2026-12-01,06:31 PM
American Airlines,Boeing 777-223(ER),B772,AA1178,Los Angeles International Airport,LAX,Los Angeles,United States,Chicago O'Hare International Airport,ORD,Chicago,United States,1513,3.43,2026-12-01,06:33 PM
United Airlines,Boeing 777-222,B772,UA1702,Washington Dulles International Airport,IAD,Washington,United States,San Francisco International Airport,SFO,San Francisco,United States,2095,4.66,2026-12-01,06:48 PM
American Airlines,Boeing 737 MAX 8,B38M,AA1646,Fort Lauderdale/Hollywood International Airport,FLL,Fort Lauderdale,United States,Laguardia Airport,LGA,New York,United States,937,2.21,2026-12-01,06:57 PM
American Airlines,Airbus A319-112,A319,AA2010,Miami International Airport,MIA,Miami,United States,Nashville International Airport,BNA,Nashville,United States,702,1.71,2026-12-01,07:09 PM
United Airlines,Airbus A319-132,A319,UA1616,Nashville International Airport,BNA,Nashville,United States,Chicago O'Hare International Airport,ORD,Chicago,United States,356,0.97,2026-12-01,07:54 PM
Spirit Airlines,Airbus A320-271N,A20N,NK2201,Orlando International Airport,MCO,Orlando,United States,General Edward Lawrence Logan International Airport,BOS,Boston,United States,975,2.29,2026-12-01,07:57 PM
American Airlines,Airbus A319-115,A319,AA1973,Calgary International Airport,YYC,Calgary,Canada,Dallas-Fort Worth International Airport,DFW,Dallas-Fort Worth,United States,1324,3.03,2026-12-01,08:05 PM
American Airlines,Boeing 787-8 Dreamliner,B788,AA412,Los Angeles International Airport,LAX,Los Angeles,United States,Miami International Airport,MIA,Miami,United States,2032,4.53,2026-12-01,08:20 PM
United Airlines,Airbus A319-131,A319,UA1868,Louis Armstrong New Orleans International Airport,MSY,New Orleans,United States,Washington Dulles International Airport,IAD,Washington,United States,826,1.97,2026-05-01,08:35 PM
American Airlines,Boeing 787-9 Dreamliner,B789,AA2899,Miami International Airport,MIA,Miami,United States,John F Kennedy International Airport,JFK,New York,United States,949,2.23,2026-12-01,08:50 PM
American Airlines,Airbus A319-112,A319,AA1390,Austin-Bergstrom International Airport,AUS,Austin,United States,Dallas-Fort Worth International Airport,DFW,Dallas-Fort Worth,United States,165,0.57,2026-12-01,09:13 PM
United Airlines,Boeing 737-724,B737,UA677,Salt Lake City International Airport,SLC,Salt Lake City,United States,George Bush Intcntl/Houston Airport,IAH,Houston,United States,1038,2.42,2026-12-01,09:17 PM
United Airlines,Boeing 737-724,B737,UA2202,Bozeman Yellowstone International Airport,BZN,Bozeman,United States,Chicago O'Hare International Airport,ORD,Chicago,United States,1028,2.4,2026-12-01,09:19 PM
Spirit Airlines,Airbus A321-231,A321,NK1030,Cancun International Airport,CUN,Cancun,Mexico,Baltimore/Washington International Thurgood Marshall Airport,BWI,Baltimore,United States,1209,2.78,2026-01-01,09:22 PM
American Airlines,Boeing 737-823,B738,AA3272,Phoenix Sky Harbor International Airport,PHX,Phoenix,United States,Licenciado Gustavo Diaz Ordaz International Airport,PVR,Puerto Vallarta,Mexico,846,2.01,2026-12-01,09:42 PM
United Airlines,Boeing 737 MAX 8,B38M,UA2327,Denver International Airport,DEN,Denver,United States,Eppley Airfield,OMA,Omaha,United States,409,1.09,2026-12-01,09:43 PM
United Airlines,Boeing 737-724,B737,UA1382,Salt Lake City International Airport,SLC,Salt Lake City,United States,Chicago O'Hare International Airport,ORD,Chicago,United States,1083,2.51,2026-12-01,10:13 PM
American Airlines,Boeing 737-823,B738,AA2975,Miami International Airport,MIA,Miami,United States,Dallas-Fort Worth International Airport,DFW,Dallas-Fort Worth,United States,973,2.28,2026-08-01,10:15 PM
American Airlines,Boeing 787-8 Dreamliner,B788,AA914,Los Angeles International Airport,LAX,Los Angeles,United States,Miami International Airport,MIA,Miami,United States,2032,4.53,2026-12-01,10:16 PM
United Airlines,Boeing 737-724,B737,UA2194,George Bush Intcntl/Houston Airport,IAH,Houston,United States,Louis Armstrong New Orleans International Airport,MSY,New Orleans,United States,264,0.78,2026-12-01,10:42 PM
United Airlines,Boeing 787-10 Dreamliner,B78X,UA2602,Los Angeles International Airport,LAX,Los Angeles,United States,Newark Liberty International Airport,EWR,Newark,United States,2128,4.73,2026-12-01,10:49 PM
United Airlines,Boeing 737 MAX 9,B39M,UA2032,Felipe Carrillo Puerto International Airport,TQO,Tulum,Mexico,Newark Liberty International Airport,EWR,Newark,United States,1413,3.21,2026-02-01,10:56 PM
American Airlines,Boeing 737-823,B738,AA1237,Chicago O'Hare International Airport,ORD,Chicago,United States,Tampa International Airport,TPA,Tampa,United States,881,2.09,2026-12-02,02:21 AM
American Airlines,Airbus A320-232,A320,AA3198,San Antonio International Airport,SAT,San Antonio,United States,Phoenix Sky Harbor International Airport,PHX,Phoenix,United States,731,1.77,2026-12-02,02:29 AM
American Airlines,Boeing 737 MAX 8,B38M,AA2945,Harry Reid International Airport,LAS,Las Vegas,United States,Chicago O'Hare International Airport,ORD,Chicago,United States,1313,3,2026-12-02,02:31 AM
United Airlines,Boeing 737 MAX 8,B38M,UA2142,Nashville International Airport,BNA,Nashville,United States,San Francisco International Airport,SFO,San Francisco,United States,1707,3.84,2026-12-02,02:34 AM
United Airlines,Boeing 737 MAX 8,B38M,UA744,Newark Liberty International Airport,EWR,Newark,United States,Sarasota/Bradenton International Airport,SRQ,Sarasota/Bradenton,United States,900,2.13,2026-12-02,02:37 AM
American Airlines,Airbus A321-253NX,A21N,AA1916,Charlotte/Douglas International Airport,CLT,Charlotte,United States,Harry Reid International Airport,LAS,Las Vegas,United States,1661,3.74,2026-04-02,02:44 AM
American Airlines,Boeing 737-823,B738,AA3182,Phoenix Sky Harbor International Airport,PHX,Phoenix,United States,Cincinnati/Northern Kentucky International Airport,CVG,Covington,United States,1361,3.1,2026-12-02,02:48 AM
Spirit Airlines,Airbus A320-232,A320,NK541,San Antonio International Airport,SAT,San Antonio,United States,Los Angeles International Airport,LAX,Los Angeles,United States,1050,2.44,2026-12-02,02:55 AM
United Airlines,Boeing 737 MAX 8,B38M,UA2462,Toronto Pearson International Airport,YYZ,Mississauga,Canada,San Francisco International Airport,SFO,San Francisco,United States,1959,4.37,2026-12-02,03:01 AM
United Airlines,Boeing 737 MAX 9,B39M,UA2478,Newark Liberty International Airport,EWR,Newark,United States,Southwest Florida International Airport,RSW,Fort Myers,United States,933,2.2,2026-12-02,03:04 AM
American Airlines,Airbus A319-132,A319,AA1675,Ronald Reagan Washington Ntl Airport,DCA,Washington,United States,Tampa International Airport,TPA,Tampa,United States,708,1.72,2026-05-02,03:10 AM
United Airlines,Boeing 737 MAX 8,B38M,UA292,Austin-Bergstrom International Airport,AUS,Austin,United States,San Francisco International Airport,SFO,San Francisco,United States,1305,2.99,2026-12-02,03:14 AM
American Airlines,Boeing 787-8 Dreamliner,B788,AA371,Miami International Airport,MIA,Miami,United States,Los Angeles International Airport,LAX,Los Angeles,United States,2032,4.53,2026-12-02,03:19 AM
United Airlines,Boeing 737-824,B738,UA2350,Denver International Airport,DEN,Denver,United States,Syracuse Hancock International Airport,SYR,Syracuse,United States,1293,2.96,2026-12-02,03:21 AM
United Airlines,Boeing 757-224,B752,UA2240,Newark Liberty International Airport,EWR,Newark,United States,Los Angeles International Airport,LAX,Los Angeles,United States,2128,4.73,2026-12-02,03:41 AM
Spirit Airlines,Airbus A321-231,A321,NK272,San Antonio International Airport,SAT,San Antonio,United States,Fort Lauderdale/Hollywood International Airport,FLL,Fort Lauderdale,United States,994,2.33,2026-12-02,03:43 AM
United Airlines,Boeing 737 MAX 8,B38M,UA1373,George Bush Intcntl/Houston Airport,IAH,Houston,United States,San Diego International Airport,SAN,San Diego,United States,1130,2.61,2026-01-02,04:09 AM
Spirit Airlines,Airbus A320-232,A320,NK483,Detroit Metro Wayne County Airport,DTW,Detroit,United States,Los Angeles International Airport,LAX,Los Angeles,United States,1716,3.86,2026-12-02,04:24 AM
United Airlines,Airbus A320-232,A320,UA2665,Philadelphia International Airport,PHL,Philadelphia,United States,Chicago O'Hare International Airport,ORD,Chicago,United States,588,1.47,2026-05-02,04:40 AM
United Airlines,Boeing 737-824,B738,UA1691,Orlando International Airport,MCO,Orlando,United States,Los Angeles International Airport,LAX,Los Angeles,United States,1924,4.3,2026-01-02,04:41 AM
American Airlines,Airbus A319-115,A319,AA2766,Miami International Airport,MIA,Miami,United States,Nashville International Airport,BNA,Nashville,United States,702,1.71,2026-12-02,04:55 AM
American Airlines,Boeing 737-823,B738,AA2596,Chicago O'Hare International Airport,ORD,Chicago,United States,Eppley Airfield,OMA,Omaha,United States,360,0.98,2026-12-02,05:08 AM
American Airlines,Boeing 737 MAX 8,B38M,AA2936,Miami International Airport,MIA,Miami,United States,Louis Armstrong New Orleans International Airport,MSY,New Orleans,United States,586,1.46,2026-12-02,05:35 AM
United Airlines,Boeing 737-824,B738,UA2340,George Bush Intcntl/Houston Airport,IAH,Houston,United States,Harry Reid International Airport,LAS,Las Vegas,United States,1060,2.47,2026-05-02,06:01 AM
American Airlines,Boeing 737-823,B738,AA2390,Dallas-Fort Worth International Airport,DFW,Dallas-Fort Worth,United States,Harry Reid International Airport,LAS,Las Vegas,United States,915,2.16,2026-12-02,06:41 AM
United Airlines,Boeing 737 MAX 8,B38M,UA520,San Francisco International Airport,SFO,San Francisco,United States,Philadelphia International Airport,PHL,Philadelphia,United States,2186,4.85,2026-12-02,07:46 AM
American Airlines,Boeing 737 MAX 8,B38M,AA1901,Miami International Airport,MIA,Miami,United States,Providenciales Airport,PLS,Providenciales Island,Turks And Caicos Islands,502,1.28,2026-12-02,01:53 PM
China United Airlines,Boeing 737-89P,B738,KN5896,Sanya Phoenix International Airport,SYX,Sanya,China,Beijing Daxing International Airport,PKX,Beijing,China,1323,3.02,2026-12-02,04:08 PM
United Airlines,Boeing 737 MAX 9,B39M,UA787,George Bush Intcntl/Houston Airport,IAH,Houston,United States,Chicago O'Hare International Airport,ORD,Chicago,United States,805,1.93,2026-12-03,05:02 AM
American Airlines,Airbus A319-112,A319,AA1641,Dallas-Fort Worth International Airport,DFW,Dallas-Fort Worth,United States,Dane County Regional/Truax Field,MSN,Madison,United States,714,1.73,2026-12-03,05:07 AM
United Airlines,Boeing 777-222(ER),B772,UA3037,Ellison Onizuka Kona International At Keahole Airport,KOA,Kailua/Kona,United States,San Francisco International Airport,SFO,San Francisco,United States,2056,4.58,2026-12-03,05:15 AM
United Airlines,Boeing 757-224,B752,UA3937,George Bush Intcntl/Houston Airport,IAH,Houston,United States,General Edward Lawrence Logan International Airport,BOS,Boston,United States,1386,3.16,2026-12-03,05:23 AM
American Airlines,Boeing 737 MAX 8,B38M,AA2113,Chicago O'Hare International Airport,ORD,Chicago,United States,San Francisco International Airport,SFO,San Francisco,United States,1600,3.61,2026-12-03,05:24 AM
American Airlines,Boeing 737-823,B738,AA3284,Laguardia Airport,LGA,New York,United States,Dallas-Fort Worth International Airport,DFW,Dallas-Fort Worth,United States,1205,2.77,2026-12-03,05:27 AM
American Airlines,Boeing 787-8 Dreamliner,B788,AA899,Phoenix Sky Harbor International Airport,PHX,Phoenix,United States,Miami International Airport,MIA,Miami,United States,1711,3.85,2026-12-03,06:10 AM
United Airlines,Boeing 737 MAX 8,B38M,UA769,Newark Liberty International Airport,EWR,Newark,United States,Harry Reid International Airport,LAS,Las Vegas,United States,1931,4.31,2026-01-03,06:51 AM
American Airlines,Boeing 737-823,B738,AA3323,Chicago O'Hare International Airport,ORD,Chicago,United States,Harry Reid International Airport,LAS,Las Vegas,United States,1313,3,2026-12-03,07:26 AM
United Airlines,Boeing 737 MAX 9,B39M,UA1341,San Francisco International Airport,SFO,San Francisco,United States,Orlando International Airport,MCO,Orlando,United States,2122,4.72,2026-12-03,09:39 AM
United Airlines,Boeing 737 MAX 8,B38M,UA2320,Salt Lake City International Airport,SLC,Salt Lake City,United States,Newark Liberty International Airport,EWR,Newark,United States,1706,3.84,2026-12-03,10:46 AM
United Airlines,Boeing 777-224(ER),B772,UA121,Barcelona International Airport,BCN,Barcelona,Spain,Newark Liberty International Airport,EWR,Newark,United States,3335,7.29,2026-12-03,11:03 AM
Spirit Airlines,Airbus A320-232,A320,NK475,Baltimore/Washington International Thurgood Marshall Airport,BWI,Baltimore,United States,Louis Armstrong New Orleans International Airport,MSY,New Orleans,United States,867,2.06,2026-12-03,11:39 AM
American Airlines,Boeing 737-823,B738,AA2090,Louis Armstrong New Orleans International Airport,MSY,New Orleans,United States,Dallas-Fort Worth International Airport,DFW,Dallas-Fort Worth,United States,388,1.04,2026-01-03,12:03 PM
United Airlines,Boeing 737-824,B738,UA2656,Laguardia Airport,LGA,New York,United States,George Bush Intcntl/Houston Airport,IAH,Houston,United States,1230,2.83,2026-02-03,12:08 PM
United Airlines,Boeing 737-924(ER),B739,UA1414,General Edward Lawrence Logan International Airport,BOS,Boston,United States,Chicago O'Hare International Airport,ORD,Chicago,United States,751,1.81,2026-12-03,12:21 PM
American Airlines,Airbus A321-231,A321,AA1964,Philadelphia International Airport,PHL,Philadelphia,United States,Miami International Airport,MIA,Miami,United States,882,2.09,2026-12-03,12:29 PM
United Airlines,Boeing 737 MAX 8,B38M,UA2359,Orlando International Airport,MCO,Orlando,United States,Newark Liberty International Airport,EWR,Newark,United States,816,1.95,2026-12-03,01:01 PM
American Airlines,Boeing 737-823,B738,AA1189,Tampa International Airport,TPA,Tampa,United States,Dallas-Fort Worth International Airport,DFW,Dallas-Fort Worth,United States,806,1.93,2026-03-03,01:34 PM
American Airlines,Boeing 737-823,B738,AA1937,Chicago O'Hare International Airport,ORD,Chicago,United States,Los Angeles International Airport,LAX,Los Angeles,United States,1513,3.43,2026-12-03,02:24 PM
Spirit Airlines,Airbus A321-231,A321,NK2251,Fort Lauderdale/Hollywood International Airport,FLL,Fort Lauderdale,United States,Hartsfield - Jackson Atlanta International Airport,ATL,Atlanta,United States,506,1.29,2026-12-03,02:31 PM
Spirit Airlines,Airbus A320-232,A320,NK1803,Hartsfield - Jackson Atlanta International Airport,ATL,Atlanta,United States,Harry Reid International Airport,LAS,Las Vegas,United States,1515,3.43,2026-04-03,02:39 PM
American Airlines,Airbus A319-112,A319,AA301,Charlotte/Douglas International Airport,CLT,Charlotte,United States,Owen Roberts International Airport,GCM,Georgetown,Cayman Islands,956,2.25,2026-12-03,03:06 PM
American Airlines,Boeing 737-823,B738,AA1311,Dallas-Fort Worth International Airport,DFW,Dallas-Fort Worth,United States,Cleveland-Hopkins International Airport,CLE,Cleveland,United States,886,2.1,2026-12-03,03:17 PM
Spirit Airlines,Airbus A320-232,A320,NK735,Philadelphia International Airport,PHL,Philadelphia,United States,Fort Lauderdale/Hollywood International Airport,FLL,Fort Lauderdale,United States,864,2.05,2026-12-03,03:19 PM
United Airlines,Boeing 737 MAX 8,B38M,UA619,Newark Liberty International Airport,EWR,Newark,United States,Austin-Bergstrom International Airport,AUS,Austin,United States,1305,2.99,2026-12-03,03:20 PM
Spirit Airlines,Airbus A320-271N,A20N,NK2302,Indianapolis International Airport,IND,Indianapolis,United States,Orlando International Airport,MCO,Orlando,United States,721,1.75,2026-12-03,04:00 PM
American Airlines,Airbus A319-112,A319,AA2902,Miami International Airport,MIA,Miami,United States,Lynden Pindling International Airport,NAS,Nassau,Bahamas,160,0.56,2026-12-03,04:03 PM
United Airlines,Boeing 737 MAX 9,B39M,UA1042,Newark Liberty International Airport,EWR,Newark,United States,Queen Beatrix International Airport,AUA,Oranjestad,Aruba,1707,3.84,2026-12-03,04:19 PM
American Airlines,Airbus A319-115,A319,AA2333,Miami International Airport,MIA,Miami,United States,Gregorio Luperon International Airport,POP,Puerto Plata,Dominican Republic,648,1.59,2026-12-03,04:24 PM
United Airlines,Airbus A321-271NX,A21N,UA1933,Chicago O'Hare International Airport,ORD,Chicago,United States,Harry Reid International Airport,LAS,Las Vegas,United States,1313,3,2026-12-03,04:38 PM
American Airlines,Boeing 737-823,B738,AA319,Miami International Airport,MIA,Miami,United States,Tocumen International Airport,PTY,Tocumen,Panama,1005,2.35,2026-12-03,05:13 PM
United Airlines,Boeing 737-724,B737,UA2389,Chicago O'Hare International Airport,ORD,Chicago,United States,Cleveland-Hopkins International Airport,CLE,Cleveland,United States,273,0.8,2026-12-03,05:36 PM
American Airlines,Boeing 737-823,B738,AA2519,Miami International Airport,MIA,Miami,United States,Denver International Airport,DEN,Denver,United States,1484,3.37,2026-01-03,06:09 PM
United Airlines,Boeing 737 MAX 9,B39M,UA1441,George Bush Intcntl/Houston Airport,IAH,Houston,United States,El Salvador International Airport,SAL,Santa Clara,El Salvador,1053,2.45,2026-12-03,06:28 PM
American Airlines,Boeing 737 MAX 8,B38M,AA1151,Miami International Airport,MIA,Miami,United States,El Dorado International Airport,BOG,Bogota,Colombia,1315,3.01,2026-12-03,06:29 PM
American Airlines,Boeing 737 MAX 8,B38M,AA3307,Miami International Airport,MIA,Miami,United States,Comayagua-Palmerola International Airport,XPL,Comayagua,Honduras,800,1.92,2026-12-03,06:35 PM
American Airlines,Airbus A321-231,A321,AA3082,Dallas-Fort Worth International Airport,DFW,Dallas-Fort Worth,United States,Luis Munoz Marin International Airport,SJU,San Juan,Puerto Rico,1880,4.2,2026-12-03,06:40 PM
United Airlines,Boeing 737 MAX 9,B39M,UA1031,Tocumen International Airport,PTY,Tocumen,Panama,George Bush Intcntl/Houston Airport,IAH,Houston,United States,1542,3.49,2026-12-03,06:51 PM
American Airlines,Airbus A320-232,A320,AA2187,Dallas-Fort Worth International Airport,DFW,Dallas-Fort Worth,United States,Xoxocotlan International Airport,OAX,Oaxaca,Mexico,955,2.24,2026-12-03,06:52 PM
American Airlines,Boeing 737 MAX 8,B38M,AA3189,John F Kennedy International Airport,JFK,New York,United States,Sir Grantley Adams International Airport,BGI,Bridgetown,Barbados,1818,4.07,2026-12-03,07:24 PM
Spirit Airlines,Airbus A320-232,A320,NK1439,Ramon Villeda Morales International Airport,SAP,La Mesa,Honduras,Louis Armstrong New Orleans International Airport,MSY,New Orleans,United States,882,2.09,2026-12-03,07:38 PM
Spirit Airlines,Airbus A321-271NX,A21N,NK338,Juan Santamaria International Airport,SJO,San Jose,Costa Rica,Fort Lauderdale/Hollywood International Airport,FLL,Fort Lauderdale,United States,993,2.32,2026-12-03,07:50 PM
Spirit Airlines,Airbus A321-271NX,A21N,NK1310,Juan Santamaria International Airport,SJO,San Jose,Costa Rica,Orlando International Airport,MCO,Orlando,United States,1119,2.59,2026-12-03,08:08 PM
American Airlines,Boeing 737 MAX 8,B38M,AA2566,Hato International Airport,CUR,Willemstad,Curacao,Charlotte/Douglas International Airport,CLT,Charlotte,United States,1528,3.46,2026-01-03,08:26 PM
Spirit Airlines,Airbus A320-232,A320,NK1920,Luis Munoz Marin International Airport,SJU,San Juan,Puerto Rico,Orlando International Airport,MCO,Orlando,United States,1033,2.41,2026-12-03,08:45 PM
American Airlines,Boeing 737 MAX 8,B38M,AA1124,Ernesto Cortissoz International Airport,BAQ,Barranquilla,Colombia,Miami International Airport,MIA,Miami,United States,948,2.23,2026-12-03,09:39 PM
American Airlines,Boeing 737-823,B738,AA3167,Pointe-a-Pitre Le Raizet,PTP,Pointe-a-Pitre Le Raizet,Guadeloupe,Miami International Airport,MIA,Miami,United States,1195,2.75,2026-12-03,09:48 PM
American Airlines,Boeing 737-823,B738,AA344,El Salvador International Airport,SAL,Santa Clara,El Salvador,Miami International Airport,MIA,Miami,United States,891,2.11,2026-12-03,10:08 PM
American Airlines,Airbus A321-231,A321,AA1770,Punta Cana International Airport,PUJ,Punta Cana,Dominican Republic,Miami International Airport,MIA,Miami,United States,792,1.9,2026-12-03,10:52 PM
American Airlines,Boeing 737-823,B738,AA366,Comayagua-Palmerola International Airport,XPL,Comayagua,Honduras,Dallas-Fort Worth International Airport,DFW,Dallas-Fort Worth,United States,1225,2.82,2026-12-03,11:33 PM
United Airlines,Boeing 787-9 Dreamliner,B789,UA613,Murtala Muhammed International Airport,LOS,Lagos,Nigeria,Washington Dulles International Airport,IAD,Washington,United States,4728,10.24,2026-12-04,01:56 AM
United Airlines,Boeing 737 MAX 8,B38M,UA1327,Newark Liberty International Airport,EWR,Newark,United States,Sarasota/Bradenton International Airport,SRQ,Sarasota/Bradenton,United States,900,2.13,2026-12-04,03:15 AM
United Airlines,Boeing 737 MAX 8,B38M,UA1904,Laguardia Airport,LGA,New York,United States,Denver International Airport,DEN,Denver,United States,1404,3.2,2026-12-04,03:20 AM
United Airlines,Boeing 737-724,B737,UA2492,George Bush Intcntl/Houston Airport,IAH,Houston,United States,General Mitchell International Airport,MKE,Milwaukee,United States,856,2.03,2026-12-04,03:22 AM
Spirit Airlines,Airbus A320-232,A320,NK837,Fort Lauderdale/Hollywood International Airport,FLL,Fort Lauderdale,United States,Detroit Metro Wayne County Airport,DTW,Detroit,United States,982,2.3,2026-12-04,03:27 AM
United Airlines,Boeing 737 MAX 9,B39M,UA1439,Dallas-Fort Worth International Airport,DFW,Dallas-Fort Worth,United States,Newark Liberty International Airport,EWR,Newark,United States,1190,2.74,2026-12-04,03:30 AM
United Airlines,Boeing 737 MAX 8,B38M,UA1893,Orlando International Airport,MCO,Orlando,United States,Newark Liberty International Airport,EWR,Newark,United States,816,1.95,2026-12-04,03:31 AM
United Airlines,Airbus A319-131,A319,UA499,Nashville International Airport,BNA,Nashville,United States,Newark Liberty International Airport,EWR,Newark,United States,648,1.59,2026-12-04,03:33 AM
Spirit Airlines,Airbus A320-232,A320,NK793,Dallas-Fort Worth International Airport,DFW,Dallas-Fort Worth,United States,Orlando International Airport,MCO,Orlando,United States,854,2.03,2026-12-04,03:35 AM
American Airlines,Airbus A321-253NX,A21N,AA2295,Phoenix Sky Harbor International Airport,PHX,Phoenix,United States,Philadelphia International Airport,PHL,Philadelphia,United States,1800,4.04,2026-12-04,03:39 AM
American Airlines,Boeing 737-823,B738,AA1855,Charlotte/Douglas International Airport,CLT,Charlotte,United States,Will Rogers World Airport,OKC,Oklahoma City,United States,815,1.95,2026-12-04,03:53 AM
American Airlines,Boeing 737-823,B738,AA2795,Miami International Airport,MIA,Miami,United States,Richmond International Airport,RIC,Richmond,United States,719,1.74,2026-12-04,03:55 AM
American Airlines,Airbus A320-214,A320,Unknown,John Glenn Columbus International Airport,CMH,Columbus,United States,John Glenn Columbus International Airport,CMH,Columbus,United States,0,0.22,2026-12-04,03:55 AM
American Airlines,Boeing 787-9 Dreamliner,B789,AA897,Philadelphia International Airport,PHL,Philadelphia,United States,Los Angeles International Airport,LAX,Los Angeles,United States,2082,4.63,2026-12-04,03:55 AM
American Airlines,Airbus A319-132,A319,AA511,Dallas-Fort Worth International Airport,DFW,Dallas-Fort Worth,United States,Calgary International Airport,YYC,Calgary,Canada,1324,3.03,2026-12-04,03:56 AM
American Airlines,Airbus A319-132,A319,AA1998,Phoenix Sky Harbor International Airport,PHX,Phoenix,United States,Mahlon Sweet Field,EUG,Eugene,United States,827,1.97,2026-12-04,04:02 AM
American Airlines,Boeing 737 MAX 8,B38M,AA2362,Miami International Airport,MIA,Miami,United States,Ronald Reagan Washington Ntl Airport,DCA,Washington,United States,801,1.92,2026-12-04,04:13 AM
American Airlines,Airbus A321-231,A321,AA757,Seattle-Tacoma International Airport,SEA,Seattle,United States,Dallas-Fort Worth International Airport,DFW,Dallas-Fort Worth,United States,1441,3.27,2026-12-04,04:31 AM
United Airlines,Boeing 787-10 Dreamliner,B78X,UA2641,Newark Liberty International Airport,EWR,Newark,United States,Los Angeles International Airport,LAX,Los Angeles,United States,2128,4.73,2026-12-04,04:50 AM
Spirit Airlines,Airbus A321-231,A321,NK1860,Fort Lauderdale/Hollywood International Airport,FLL,Fort Lauderdale,United States,Newark Liberty International Airport,EWR,Newark,United States,927,2.18,2026-07-04,04:57 AM
United Airlines,Boeing 737 MAX 8,B38M,UA2224,George Bush Intcntl/Houston Airport,IAH,Houston,United States,John Wayne/Orange County Airport,SNA,Santa Ana,United States,1168,2.7,2026-12-04,05:23 AM
United Airlines,Boeing 737-824,B738,UA2129,San Diego International Airport,SAN,San Diego,United States,Washington Dulles International Airport,IAD,Washington,United States,1952,4.36,2026-12-04,07:12 AM
United Airlines,Boeing 737 MAX 9,B39M,UA1730,Los Angeles International Airport,LAX,Los Angeles,United States,Orlando International Airport,MCO,Orlando,United States,1924,4.3,2026-12-04,07:18 AM
United Airlines,Boeing 737 MAX 8,B38M,UA2080,San Francisco International Airport,SFO,San Francisco,United States,Raleigh-Durham International Airport,RDU,Raleigh/Durham,United States,2081,4.63,2026-12-04,07:32 AM
United Airlines,Boeing 737 MAX 9,B39M,UA1075,Los Angeles International Airport,LAX,Los Angeles,United States,Cancun International Airport,CUN,Cancun,Mexico,1839,4.12,2026-05-04,08:04 AM
United Airlines,Boeing 737 MAX 8,B38M,UA2861,San Francisco International Airport,SFO,San Francisco,United States,San Diego International Airport,SAN,San Diego,United States,388,1.04,2026-12-04,08:15 AM
American Airlines,Boeing 737 MAX 8,B38M,AA3040,San Francisco International Airport,SFO,San Francisco,United States,Miami International Airport,MIA,Miami,United States,2243,4.97,2026-12-04,08:44 AM
American Airlines,Boeing 777-223(ER),B772,AA983,Miami International Airport,MIA,Miami,United States,Ministro Pistarini International Airport,EZE,Ezeiza,Argentina,3844,8.37,2026-12-04,10:13 AM
United Airlines,Boeing 777-222,B772,UA1036,Los Angeles International Airport,LAX,Los Angeles,United States,Chicago O'Hare International Airport,ORD,Chicago,United States,1513,3.43,2026-12-04,12:00 PM
Frontier Airlines,Airbus A321-271NX,A21N,F92905,Luis Munoz Marin International Airport,SJU,San Juan,Puerto Rico,Washington Dulles International Airport,IAD,Washington,United States,1367,3.12,2026-12-04,12:12 PM
United Airlines,Boeing 737 MAX 9,B39M,UA737,San Francisco International Airport,SFO,San Francisco,United States,Baltimore/Washington International Thurgood Marshall Airport,BWI,Baltimore,United States,2130,4.73,2026-12-04,12:18 PM
American Airlines,Boeing 737-823,B738,AA3276,Chicago O'Hare International Airport,ORD,Chicago,United States,Luis Munoz Marin International Airport,SJU,San Juan,Puerto Rico,1802,4.04,2026-12-04,03:20 PM
American Airlines,Boeing 737-823,B738,AA3258,Miami International Airport,MIA,Miami,United States,George Bush Intcntl/Houston Airport,IAH,Houston,United States,837,1.99,2026-12-04,04:30 PM
American Airlines,Boeing 737-823,B738,AA356,La Aurora Airport,GUA,Guatemala City,Guatemala,Miami International Airport,MIA,Miami,United States,886,2.1,2026-12-04,05:13 PM
United Airlines,Boeing 787-9 Dreamliner,B789,UA3915,Chek Lap Kok International Airport,HKG,Hong Kong,Hong Kong,Los Angeles International Airport,LAX,Los Angeles,United States,6298,13.57,2026-12-05,06:03 AM
China United Airlines,Boeing 737-89P,B738,KN5321,Beijing Daxing International Airport,PKX,Beijing,China,Guangzhou Baiyun International Airport,CAN,Guangzhou,China,980,2.3,2026-12-05,08:38 AM
China United Airlines,Boeing 737-89P,B738,KN5220,Sanya Phoenix International Airport,SYX,Sanya,China,Wenzhou Yongqiang Airport,WNZ,Wenzhou,China,855,2.03,2026-12-05,12:05 PM
United Airlines,Boeing 737-824,B738,UA192,Palau International Airport,ROR,Babelthuap Island,Palau,Guam International Airport,GUM,Guam,Guam,710,1.72,2026-12-05,06:58 PM
United Airlines,Boeing 787-9 Dreamliner,B789,UA91,Ben Gurion International Airport,TLV,Tel Aviv,Israel,Newark Liberty International Airport,EWR,Newark,United States,4935,10.68,2026-12-06,12:45 AM
China United Airlines,Boeing 737-89P,B738,KN5816,Beihai Airport,BHY,Beihai,China,Beijing Daxing International Airport,PKX,Beijing,China,1138,2.63,2026-12-06,02:12 PM
United Airlines,Boeing 787-9 Dreamliner,B789,UA821,Chek Lap Kok International Airport,HKG,Hong Kong,Hong Kong,Los Angeles International Airport,LAX,Los Angeles,United States,6298,13.57,2026-12-06,05:24 PM
American Airlines,Boeing 787-9 Dreamliner,B789,AA42,Los Angeles International Airport,LAX,Los Angeles,United States,Brisbane International Airport,BNE,Brisbane,Australia,6228,13.42,2026-12-06,06:58 PM
American Airlines,Boeing 787-9 Dreamliner,B789,AA43,Brisbane International Airport,BNE,Brisbane,Australia,Los Angeles International Airport,LAX,Los Angeles,United States,6228,13.42,2026-12-07,08:11 AM
United Airlines,Boeing 737 MAX 8,B38M,UA1004,George Bush Intcntl/Houston Airport,IAH,Houston,United States,Nuevo Aeropuerto Internacional Mariscal Sucre,UIO,Quito,Ecuador,2052,4.57,2026-01-11,10:06 AM
Spirit Airlines,Airbus A321-271NX,A21N,NK974,Jose Maria Cordova International Airport,MDE,Rionegro,Colombia,Fort Lauderdale/Hollywood International Airport,FLL,Fort Lauderdale,United States,1226,2.82,2026-12-11,11:35 AM
United Airlines,Boeing 737 MAX 9,B39M,UA1467,El Salvador International Airport,SAL,Santa Clara,El Salvador,George Bush Intcntl/Houston Airport,IAH,Houston,United States,1053,2.45,2026-12-11,02:41 PM
Spirit Airlines,Airbus A321-271NX,A21N,NK2900,Fort Lauderdale/Hollywood International Airport,FLL,Fort Lauderdale,United States,Los Angeles International Airport,LAX,Los Angeles,United States,2032,4.53,2026-12-11,03:06 PM
American Airlines,Airbus A321-253NX,A21N,AA1692,Miami International Airport,MIA,Miami,United States,Newark Liberty International Airport,EWR,Newark,United States,945,2.22,2026-12-11,03:26 PM
American Airlines,Boeing 777-223(ER),B772,AA982,Ministro Pistarini International Airport,EZE,Ezeiza,Argentina,Miami International Airport,MIA,Miami,United States,3844,8.37,2026-12-11,04:28 PM
United Airlines,Boeing 737 MAX 9,B39M,UA1876,Newark Liberty International Airport,EWR,Newark,United States,Daniel Oduber Quiros International Airport,LIR,Liberia,Costa Rica,1905,4.26,2026-12-11,04:32 PM
American Airlines,Airbus A319-115,A319,AA329,Miami International Airport,MIA,Miami,United States,Comayagua-Palmerola International Airport,XPL,Comayagua,Honduras,800,1.92,2026-12-11,04:40 PM
American Airlines,Airbus A321-231,A321,AA3122,Charlotte/Douglas International Airport,CLT,Charlotte,United States,Luis Munoz Marin International Airport,SJU,San Juan,Puerto Rico,1283,2.94,2026-12-11,05:07 PM
American Airlines,Boeing 737 MAX 8,B38M,AA2241,Miami International Airport,MIA,Miami,United States,La Aurora Airport,GUA,Guatemala City,Guatemala,886,2.1,2026-04-11,05:18 PM
American Airlines,Airbus A321-231,A321,AA2404,Charlotte/Douglas International Airport,CLT,Charlotte,United States,Punta Cana International Airport,PUJ,Punta Cana,Dominican Republic,1203,2.77,2026-12-11,05:35 PM
Spirit Airlines,Airbus A321-231,A321,NK503,Luis Munoz Marin International Airport,SJU,San Juan,Puerto Rico,Orlando International Airport,MCO,Orlando,United States,1033,2.41,2026-12-11,06:23 PM
United Airlines,Boeing 737 MAX 9,B39M,UA1698,Punta Cana International Airport,PUJ,Punta Cana,Dominican Republic,Denver International Airport,DEN,Denver,United States,2268,5.03,2026-12-11,06:35 PM
American Airlines,Airbus A321-231,A321,AA1338,Daniel Oduber Quiros International Airport,LIR,Liberia,Costa Rica,Miami International Airport,MIA,Miami,United States,960,2.25,2026-12-11,07:01 PM
American Airlines,Boeing 737 MAX 8,B38M,AA2973,Miami International Airport,MIA,Miami,United States,Chicago O'Hare International Airport,ORD,Chicago,United States,1042,2.43,2026-12-11,07:09 PM
American Airlines,Boeing 737-823,B738,AA1900,Providenciales Airport,PLS,Providenciales Island,Turks And Caicos Islands,Miami International Airport,MIA,Miami,United States,502,1.28,2026-12-11,07:14 PM
Spirit Airlines,Airbus A320-232,A320,NK270,Sangster International Airport,MBJ,Montego Bay,Jamaica,Fort Lauderdale/Hollywood International Airport,FLL,Fort Lauderdale,United States,471,1.22,2026-12-11,07:15 PM
American Airlines,Boeing 777-223(ER),B772,AA83,Los Angeles International Airport,LAX,Los Angeles,United States,Auckland International Airport,AKL,Auckland,New Zealand,5662,12.22,2026-12-11,07:21 PM
American Airlines,Boeing 737-823,B738,AA1393,Del Bajio International Airport,BJX,Silao,Mexico,Dallas-Fort Worth International Airport,DFW,Dallas-Fort Worth,United States,753,1.82,2026-12-11,07:23 PM
American Airlines,Boeing 737 MAX 8,B38M,AA1163,Miami International Airport,MIA,Miami,United States,Austin-Bergstrom International Airport,AUS,Austin,United States,957,2.25,2026-12-11,07:33 PM
United Airlines,Boeing 737 MAX 9,B39M,UA1808,George Bush Intcntl/Houston Airport,IAH,Houston,United States,Newark Liberty International Airport,EWR,Newark,United States,1215,2.79,2026-12-11,08:05 PM
American Airlines,Airbus A321-253N,A21N,AA1546,Miami International Airport,MIA,Miami,United States,Point Salines International Airport,GND,Saint George's,Grenada,1335,3.05,2026-12-11,08:11 PM
Spirit Airlines,Airbus A321-271NX,A21N,NK1329,Comayagua-Palmerola International Airport,XPL,Comayagua,Honduras,Fort Lauderdale/Hollywood International Airport,FLL,Fort Lauderdale,United States,818,1.95,2026-12-11,08:24 PM
American Airlines,Airbus A321-253NX,A21N,AA1577,Miami International Airport,MIA,Miami,United States,Philadelphia International Airport,PHL,Philadelphia,United States,882,2.09,2026-12-11,09:08 PM
American Airlines,Boeing 737-823,B738,AA2613,Hewanorra International Airport,UVF,Vieux Fort,Saint Lucia,Miami International Airport,MIA,Miami,United States,1308,2.99,2026-04-11,09:13 PM
United Airlines,Boeing 737 MAX 9,B39M,UA1196,Cancun International Airport,CUN,Cancun,Mexico,Chicago O'Hare International Airport,ORD,Chicago,United States,1258,2.89,2026-12-11,09:26 PM
American Airlines,Boeing 737-823,B738,AA2617,Miami International Airport,MIA,Miami,United States,Indianapolis International Airport,IND,Indianapolis,United States,889,2.1,2026-12-11,09:37 PM
Spirit Airlines,Airbus A321-231,A321,NK408,Alfonso Bonilla Aragon International Airport,CLO,Cali,Colombia,Fort Lauderdale/Hollywood International Airport,FLL,Fort Lauderdale,United States,1370,3.12,2026-08-11,10:19 PM
American Airlines,Boeing 737 MAX 8,B38M,AA1208,Bob Hope Airport,BUR,Burbank,United States,Dallas-Fort Worth International Airport,DFW,Dallas-Fort Worth,United States,1068,2.48,2026-12-11,10:37 PM
American Airlines,Airbus A319-132,A319,AA3246,Dallas-Fort Worth International Airport,DFW,Dallas-Fort Worth,United States,Palm Beach International Airport,PBI,West Palm Beach,United States,957,2.25,2026-05-11,10:50 PM
Spirit Airlines,Airbus A320-232,A320,NK758,Miami International Airport,MIA,Miami,United States,Luis Munoz Marin International Airport,SJU,San Juan,Puerto Rico,908,2.14,2026-12-11,10:51 PM
American Airlines,Airbus A321-231,A321,AA3133,Hewanorra International Airport,UVF,Vieux Fort,Saint Lucia,Miami International Airport,MIA,Miami,United States,1308,2.99,2026-12-11,10:54 PM
United Airlines,Boeing 737-824,B738,UA1536,Newark Liberty International Airport,EWR,Newark,United States,Southwest Florida International Airport,RSW,Fort Myers,United States,933,2.2,2026-12-11,10:58 PM
American Airlines,Boeing 737 MAX 8,B38M,AA2264,John Wayne/Orange County Airport,SNA,Santa Ana,United States,Dallas-Fort Worth International Airport,DFW,Dallas-Fort Worth,United States,1045,2.43,2026-12-11,11:02 PM
American Airlines,Boeing 737-823,B738,AA884,Austin-Bergstrom International Airport,AUS,Austin,United States,Phoenix Sky Harbor International Airport,PHX,Phoenix,United States,756,1.82,2026-12-11,11:04 PM
United Airlines,Boeing 737-824,B738,UA1798,George Bush Intcntl/Houston Airport,IAH,Houston,United States,Phoenix Sky Harbor International Airport,PHX,Phoenix,United States,875,2.07,2026-12-11,11:18 PM
American Airlines,Boeing 737-823,B738,AA3276,Luis Munoz Marin International Airport,SJU,San Juan,Puerto Rico,Chicago O'Hare International Airport,ORD,Chicago,United States,1802,4.04,2026-12-11,11:22 PM
American Airlines,Airbus A321-253NX,A21N,AA3050,Luis Munoz Marin International Airport,SJU,San Juan,Puerto Rico,Miami International Airport,MIA,Miami,United States,908,2.14,2026-02-11,11:23 PM
American Airlines,Boeing 737-823,B738,AA2223,Punta Cana International Airport,PUJ,Punta Cana,Dominican Republic,Miami International Airport,MIA,Miami,United States,792,1.9,2026-12-11,11:25 PM
United Airlines,Airbus A320-232,A320,UA718,Licenciado Benito Juarez International Airport,MEX,Mexico City,Mexico,San Francisco International Airport,SFO,San Francisco,United States,1635,3.69,2026-12-11,11:32 PM
Spirit Airlines,Airbus A320-232,A320,NK940,Palm Beach International Airport,PBI,West Palm Beach,United States,Atlantic City International Airport,ACY,Atlantic City,United States,815,1.95,2026-12-11,11:35 PM
American Airlines,Airbus A321-231,A321,AA834,Luis Munoz Marin International Airport,SJU,San Juan,Puerto Rico,Charlotte/Douglas International Airport,CLT,Charlotte,United States,1283,2.94,2026-12-11,11:38 PM
American Airlines,Airbus A321-253NX,A21N,AA1816,Phoenix Sky Harbor International Airport,PHX,Phoenix,United States,Miami International Airport,MIA,Miami,United States,1711,3.85,2026-12-11,11:41 PM
American Airlines,Boeing 737-823,B738,AA2007,Punta Cana International Airport,PUJ,Punta Cana,Dominican Republic,Dallas-Fort Worth International Airport,DFW,Dallas-Fort Worth,United States,1765,3.96,2026-12-11,11:52 PM
American Airlines,Boeing 737 MAX 8,B38M,AA3132,Cancun International Airport,CUN,Cancun,Mexico,Phoenix Sky Harbor International Airport,PHX,Phoenix,United States,1528,3.46,2026-12-11,11:57 PM
American Airlines,Boeing 737-823,B738,AA2275,Licenciado Gustavo Diaz Ordaz International Airport,PVR,Puerto Vallarta,Mexico,Chicago O'Hare International Airport,ORD,Chicago,United States,1551,3.51,2026-12-12,12:09 AM
American Airlines,Boeing 737 MAX 8,B38M,AA338,Tocumen International Airport,PTY,Tocumen,Panama,Miami International Airport,MIA,Miami,United States,1005,2.35,2026-03-12,12:12 AM
United Airlines,Boeing 737 MAX 9,B39M,UA1222,Newark Liberty International Airport,EWR,Newark,United States,Juan Santamaria International Airport,SJO,San Jose,Costa Rica,1919,4.29,2026-12-12,12:16 AM
American Airlines,Airbus A321-231,A321,AA3111,Punta Cana International Airport,PUJ,Punta Cana,Dominican Republic,Charlotte/Douglas International Airport,CLT,Charlotte,United States,1203,2.77,2026-12-12,12:18 AM
United Airlines,Boeing 737 MAX 8,B38M,UA474,Licenciado Benito Juarez International Airport,MEX,Mexico City,Mexico,Chicago O'Hare International Airport,ORD,Chicago,United States,1468,3.33,2026-12-12,12:42 AM
American Airlines,Boeing 737 MAX 8,B38M,AA330,Juan Santamaria International Airport,SJO,San Jose,Costa Rica,Charlotte/Douglas International Airport,CLT,Charlotte,United States,1525,3.45,2026-12-12,12:50 AM
American Airlines,Airbus A321-253NX,A21N,AA1634,Dallas-Fort Worth International Airport,DFW,Dallas-Fort Worth,United States,San Diego International Airport,SAN,San Diego,United States,1015,2.37,2026-12-12,01:00 AM
American Airlines,Airbus A321-231,A321,AA2752,Dallas-Fort Worth International Airport,DFW,Dallas-Fort Worth,United States,Ronald Reagan Washington Ntl Airport,DCA,Washington,United States,1034,2.41,2026-12-12,01:23 AM
American Airlines,Airbus A321-231,A321,AA2056,Orlando International Airport,MCO,Orlando,United States,Dallas-Fort Worth International Airport,DFW,Dallas-Fort Worth,United States,854,2.03,2026-12-12,01:28 AM
American Airlines,Boeing 737-823,B738,AA1048,Miami International Airport,MIA,Miami,United States,Charlotte/Douglas International Airport,CLT,Charlotte,United States,567,1.42,2026-12-12,01:30 AM
American Airlines,Boeing 737 MAX 8,B38M,AA3106,Miami International Airport,MIA,Miami,United States,Los Angeles International Airport,LAX,Los Angeles,United States,2032,4.53,2026-12-12,01:31 AM
United Airlines,Boeing 737 MAX 8,B38M,UA1021,Newark Liberty International Airport,EWR,Newark,United States,Tocumen International Airport,PTY,Tocumen,Panama,1919,4.29,2026-12-12,01:32 AM
American Airlines,Airbus A319-132,A319,AA3281,George Bush Intcntl/Houston Airport,IAH,Houston,United States,Phoenix Sky Harbor International Airport,PHX,Phoenix,United States,875,2.07,2026-12-12,01:33 AM
American Airlines,Boeing 737-823,B738,AA1625,Phoenix Sky Harbor International Airport,PHX,Phoenix,United States,Sacramento International Airport,SMF,Sacramento,United States,562,1.41,2026-12-12,01:38 AM
Spirit Airlines,Airbus A320-271N,A20N,NK1923,Orlando International Airport,MCO,Orlando,United States,Hartsfield - Jackson Atlanta International Airport,ATL,Atlanta,United States,351,0.96,2026-12-12,01:39 AM
American Airlines,Boeing 737-823,B738,AA2836,Ronald Reagan Washington Ntl Airport,DCA,Washington,United States,Miami International Airport,MIA,Miami,United States,801,1.92,2026-12-12,01:41 AM
United Airlines,Boeing 737-924,B739,UA1663,George Bush Intcntl/Houston Airport,IAH,Houston,United States,Philadelphia International Airport,PHL,Philadelphia,United States,1150,2.66,2026-12-12,02:03 AM
American Airlines,Boeing 737 MAX 8,B38M,AA2941,Miami International Airport,MIA,Miami,United States,Harry Reid International Airport,LAS,Las Vegas,United States,1887,4.22,2026-12-12,02:08 AM
American Airlines,Airbus A321-231,A321,AA2213,Los Cabos International Airport,SJD,San Jose del Cabo,Mexico,Dallas-Fort Worth International Airport,DFW,Dallas-Fort Worth,United States,890,2.11,2026-12-12,02:16 AM
Spirit Airlines,Airbus A321-271NX,A21N,NK914,Myrtle Beach International Airport,MYR,Myrtle Beach,United States,Laguardia Airport,LGA,New York,United States,490,1.26,2026-12-12,02:21 AM
United Airlines,Boeing 737-824,B738,UA2445,George Bush Intcntl/Houston Airport,IAH,Houston,United States,Tulsa International Airport,TUL,Tulsa,United States,374,1.01,2026-12-12,02:46 AM
American Airlines,Airbus A319-132,A319,AA499,Dallas-Fort Worth International Airport,DFW,Dallas-Fort Worth,United States,San Antonio International Airport,SAT,San Antonio,United States,215,0.67,2026-07-12,02:49 AM
United Airlines,Airbus A319-132,A319,UA2226,George Bush Intcntl/Houston Airport,IAH,Houston,United States,St Louis Lambert International Airport,STL,St Louis,United States,581,1.45,2026-12-12,02:53 AM
American Airlines,Boeing 737 MAX 8,B38M,AA903,Chicago O'Hare International Airport,ORD,Chicago,United States,Ronald Reagan Washington Ntl Airport,DCA,Washington,United States,531,1.34,2026-12-12,03:01 AM
American Airlines,Airbus A321-253NX,A21N,AA2532,Dallas-Fort Worth International Airport,DFW,Dallas-Fort Worth,United States,Miami International Airport,MIA,Miami,United States,973,2.28,2026-12-12,03:03 AM
United Airlines,Airbus A321-271NX,A21N,UA540,Denver International Airport,DEN,Denver,United States,San Diego International Airport,SAN,San Diego,United States,740,1.79,2026-12-12,03:07 AM
American Airlines,Airbus A321-231,A321,AA3021,Charlotte/Douglas International Airport,CLT,Charlotte,United States,Indianapolis International Airport,IND,Indianapolis,United States,371,1.01,2026-12-12,03:23 AM
American Airlines,Boeing 737-823,B738,AA1256,Miami International Airport,MIA,Miami,United States,Bradley International Airport,BDL,Windsor Locks,United States,1040,2.42,2026-04-12,03:28 AM
American Airlines,Boeing 737-823,B738,AA1202,Dallas-Fort Worth International Airport,DFW,Dallas-Fort Worth,United States,Jacksonville International Airport,JAX,Jacksonville,United States,797,1.91,2026-02-12,03:30 AM
United Airlines,Boeing 737 MAX 9,B39M,UA2436,Los Angeles International Airport,LAX,Los Angeles,United States,Austin-Bergstrom International Airport,AUS,Austin,United States,1077,2.5,2026-12-12,03:47 AM
American Airlines,Airbus A319-115,A319,AA2849,Will Rogers World Airport,OKC,Oklahoma City,United States,Dallas-Fort Worth International Airport,DFW,Dallas-Fort Worth,United States,152,0.54,2026-12-12,03:52 AM
United Airlines,Boeing 737 MAX 9,B39M,UA2104,George Bush Intcntl/Houston Airport,IAH,Houston,United States,San Diego International Airport,SAN,San Diego,United States,1130,2.61,2026-07-12,03:58 AM
American Airlines,Boeing 737-823,B738,AA1112,Dallas-Fort Worth International Airport,DFW,Dallas-Fort Worth,United States,John Wayne/Orange County Airport,SNA,Santa Ana,United States,1045,2.43,2026-12-12,03:59 AM
American Airlines,Airbus A321-231,A321,AA1879,Charlotte/Douglas International Airport,CLT,Charlotte,United States,Orlando International Airport,MCO,Orlando,United States,408,1.08,2026-12-12,04:01 AM
American Airlines,Boeing 737-823,B738,AA1095,Miami International Airport,MIA,Miami,United States,Indianapolis International Airport,IND,Indianapolis,United States,889,2.1,2026-12-12,04:01 AM
United Airlines,Boeing 737-824,B738,UA2111,George Bush Intcntl/Houston Airport,IAH,Houston,United States,Minneapolis-St Paul International/Wold-Chamberlain Airport,MSP,Minneapolis,United States,900,2.13,2026-12-12,04:06 AM
United Airlines,Boeing 737 MAX 9,B39M,UA2028,Denver International Airport,DEN,Denver,United States,Ontario International Airport,ONT,Ontario,United States,710,1.72,2026-12-12,04:08 AM
American Airlines,Airbus A321-211,A321,AA2520,Charlotte/Douglas International Airport,CLT,Charlotte,United States,Southwest Florida International Airport,RSW,Fort Myers,United States,525,1.33,2026-12-12,04:11 AM
Spirit Airlines,Airbus A320-232,A320,NK512,Orlando International Airport,MCO,Orlando,United States,George Bush Intcntl/Houston Airport,IAH,Houston,United States,741,1.79,2026-12-12,04:16 AM
United Airlines,Boeing 757-33N,B753,UA2038,George Bush Intcntl/Houston Airport,IAH,Houston,United States,San Francisco International Airport,SFO,San Francisco,United States,1419,3.23,2026-12-12,04:16 AM
United Airlines,Airbus A320-232,A320,UA2332,San Francisco International Airport,SFO,San Francisco,United States,Austin-Bergstrom International Airport,AUS,Austin,United States,1305,2.99,2026-12-12,04:26 AM
United Airlines,Airbus A320-232,A320,UA1711,Austin-Bergstrom International Airport,AUS,Austin,United States,Denver International Airport,DEN,Denver,United States,674,1.65,2026-12-12,04:28 AM
American Airlines,Airbus A319-112,A319,AA2717,Reno/Tahoe International Airport,RNO,Reno,United States,Phoenix Sky Harbor International Airport,PHX,Phoenix,United States,522,1.33,2026-12-12,04:30 AM
Spirit Airlines,Airbus A320-232,A320,NK2219,George Bush Intcntl/Houston Airport,IAH,Houston,United States,Detroit Metro Wayne County Airport,DTW,Detroit,United States,935,2.2,2026-12-12,04:32 AM
American Airlines,Airbus A321-253N,A21N,AA1389,Miami International Airport,MIA,Miami,United States,Laguardia Airport,LGA,New York,United States,955,2.24,2026-12-12,04:53 AM
American Airlines,Airbus A321-231,A321,AA1852,Philadelphia International Airport,PHL,Philadelphia,United States,Denver International Airport,DEN,Denver,United States,1350,3.08,2026-12-12,05:00 AM
United Airlines,Boeing 777-322(ER),B77W,UA810,Ninoy Aquino International Airport,MNL,Manila,Philippines,San Francisco International Airport,SFO,San Francisco,United States,6063,13.07,2026-01-12,04:32 PM
United Airlines,Boeing 787-9 Dreamliner,B789,UA207,San Francisco International Airport,SFO,San Francisco,United States,Adelaide International Airport,ADL,Adelaide,Australia,7018,15.1,2026-12-12,08:20 PM
United Airlines,Boeing 787-8 Dreamliner,B788,UA141,Ben Gurion International Airport,TLV,Tel Aviv,Israel,Chicago O'Hare International Airport,ORD,Chicago,United States,5359,11.58,2026-12-13,12:26 AM
United Airlines,Boeing 787-9 Dreamliner,B789,UA208,Adelaide International Airport,ADL,Adelaide,Australia,San Francisco International Airport,SFO,San Francisco,United States,7018,15.1,2026-12-13,09:45 AM
American Airlines,Boeing 737 MAX 8,B38M,AA1312,Ramon Villeda Morales International Airport,SAP,La Mesa,Honduras,Miami International Airport,MIA,Miami,United States,754,1.82,2026-12-13,10:45 PM
American Airlines,Boeing 737-823,B738,AA2556,Fresno Yosemite International Airport,FAT,Fresno,United States,Dallas-Fort Worth International Airport,DFW,Dallas-Fort Worth,United States,1139,2.63,2026-12-13,10:46 PM
American Airlines,Boeing 737-823,B738,AA1132,Daniel Oduber Quiros International Airport,LIR,Liberia,Costa Rica,Philadelphia International Airport,PHL,Philadelphia,United States,1842,4.12,2026-12-13,10:51 PM
American Airlines,Boeing 737-823,B738,AA858,Palm Springs International Airport,PSP,Palm Springs,United States,Chicago O'Hare International Airport,ORD,Chicago,United States,1432,3.25,2026-12-13,10:53 PM
Spirit Airlines,Airbus A320-232,A320,NK1205,Orlando International Airport,MCO,Orlando,United States,Detroit Metro Wayne County Airport,DTW,Detroit,United States,834,1.99,2026-12-13,10:53 PM
American Airlines,Boeing 737-823,B738,AA3032,Daniel Oduber Quiros International Airport,LIR,Liberia,Costa Rica,Chicago O'Hare International Airport,ORD,Chicago,United States,1888,4.22,2026-12-13,11:03 PM
United Airlines,Boeing 757-324,B753,UA1221,Daniel K Inouye International Airport,HNL,Honolulu,United States,Los Angeles International Airport,LAX,Los Angeles,United States,2218,4.92,2026-12-13,11:10 PM
United Airlines,Boeing 757-224,B752,UA1293,Los Angeles International Airport,LAX,Los Angeles,United States,George Bush Intcntl/Houston Airport,IAH,Houston,United States,1196,2.75,2026-12-13,11:34 PM
United Airlines,Boeing 737-824,B738,UA1946,Chicago O'Hare International Airport,ORD,Chicago,United States,Southwest Florida International Airport,RSW,Fort Myers,United States,977,2.29,2026-12-13,11:36 PM
United Airlines,Boeing 757-224,B752,UA247,Los Angeles International Airport,LAX,Los Angeles,United States,Newark Liberty International Airport,EWR,Newark,United States,2128,4.73,2026-12-13,11:40 PM
United Airlines,Boeing 737-824,B738,UA799,Owen Roberts International Airport,GCM,Georgetown,Cayman Islands,Chicago O'Hare International Airport,ORD,Chicago,United States,1402,3.19,2026-12-13,11:51 PM
United Airlines,Boeing 757-224,B752,UA1074,General Edward Lawrence Logan International Airport,BOS,Boston,United States,San Francisco International Airport,SFO,San Francisco,United States,2344,5.19,2026-12-13,11:52 PM
Spirit Airlines,Airbus A321-271NX,A21N,NK1030,Cancun International Airport,CUN,Cancun,Mexico,Baltimore/Washington International Thurgood Marshall Airport,BWI,Baltimore,United States,1209,2.78,2026-12-14,12:02 AM
United Airlines,Boeing 757-33N,B753,UA501,Denver International Airport,DEN,Denver,United States,Orlando International Airport,MCO,Orlando,United States,1343,3.07,2026-12-14,12:03 AM
American Airlines,Boeing 737-823,B738,AA3289,Henry E Rohlsen Airport,STX,Christiansted,Virgin Islands Us,Chicago O'Hare International Airport,ORD,Chicago,United States,1877,4.2,2026-12-14,12:09 AM
United Airlines,Boeing 777-222(ER),B772,UA334,George Bush Intcntl/Houston Airport,IAH,Houston,United States,San Francisco International Airport,SFO,San Francisco,United States,1419,3.23,2026-12-14,12:27 AM
American Airlines,Boeing 737-823,B738,AA975,Sangster International Airport,MBJ,Montego Bay,Jamaica,Chicago O'Hare International Airport,ORD,Chicago,United States,1499,3.4,2026-12-14,12:36 AM
United Airlines,Boeing 777-222(ER),B772,UA878,Chek Lap Kok International Airport,HKG,Hong Kong,Hong Kong,San Francisco International Airport,SFO,San Francisco,United States,6009,12.96,2026-12-14,12:39 AM
American Airlines,Airbus A319-132,A319,AA1181,Philadelphia International Airport,PHL,Philadelphia,United States,Chicago O'Hare International Airport,ORD,Chicago,United States,588,1.47,2026-12-14,12:42 AM
American Airlines,Airbus A319-115,A319,AA1064,Cyril E King Airport,STT,Charlotte Amalie,Virgin Islands Us,John F Kennedy International Airport,JFK,New York,United States,1414,3.22,2026-08-14,12:52 AM
United Airlines,Boeing 737 MAX 8,B38M,UA545,Austin-Bergstrom International Airport,AUS,Austin,United States,Newark Liberty International Airport,EWR,Newark,United States,1305,2.99,2026-12-14,12:54 AM
American Airlines,Boeing 777-223(ER),B772,AA123,Dallas-Fort Worth International Airport,DFW,Dallas-Fort Worth,United States,Kahului Airport,OGG,Kahului,United States,3219,7.04,2026-12-14,01:09 AM
United Airlines,Boeing 737-724,B737,UA1525,Chicago O'Hare International Airport,ORD,Chicago,United States,John Wayne/Orange County Airport,SNA,Santa Ana,United States,1497,3.39,2026-12-14,01:15 AM
United Airlines,Boeing 737-824,B738,UA2274,Sacramento International Airport,SMF,Sacramento,United States,Chicago O'Hare International Airport,ORD,Chicago,United States,1544,3.49,2026-12-14,01:19 AM
American Airlines,Boeing 737 MAX 8,B38M,AA2254,Hato International Airport,CUR,Willemstad,Curacao,Chicago O'Hare International Airport,ORD,Chicago,United States,2045,4.55,2026-12-14,01:27 AM
United Airlines,Boeing 737-824,B738,UA2324,Denver International Airport,DEN,Denver,United States,The Eastern Iowa Airport,CID,Cedar Rapids,United States,601,1.49,2026-12-14,01:30 AM
American Airlines,Boeing 737-823,B738,AA1727,Charlotte/Douglas International Airport,CLT,Charlotte,United States,John F Kennedy International Airport,JFK,New York,United States,470,1.22,2026-12-14,01:35 AM
American Airlines,Airbus A319-132,A319,AA3309,Chicago O'Hare International Airport,ORD,Chicago,United States,Jacksonville International Airport,JAX,Jacksonville,United States,752,1.81,2026-12-14,01:38 AM
Spirit Airlines,Airbus A320-232,A320,NK383,Fort Lauderdale/Hollywood International Airport,FLL,Fort Lauderdale,United States,Louis Armstrong New Orleans International Airport,MSY,New Orleans,United States,585,1.46,2026-12-14,01:40 AM
United Airlines,Boeing 777-222(ER),B772,UA2403,Harry Reid International Airport,LAS,Las Vegas,United States,Washington Dulles International Airport,IAD,Washington,United States,1789,4.01,2026-12-14,01:47 AM
United Airlines,Boeing 737-824,B738,UA658,Chicago O'Hare International Airport,ORD,Chicago,United States,San Antonio International Airport,SAT,San Antonio,United States,906,2.14,2026-12-14,01:53 AM
Spirit Airlines,Airbus A320-232,A320,NK2858,Fort Lauderdale/Hollywood International Airport,FLL,Fort Lauderdale,United States,Laguardia Airport,LGA,New York,United States,937,2.21,2026-12-14,02:06 AM
United Airlines,Boeing 737-824,B738,UA1374,Denver International Airport,DEN,Denver,United States,Fort Lauderdale/Hollywood International Airport,FLL,Fort Lauderdale,United States,1479,3.35,2026-12-14,02:21 AM
United Airlines,Boeing 737 MAX 8,B38M,UA2240,Denver International Airport,DEN,Denver,United States,Los Angeles International Airport,LAX,Los Angeles,United States,748,1.8,2026-07-14,02:26 AM
Spirit Airlines,Airbus A321-271NX,A21N,NK743,George Bush Intcntl/Houston Airport,IAH,Houston,United States,Orlando International Airport,MCO,Orlando,United States,741,1.79,2026-04-14,02:30 AM
American Airlines,Airbus A319-115,A319,AA2626,Dallas-Fort Worth International Airport,DFW,Dallas-Fort Worth,United States,Ponciano Arriaga International Airport,SLP,San Luis Potosi,Mexico,672,1.64,2026-12-14,02:39 AM
United Airlines,Boeing 737-824,B738,UA630,Chicago O'Hare International Airport,ORD,Chicago,United States,Dane County Regional/Truax Field,MSN,Madison,United States,94,0.42,2026-12-14,02:41 AM
United Airlines,Boeing 737 MAX 9,B39M,UA2671,Denver International Airport,DEN,Denver,United States,Raleigh-Durham International Airport,RDU,Raleigh/Durham,United States,1245,2.86,2026-12-14,03:01 AM
American Airlines,Boeing 737-823,B738,AA3176,Los Angeles International Airport,LAX,Los Angeles,United States,San Francisco International Airport,SFO,San Francisco,United States,293,0.84,2026-12-14,03:04 AM
United Airlines,Boeing 737 MAX 8,B38M,UA1684,San Francisco International Airport,SFO,San Francisco,United States,Lihue Airport,LIH,Lihue,United States,2124,4.72,2026-12-14,03:08 AM
American Airlines,Boeing 737-823,B738,AA2072,Dallas-Fort Worth International Airport,DFW,Dallas-Fort Worth,United States,Kansas City International Airport,MCI,Kansas City,United States,400,1.07,2026-12-14,03:30 AM
American Airlines,Boeing 737 MAX 8,B38M,AA2358,Chicago O'Hare International Airport,ORD,Chicago,United States,Austin-Bergstrom International Airport,AUS,Austin,United States,850,2.02,2026-12-14,03:31 AM
American Airlines,Airbus A319-112,A319,AA1713,Pittsburgh International Airport,PIT,Pittsburgh,United States,Miami International Airport,MIA,Miami,United States,882,2.09,2026-12-14,03:35 AM
United Airlines,Boeing 737-724,B737,UA2306,Ronald Reagan Washington Ntl Airport,DCA,Washington,United States,George Bush Intcntl/Houston Airport,IAH,Houston,United States,1048,2.44,2026-05-14,03:40 AM
American Airlines,Boeing 737-823,B738,AA856,Chicago O'Hare International Airport,ORD,Chicago,United States,Fort Lauderdale/Hollywood International Airport,FLL,Fort Lauderdale,United States,1029,2.4,2026-12-14,03:40 AM
United Airlines,Boeing 737 MAX 8,B38M,UA1580,Chicago O'Hare International Airport,ORD,Chicago,United States,Salt Lake City International Airport,SLC,Salt Lake City,United States,1083,2.51,2026-12-14,04:04 AM
United Airlines,Boeing 737 MAX 8,B38M,UA657,Southwest Florida International Airport,RSW,Fort Myers,United States,Newark Liberty International Airport,EWR,Newark,United States,933,2.2,2026-07-14,04:05 AM
American Airlines,Boeing 737-823,B738,AA2210,Charlotte/Douglas International Airport,CLT,Charlotte,United States,Eppley Airfield,OMA,Omaha,United States,792,1.9,2026-01-14,04:10 AM
American Airlines,Boeing 737-823,B738,AA1434,Dallas-Fort Worth International Airport,DFW,Dallas-Fort Worth,United States,Vancouver International Airport,YVR,Richmond,Canada,1522,3.45,2026-12-14,04:14 AM
American Airlines,Boeing 787-8 Dreamliner,B788,AA219,Comodoro Arturo Merino Benitez International Airport,SCL,Santiago,Chile,Miami International Airport,MIA,Miami,United States,3595,7.84,2026-12-14,05:21 AM
United Airlines,Boeing 787-9 Dreamliner,B789,UA85,Ben Gurion International Airport,TLV,Tel Aviv,Israel,Newark Liberty International Airport,EWR,Newark,United States,4935,10.68,2026-12-14,02:47 PM
American Airlines,Airbus A319-115,A319,AA1365,Charlotte/Douglas International Airport,CLT,Charlotte,United States,Key West International Airport,EYW,Key West,United States,641,1.58,2026-12-15,02:30 AM
United Airlines,Boeing 757-224,B752,UA2743,Los Angeles International Airport,LAX,Los Angeles,United States,Newark Liberty International Airport,EWR,Newark,United States,2128,4.73,2026-12-15,02:37 AM
American Airlines,Boeing 787-8 Dreamliner,B788,AA1618,Philadelphia International Airport,PHL,Philadelphia,United States,Miami International Airport,MIA,Miami,United States,882,2.09,2026-07-15,02:42 AM
United Airlines,Boeing 737 MAX 8,B38M,UA1232,Palm Beach International Airport,PBI,West Palm Beach,United States,Newark Liberty International Airport,EWR,Newark,United States,891,2.11,2026-12-15,02:48 AM
American Airlines,Boeing 737-823,B738,AA2847,Dallas-Fort Worth International Airport,DFW,Dallas-Fort Worth,United States,Laguardia Airport,LGA,New York,United States,1205,2.77,2026-12-15,03:05 AM
United Airlines,Boeing 737-724,B737,UA2654,Chicago O'Hare International Airport,ORD,Chicago,United States,Sarasota/Bradenton International Airport,SRQ,Sarasota/Bradenton,United States,914,2.16,2026-12-15,03:06 AM
American Airlines,Airbus A319-115,A319,AA2488,Cincinnati/Northern Kentucky International Airport,CVG,Covington,United States,Miami International Airport,MIA,Miami,United States,826,1.97,2026-12-15,04:01 AM
Spirit Airlines,Airbus A320-232,A320,NK1468,Southwest Florida International Airport,RSW,Fort Myers,United States,Detroit Metro Wayne County Airport,DTW,Detroit,United States,946,2.22,2026-12-15,04:53 AM
United Airlines,Boeing 777-222(ER),B772,UA3881,San Francisco International Airport,SFO,San Francisco,United States,Xiamen Gaoqi International Airport,XMN,Xiamen,China,5752,12.41,2026-12-15,06:06 AM
American Airlines,Boeing 737 MAX 8,B38M,AA2784,Nuevo Aeropuerto Internacional Mariscal Sucre,UIO,Quito,Ecuador,Miami International Airport,MIA,Miami,United States,1561,3.53,2026-12-15,08:35 AM
American Airlines,Boeing 787-8 Dreamliner,B788,AA379,Miami International Airport,MIA,Miami,United States,Comodoro Arturo Merino Benitez International Airport,SCL,Santiago,Chile,3595,7.84,2026-08-15,09:14 AM
United Airlines,Boeing 737-824,B738,UA874,Narita International Airport,NRT,Tokyo,Japan,Guam International Airport,GUM,Guam,Guam,1358,3.1,2026-12-15,12:35 PM
United Airlines,Boeing 757-224,B752,UA2164,Newark Liberty International Airport,EWR,Newark,United States,Chicago O'Hare International Airport,ORD,Chicago,United States,624,1.54,2026-12-15,12:51 PM
Spirit Airlines,Airbus A320-271N,A20N,NK2211,Tampa International Airport,TPA,Tampa,United States,Detroit Metro Wayne County Airport,DTW,Detroit,United States,856,2.03,2026-12-15,01:00 PM
United Airlines,Boeing 737 MAX 8,B38M,UA2314,Fort Lauderdale/Hollywood International Airport,FLL,Fort Lauderdale,United States,George Bush Intcntl/Houston Airport,IAH,Houston,United States,838,2,2026-12-15,01:07 PM
Spirit Airlines,Airbus A320-271N,A20N,NK120,Palm Beach International Airport,PBI,West Palm Beach,United States,Newark Liberty International Airport,EWR,Newark,United States,891,2.11,2026-12-15,01:10 PM
American Airlines,Boeing 737 MAX 8,B38M,AA1636,Ronald Reagan Washington Ntl Airport,DCA,Washington,United States,Orlando International Airport,MCO,Orlando,United States,661,1.62,2026-12-15,01:10 PM
American Airlines,Boeing 737-823,B738,AA2481,Miami International Airport,MIA,Miami,United States,Luis Munoz Marin International Airport,SJU,San Juan,Puerto Rico,908,2.14,2026-12-15,01:21 PM
American Airlines,Boeing 737-823,B738,AA1388,Tampa International Airport,TPA,Tampa,United States,Chicago O'Hare International Airport,ORD,Chicago,United States,881,2.09,2026-12-15,01:41 PM
American Airlines,Airbus A319-115,A319,AA3109,Nashville International Airport,BNA,Nashville,United States,Miami International Airport,MIA,Miami,United States,702,1.71,2026-12-15,01:48 PM
American Airlines,Boeing 737-823,B738,AA2763,Dallas-Fort Worth International Airport,DFW,Dallas-Fort Worth,United States,General Edward Lawrence Logan International Airport,BOS,Boston,United States,1355,3.09,2026-12-15,03:41 PM
American Airlines,Boeing 737-823,B738,AA2178,Dallas-Fort Worth International Airport,DFW,Dallas-Fort Worth,United States,Salt Lake City International Airport,SLC,Salt Lake City,United States,858,2.04,2026-12-15,03:49 PM
American Airlines,Boeing 737-823,B738,AA2945,Charlotte/Douglas International Airport,CLT,Charlotte,United States,Jacksonville International Airport,JAX,Jacksonville,United States,286,0.83,2026-12-15,04:05 PM
United Airlines,Boeing 737-824,B738,UA2490,George Bush Intcntl/Houston Airport,IAH,Houston,United States,Seattle-Tacoma International Airport,SEA,Seattle,United States,1627,3.67,2026-12-15,04:06 PM
American Airlines,Boeing 737-823,B738,AA1035,Dallas-Fort Worth International Airport,DFW,Dallas-Fort Worth,United States,El Salvador International Airport,SAL,Santa Clara,El Salvador,1247,2.86,2026-12-15,04:54 PM
American Airlines,Boeing 737-823,B738,AA961,Chicago O'Hare International Airport,ORD,Chicago,United States,John F Kennedy International Airport,JFK,New York,United States,642,1.58,2026-12-15,05:52 PM
United Airlines,Boeing 737 MAX 9,B39M,UA1739,Newark Liberty International Airport,EWR,Newark,United States,Orlando International Airport,MCO,Orlando,United States,816,1.95,2026-12-15,05:55 PM
American Airlines,Boeing 737 MAX 8,B38M,AA3069,Miami International Airport,MIA,Miami,United States,Cyril E King Airport,STT,Charlotte Amalie,Virgin Islands Us,962,2.26,2026-12-15,06:12 PM
Spirit Airlines,Airbus A320-232,A320,NK212,Kansas City International Airport,MCI,Kansas City,United States,Orlando International Airport,MCO,Orlando,United States,932,2.19,2026-12-15,11:04 PM
American Airlines,Boeing 737-823,B738,AA813,Dallas-Fort Worth International Airport,DFW,Dallas-Fort Worth,United States,Ronald Reagan Washington Ntl Airport,DCA,Washington,United States,1034,2.41,2026-03-15,11:08 PM
American Airlines,Boeing 737-823,B738,AA1510,Laguardia Airport,LGA,New York,United States,Chicago O'Hare International Airport,ORD,Chicago,United States,636,1.57,2026-12-15,11:29 PM
American Airlines,Airbus A320-232,A320,AA2303,St Louis Lambert International Airport,STL,St Louis,United States,Phoenix Sky Harbor International Airport,PHX,Phoenix,United States,1094,2.54,2026-12-15,11:30 PM
United Airlines,Boeing 737 MAX 9,B39M,UA279,Los Angeles International Airport,LAX,Los Angeles,United States,Tampa International Airport,TPA,Tampa,United States,1872,4.19,2026-08-15,11:33 PM
Spirit Airlines,Airbus A321-231,A321,NK1628,La Aurora Airport,GUA,Guatemala City,Guatemala,George Bush Intcntl/Houston Airport,IAH,Houston,United States,962,2.26,2026-12-15,11:34 PM
American Airlines,Boeing 737-823,B738,AA3313,Minneapolis-St Paul International/Wold-Chamberlain Airport,MSP,Minneapolis,United States,Charlotte/Douglas International Airport,CLT,Charlotte,United States,808,1.93,2026-12-15,11:38 PM
Spirit Airlines,Airbus A320-232,A320,NK246,George Bush Intcntl/Houston Airport,IAH,Houston,United States,Hartsfield - Jackson Atlanta International Airport,ATL,Atlanta,United States,598,1.49,2026-12-15,11:41 PM
American Airlines,Airbus A320-232,A320,AA1441,General Mitchell International Airport,MKE,Milwaukee,United States,Dallas-Fort Worth International Airport,DFW,Dallas-Fort Worth,United States,742,1.79,2026-12-15,11:44 PM
United Airlines,Boeing 737 MAX 9,B39M,UA1946,Chicago O'Hare International Airport,ORD,Chicago,United States,Southwest Florida International Airport,RSW,Fort Myers,United States,977,2.29,2026-12-15,11:48 PM
Spirit Airlines,Airbus A320-232,A320,NK142,Las Americas International Airport,SDQ,Santo Domingo,Dominican Republic,Fort Lauderdale/Hollywood International Airport,FLL,Fort Lauderdale,United States,741,1.79,2026-12-15,11:56 PM
United Airlines,Boeing 737-824,B738,UA733,Austin-Bergstrom International Airport,AUS,Austin,United States,Chicago O'Hare International Airport,ORD,Chicago,United States,850,2.02,2026-12-15,11:59 PM
American Airlines,Airbus A321-231,A321,AA3118,Los Cabos International Airport,SJD,San Jose del Cabo,Mexico,Dallas-Fort Worth International Airport,DFW,Dallas-Fort Worth,United States,890,2.11,2026-03-16,12:09 AM
American Airlines,Boeing 737-823,B738,AA215,Cancun International Airport,CUN,Cancun,Mexico,Chicago O'Hare International Airport,ORD,Chicago,United States,1258,2.89,2026-12-16,12:18 AM
United Airlines,Boeing 737-724,B737,UA1785,Ronald Reagan Washington Ntl Airport,DCA,Washington,United States,George Bush Intcntl/Houston Airport,IAH,Houston,United States,1048,2.44,2026-12-16,12:24 AM
American Airlines,Airbus A319-112,A319,AA3162,John F Kennedy International Airport,JFK,New York,United States,Chicago O'Hare International Airport,ORD,Chicago,United States,642,1.58,2026-12-16,12:30 AM
United Airlines,Boeing 737-924(ER),B739,UA486,Cleveland-Hopkins International Airport,CLE,Cleveland,United States,Denver International Airport,DEN,Denver,United States,1041,2.43,2026-12-16,12:31 AM
United Airlines,Boeing 737 MAX 8,B38M,UA1412,Newark Liberty International Airport,EWR,Newark,United States,Southwest Florida International Airport,RSW,Fort Myers,United States,933,2.2,2026-12-16,12:33 AM
Spirit Airlines,Airbus A320-271N,A20N,NK863,El Dorado International Airport,BOG,Bogota,Colombia,Fort Lauderdale/Hollywood International Airport,FLL,Fort Lauderdale,United States,1329,3.04,2026-12-16,12:40 AM
United Airlines,Boeing 737-7V3,B737,UA3871,George Bush Intcntl/Houston Airport,IAH,Houston,United States,Chicago/Rockford International Airport,RFD,Chicago/Rockford,United States,793,1.9,2026-12-16,12:58 AM
American Airlines,Boeing 737 MAX 8,B38M,AA1112,Dallas-Fort Worth International Airport,DFW,Dallas-Fort Worth,United States,John Wayne/Orange County Airport,SNA,Santa Ana,United States,1045,2.43,2026-12-16,01:09 AM
American Airlines,Boeing 737-823,B738,AA1270,Dallas-Fort Worth International Airport,DFW,Dallas-Fort Worth,United States,San Antonio International Airport,SAT,San Antonio,United States,215,0.67,2026-12-16,01:10 AM
Spirit Airlines,Airbus A321-271NX,A21N,NK386,Louis Armstrong New Orleans International Airport,MSY,New Orleans,United States,Tampa International Airport,TPA,Tampa,United States,423,1.12,2026-12-16,01:10 AM
American Airlines,Boeing 737-823,B738,Unknown,Cincinnati/Northern Kentucky International Airport,CVG,Covington,United States,Denver International Airport,DEN,Denver,United States,927,2.18,2026-12-16,01:15 AM
Spirit Airlines,Airbus A320-232,A320,NK569,Norfolk International Airport,ORF,Norfolk,United States,Fort Lauderdale/Hollywood International Airport,FLL,Fort Lauderdale,United States,680,1.66,2026-12-16,01:41 AM
United Airlines,Boeing 737-824,B738,UA2306,Ronald Reagan Washington Ntl Airport,DCA,Washington,United States,George Bush Intcntl/Houston Airport,IAH,Houston,United States,1048,2.44,2026-12-16,01:46 AM
United Airlines,Boeing 757-224,B752,UA1372,San Francisco International Airport,SFO,San Francisco,United States,General Edward Lawrence Logan International Airport,BOS,Boston,United States,2344,5.19,2026-12-16,01:47 AM
American Airlines,Boeing 737-823,B738,AA1899,Indianapolis International Airport,IND,Indianapolis,United States,Los Angeles International Airport,LAX,Los Angeles,United States,1573,3.55,2026-12-16,01:52 AM
United Airlines,Boeing 737-824,B738,UA2340,Seattle-Tacoma International Airport,SEA,Seattle,United States,George Bush Intcntl/Houston Airport,IAH,Houston,United States,1627,3.67,2026-12-16,02:03 AM
American Airlines,Boeing 737 MAX 8,B38M,AA1006,Miami International Airport,MIA,Miami,United States,Louis Armstrong New Orleans International Airport,MSY,New Orleans,United States,586,1.46,2026-02-16,02:04 AM
United Airlines,Boeing 757-224,B752,UA2425,Newark Liberty International Airport,EWR,Newark,United States,George Bush Intcntl/Houston Airport,IAH,Houston,United States,1215,2.79,2026-12-16,02:17 AM
United Airlines,Boeing 737 MAX 8,B38M,UA1962,Newark Liberty International Airport,EWR,Newark,United States,Salt Lake City International Airport,SLC,Salt Lake City,United States,1706,3.84,2026-12-16,02:39 AM
United Airlines,Boeing 737-724,B737,UA2765,George Bush Intcntl/Houston Airport,IAH,Houston,United States,Ponciano Arriaga International Airport,SLP,San Luis Potosi,Mexico,553,1.39,2026-12-16,02:45 AM
Spirit Airlines,Airbus A320-271N,A20N,NK1480,Luis Munoz Marin International Airport,SJU,San Juan,Puerto Rico,Chicago O'Hare International Airport,ORD,Chicago,United States,1802,4.04,2026-12-16,02:47 AM
Spirit Airlines,Airbus A320-271N,A20N,NK1522,Detroit Metro Wayne County Airport,DTW,Detroit,United States,Orlando International Airport,MCO,Orlando,United States,834,1.99,2026-12-16,02:56 AM
Spirit Airlines,Airbus A320-271N,A20N,NK1401,Hartsfield - Jackson Atlanta International Airport,ATL,Atlanta,United States,Newark Liberty International Airport,EWR,Newark,United States,648,1.59,2026-07-16,03:23 AM
American Airlines,Airbus A320-214,A320,AA3056,Philadelphia International Airport,PHL,Philadelphia,United States,Charlotte/Douglas International Airport,CLT,Charlotte,United States,390,1.05,2026-12-16,03:32 AM
Spirit Airlines,Airbus A321-231,A321,NK754,Miami International Airport,MIA,Miami,United States,Newark Liberty International Airport,EWR,Newark,United States,945,2.22,2026-05-16,03:43 AM
United Airlines,Boeing 737-724,B737,UA1439,Dallas-Fort Worth International Airport,DFW,Dallas-Fort Worth,United States,Newark Liberty International Airport,EWR,Newark,United States,1190,2.74,2026-12-16,03:44 AM
United Airlines,Boeing 757-224,B752,UA2095,George Bush Intcntl/Houston Airport,IAH,Houston,United States,Los Angeles International Airport,LAX,Los Angeles,United States,1196,2.75,2026-08-16,03:45 AM
Spirit Airlines,Airbus A321-271NX,A21N,NK456,Fort Lauderdale/Hollywood International Airport,FLL,Fort Lauderdale,United States,Austin-Bergstrom International Airport,AUS,Austin,United States,959,2.25,2026-12-16,04:25 AM
American Airlines,Airbus A319-115,A319,AA2929,Dallas-Fort Worth International Airport,DFW,Dallas-Fort Worth,United States,Licenciado Manuel Crescencio Rejon Int Airport,MID,Merida,Mexico,819,1.96,2026-12-16,07:34 PM
United Airlines,Boeing 737-824,B738,UA622,Chicago O'Hare International Airport,ORD,Chicago,United States,Austin-Bergstrom International Airport,AUS,Austin,United States,850,2.02,2026-12-16,07:39 PM
United Airlines,Boeing 737-71Q,B737,UA1860,General Heriberto Jara International Airport,VER,Veracruz,Mexico,George Bush Intcntl/Houston Airport,IAH,Houston,United States,652,1.6,2026-12-16,07:40 PM
United Airlines,Boeing 737-824,B738,UA1575,Denver International Airport,DEN,Denver,United States,Philadelphia International Airport,PHL,Philadelphia,United States,1350,3.08,2026-12-16,07:48 PM
United Airlines,Boeing 737 MAX 8,B38M,UA1395,Denver International Airport,DEN,Denver,United States,Palm Beach International Airport,PBI,West Palm Beach,United States,1458,3.31,2026-03-16,07:49 PM
American Airlines,Airbus A319-112,A319,AA2882,Palm Beach International Airport,PBI,West Palm Beach,United States,Ronald Reagan Washington Ntl Airport,DCA,Washington,United States,747,1.8,2026-12-16,07:50 PM
United Airlines,Boeing 737-924(ER),B739,UA2341,Harry Reid International Airport,LAS,Las Vegas,United States,Newark Liberty International Airport,EWR,Newark,United States,1931,4.31,2026-12-16,07:57 PM
United Airlines,Boeing 767-322(ER),B763,UA21,Amsterdam Airport Schiphol,AMS,Amsterdam,Netherlands,George Bush Intcntl/Houston Airport,IAH,Houston,United States,4346,9.43,2026-12-16,07:57 PM
American Airlines,Boeing 777-323(ER),B77W,AA9781,Grissom Arb Airport,GUS,Peru,United States,Miami International Airport,MIA,Miami,United States,939,2.21,2026-03-16,08:02 PM
United Airlines,Boeing 737-724,B737,UA2250,San Antonio International Airport,SAT,San Antonio,United States,Washington Dulles International Airport,IAD,Washington,United States,1179,2.72,2026-12-16,08:03 PM
American Airlines,Boeing 737-823,B738,AA1686,John Wayne/Orange County Airport,SNA,Santa Ana,United States,Dallas-Fort Worth International Airport,DFW,Dallas-Fort Worth,United States,1045,2.43,2026-05-16,08:07 PM
United Airlines,Boeing 737 MAX 9,B39M,UA1756,George Bush Intcntl/Houston Airport,IAH,Houston,United States,General Edward Lawrence Logan International Airport,BOS,Boston,United States,1386,3.16,2026-12-16,08:08 PM
United Airlines,Boeing 737-724,B737,UA1574,Washington Dulles International Airport,IAD,Washington,United States,Austin-Bergstrom International Airport,AUS,Austin,United States,1123,2.6,2026-12-16,08:13 PM
American Airlines,Boeing 737-823,B738,AA3102,Phoenix Sky Harbor International Airport,PHX,Phoenix,United States,Nashville International Airport,BNA,Nashville,United States,1256,2.88,2026-12-16,08:18 PM
United Airlines,Boeing 737-924(ER),B739,UA473,Cleveland-Hopkins International Airport,CLE,Cleveland,United States,Denver International Airport,DEN,Denver,United States,1041,2.43,2026-12-16,08:28 PM
Spirit Airlines,Airbus A320-232,A320,NK560,Fort Lauderdale/Hollywood International Airport,FLL,Fort Lauderdale,United States,Laguardia Airport,LGA,New York,United States,937,2.21,2026-12-16,08:31 PM
United Airlines,Boeing 737-724,B737,UA1727,George Bush Intcntl/Houston Airport,IAH,Houston,United States,Baltimore/Washington International Thurgood Marshall Airport,BWI,Baltimore,United States,1072,2.49,2026-12-16,08:31 PM
United Airlines,Boeing 737 MAX 9,B39M,UA1611,San Antonio International Airport,SAT,San Antonio,United States,Newark Liberty International Airport,EWR,Newark,United States,1362,3.11,2026-12-16,08:33 PM
American Airlines,Airbus A319-115,A319,AA942,Austin-Bergstrom International Airport,AUS,Austin,United States,Philadelphia International Airport,PHL,Philadelphia,United States,1241,2.85,2026-12-16,08:34 PM
United Airlines,Airbus A319-132,A319,UA217,Austin-Bergstrom International Airport,AUS,Austin,United States,San Francisco International Airport,SFO,San Francisco,United States,1305,2.99,2026-12-16,09:26 PM
United Airlines,Boeing 757-224,B752,UA2380,Harry Reid International Airport,LAS,Las Vegas,United States,Newark Liberty International Airport,EWR,Newark,United States,1931,4.31,2026-12-16,09:33 PM
American Airlines,Boeing 737-823,B738,AA1691,Laguardia Airport,LGA,New York,United States,Dallas-Fort Worth International Airport,DFW,Dallas-Fort Worth,United States,1205,2.77,2026-12-16,09:49 PM
United Airlines,Boeing 737-824,B738,UA1563,Pittsburgh International Airport,PIT,Pittsburgh,United States,George Bush Intcntl/Houston Airport,IAH,Houston,United States,971,2.28,2026-12-16,09:53 PM
American Airlines,Boeing 737-823,B738,AA1654,Dallas-Fort Worth International Airport,DFW,Dallas-Fort Worth,United States,John F Kennedy International Airport,JFK,New York,United States,1207,2.78,2026-01-16,09:55 PM
American Airlines,Boeing 737 MAX 8,B38M,AA3279,Dallas-Fort Worth International Airport,DFW,Dallas-Fort Worth,United States,Laguardia Airport,LGA,New York,United States,1205,2.77,2026-12-16,10:03 PM
United Airlines,Boeing 737-924(ER),B739,UA1820,Providenciales Airport,PLS,Providenciales Island,Turks And Caicos Islands,Washington Dulles International Airport,IAD,Washington,United States,1063,2.47,2026-12-16,10:36 PM
American Airlines,Airbus A321-253NX,A21N,AA1140,Charlotte/Douglas International Airport,CLT,Charlotte,United States,John Wayne/Orange County Airport,SNA,Santa Ana,United States,1820,4.08,2026-12-16,10:41 PM
United Airlines,Boeing 737 MAX 9,B39M,UA2407,Raleigh-Durham International Airport,RDU,Raleigh/Durham,United States,George Bush Intcntl/Houston Airport,IAH,Houston,United States,905,2.14,2026-08-16,10:58 PM
American Airlines,Boeing 737 MAX 8,B38M,AA2733,Laguardia Airport,LGA,New York,United States,Miami International Airport,MIA,Miami,United States,955,2.24,2026-08-16,11:12 PM
American Airlines,Boeing 737-823,B738,AA946,Dallas-Fort Worth International Airport,DFW,Dallas-Fort Worth,United States,San Antonio International Airport,SAT,San Antonio,United States,215,0.67,2026-12-16,11:13 PM
United Airlines,Boeing 737 MAX 9,B39M,UA1854,Owen Roberts International Airport,GCM,Georgetown,Cayman Islands,George Bush Intcntl/Houston Airport,IAH,Houston,United States,996,2.33,2026-12-16,11:23 PM
American Airlines,Airbus A319-132,A319,AA2465,Jacksonville International Airport,JAX,Jacksonville,United States,Dallas-Fort Worth International Airport,DFW,Dallas-Fort Worth,United States,797,1.91,2026-12-16,11:35 PM
American Airlines,Boeing 737-823,B738,AA3277,Tampa International Airport,TPA,Tampa,United States,Chicago O'Hare International Airport,ORD,Chicago,United States,881,2.09,2026-12-16,11:40 PM
United Airlines,Boeing 737 MAX 8,B38M,UA324,Fort Lauderdale/Hollywood International Airport,FLL,Fort Lauderdale,United States,Newark Liberty International Airport,EWR,Newark,United States,927,2.18,2026-12-16,11:43 PM
United Airlines,Boeing 737 MAX 8,B38M,UA2070,Washington Dulles International Airport,IAD,Washington,United States,Pittsburgh International Airport,PIT,Pittsburgh,United States,158,0.55,2026-12-16,11:44 PM
American Airlines,Boeing 737-823,B738,AA814,Pittsburgh International Airport,PIT,Pittsburgh,United States,Los Angeles International Airport,LAX,Los Angeles,United States,1852,4.15,2026-08-16,11:52 PM
American Airlines,Boeing 737-823,B738,AA2583,Chicago O'Hare International Airport,ORD,Chicago,United States,Phoenix Sky Harbor International Airport,PHX,Phoenix,United States,1249,2.87,2026-12-17,12:00 AM
American Airlines,Airbus A319-112,A319,AA2353,Asheville Regional Airport,AVL,Asheville,United States,Dallas-Fort Worth International Airport,DFW,Dallas-Fort Worth,United States,735,1.78,2026-01-17,12:13 AM
American Airlines,Boeing 737-823,B738,AA2414,Washington Dulles International Airport,IAD,Washington,United States,Dallas-Fort Worth International Airport,DFW,Dallas-Fort Worth,United States,1014,2.37,2026-12-17,12:30 AM
United Airlines,Boeing 737-824,B738,UA2646,Laguardia Airport,LGA,New York,United States,George Bush Intcntl/Houston Airport,IAH,Houston,United States,1230,2.83,2026-12-17,12:51 AM
United Airlines,Boeing 737-824,B738,UA2235,Indianapolis International Airport,IND,Indianapolis,United States,George Bush Intcntl/Houston Airport,IAH,Houston,United States,734,1.78,2026-12-17,01:07 AM
American Airlines,Airbus A319-112,A319,AA2800,Orlando International Airport,MCO,Orlando,United States,Miami International Airport,MIA,Miami,United States,167,0.57,2026-12-17,01:16 AM
United Airlines,Boeing 737-824,B738,UA1998,George Bush Intcntl/Houston Airport,IAH,Houston,United States,Laguardia Airport,LGA,New York,United States,1230,2.83,2026-12-17,01:18 AM
United Airlines,Boeing 737-724,B737,UA2453,Raleigh-Durham International Airport,RDU,Raleigh/Durham,United States,Newark Liberty International Airport,EWR,Newark,United States,362,0.99,2026-12-17,01:23 AM
American Airlines,Boeing 737-823,B738,AA822,George Bush Intcntl/Houston Airport,IAH,Houston,United States,Dallas-Fort Worth International Airport,DFW,Dallas-Fort Worth,United States,195,0.63,2026-12-17,01:31 AM
United Airlines,Boeing 737-724,B737,UA330,Dallas-Fort Worth International Airport,DFW,Dallas-Fort Worth,United States,George Bush Intcntl/Houston Airport,IAH,Houston,United States,195,0.63,2026-12-17,01:40 AM
American Airlines,Boeing 737-823,B738,AA2308,Raleigh-Durham International Airport,RDU,Raleigh/Durham,United States,Los Angeles International Airport,LAX,Los Angeles,United States,1941,4.33,2026-07-17,01:40 AM
United Airlines,Boeing 737 MAX 8,B38M,UA2293,Jacksonville International Airport,JAX,Jacksonville,United States,Newark Liberty International Airport,EWR,Newark,United States,713,1.73,2026-12-17,01:47 AM
United Airlines,Boeing 737-924(ER),B739,UA1338,Fort Lauderdale/Hollywood International Airport,FLL,Fort Lauderdale,United States,George Bush Intcntl/Houston Airport,IAH,Houston,United States,838,2,2026-12-17,01:48 AM
United Airlines,Boeing 737 MAX 8,B38M,UA331,Denver International Airport,DEN,Denver,United States,Miami International Airport,MIA,Miami,United States,1484,3.37,2026-12-17,01:49 AM
American Airlines,Boeing 737 MAX 8,B38M,AA2844,Phoenix Sky Harbor International Airport,PHX,Phoenix,United States,Jacksonville International Airport,JAX,Jacksonville,United States,1549,3.5,2026-12-17,01:54 AM
United Airlines,Airbus A319-131,A319,UA1565,Denver International Airport,DEN,Denver,United States,Dallas-Fort Worth International Airport,DFW,Dallas-Fort Worth,United States,557,1.4,2026-12-17,01:56 AM
United Airlines,Boeing 737-824,B738,UA1615,Denver International Airport,DEN,Denver,United States,Cincinnati/Northern Kentucky International Airport,CVG,Covington,United States,927,2.18,2026-05-17,02:43 AM
United Airlines,Boeing 737 MAX 8,B38M,UA312,Miami International Airport,MIA,Miami,United States,Newark Liberty International Airport,EWR,Newark,United States,945,2.22,2026-12-17,02:44 AM
United Airlines,Boeing 737 MAX 8,B38M,UA2864,George Bush Intcntl/Houston Airport,IAH,Houston,United States,Charlotte/Douglas International Airport,CLT,Charlotte,United States,792,1.9,2026-12-17,02:47 AM
American Airlines,Boeing 737-823,B738,AA1624,Phoenix Sky Harbor International Airport,PHX,Phoenix,United States,Cleveland-Hopkins International Airport,CLE,Cleveland,United States,1507,3.41,2026-04-17,02:49 AM
American Airlines,Airbus A319-132,A319,AA3296,Ronald Reagan Washington Ntl Airport,DCA,Washington,United States,Chicago O'Hare International Airport,ORD,Chicago,United States,531,1.34,2026-02-17,02:53 AM
United Airlines,Boeing 737 MAX 8,B38M,UA1534,Denver International Airport,DEN,Denver,United States,Richmond International Airport,RIC,Richmond,United States,1285,2.94,2026-12-17,02:53 AM
United Airlines,Boeing 737-924(ER),B739,UA2496,Harry Reid International Airport,LAS,Las Vegas,United States,Newark Liberty International Airport,EWR,Newark,United States,1931,4.31,2026-12-17,02:56 AM
United Airlines,Boeing 737-824,B738,UA680,Denver International Airport,DEN,Denver,United States,Norfolk International Airport,ORF,Norfolk,United States,1346,3.07,2026-12-17,03:22 AM
American Airlines,Boeing 737-823,B738,AA2311,Chicago O'Hare International Airport,ORD,Chicago,United States,Harry Reid International Airport,LAS,Las Vegas,United States,1313,3,2026-12-17,03:40 AM
American Airlines,Boeing 737 MAX 8,B38M,AA1109,Miami International Airport,MIA,Miami,United States,Ronald Reagan Washington Ntl Airport,DCA,Washington,United States,801,1.92,2026-12-17,04:11 AM
United Airlines,Boeing 737 MAX 8,B38M,UA1333,Denver International Airport,DEN,Denver,United States,Laguardia Airport,LGA,New York,United States,1404,3.2,2026-12-17,04:16 AM
American Airlines,Boeing 737-823,B738,AA1160,Charlotte/Douglas International Airport,CLT,Charlotte,United States,Philadelphia International Airport,PHL,Philadelphia,United States,390,1.05,2026-12-17,04:24 AM
American Airlines,Airbus A321-253NX,A21N,AA1565,Phoenix Sky Harbor International Airport,PHX,Phoenix,United States,Miami International Airport,MIA,Miami,United States,1711,3.85,2026-12-17,04:54 AM
United Airlines,Boeing 737-824,B738,UA1871,San Francisco International Airport,SFO,San Francisco,United States,Denver International Airport,DEN,Denver,United States,838,2,2026-12-17,05:06 AM
United Airlines,Boeing 737 MAX 8,B38M,UA1007,San Francisco International Airport,SFO,San Francisco,United States,Seattle-Tacoma International Airport,SEA,Seattle,United States,590,1.47,2026-04-17,05:08 AM
American Airlines,Airbus A321-231,A321,AA1751,Dallas-Fort Worth International Airport,DFW,Dallas-Fort Worth,United States,Laguardia Airport,LGA,New York,United States,1205,2.77,2026-12-17,05:15 AM
American Airlines,Boeing 737-823,B738,AA2347,Miami International Airport,MIA,Miami,United States,George Bush Intcntl/Houston Airport,IAH,Houston,United States,837,1.99,2026-12-17,05:55 AM
United Airlines,Boeing 737 MAX 8,B38M,UA1074,San Francisco International Airport,SFO,San Francisco,United States,Santa Barbara Municipal Airport,SBA,Santa Barbara,United States,230,0.71,2026-12-17,06:26 AM
United Airlines,Boeing 737 MAX 9,B39M,UA1995,Harry Reid International Airport,LAS,Las Vegas,United States,Newark Liberty International Airport,EWR,Newark,United States,1931,4.31,2026-12-17,07:23 AM
United Airlines,Boeing 737 MAX 8,B38M,UA504,San Francisco International Airport,SFO,San Francisco,United States,Harry Reid International Airport,LAS,Las Vegas,United States,359,0.98,2026-12-17,07:34 AM
American Airlines,Boeing 777-223(ER),B772,AA82,Auckland International Airport,AKL,Auckland,New Zealand,Los Angeles International Airport,LAX,Los Angeles,United States,5662,12.22,2026-12-17,08:23 AM
United Airlines,Boeing 737 MAX 8,B38M,UA2740,Jose Maria Cordova International Airport,MDE,Rionegro,Colombia,George Bush Intcntl/Houston Airport,IAH,Houston,United States,1820,4.08,2026-12-17,08:53 AM
American Airlines,Boeing 737-823,B738,AA1499,Cleveland-Hopkins International Airport,CLE,Cleveland,United States,Dallas-Fort Worth International Airport,DFW,Dallas-Fort Worth,United States,886,2.1,2026-12-17,11:05 AM
American Airlines,Boeing 737-823,B738,AA2560,Luis Munoz Marin International Airport,SJU,San Juan,Puerto Rico,Miami International Airport,MIA,Miami,United States,908,2.14,2026-12-17,11:39 AM
Spirit Airlines,Airbus A320-232,A320,NK1007,Philadelphia International Airport,PHL,Philadelphia,United States,Fort Lauderdale/Hollywood International Airport,FLL,Fort Lauderdale,United States,864,2.05,2026-12-17,11:54 AM
American Airlines,Boeing 737-823,B738,AA2605,Raleigh-Durham International Airport,RDU,Raleigh/Durham,United States,Dallas-Fort Worth International Airport,DFW,Dallas-Fort Worth,United States,920,2.17,2026-12-17,12:58 PM
Spirit Airlines,Airbus A320-232,A320,NK901,Hartsfield - Jackson Atlanta International Airport,ATL,Atlanta,United States,Orlando International Airport,MCO,Orlando,United States,351,0.96,2026-07-17,01:32 PM
China United Airlines,Boeing 737-89P,B738,KN5982,Wenzhou Yongqiang Airport,WNZ,Wenzhou,China,Beijing Daxing International Airport,PKX,Beijing,China,730,1.77,2026-12-17,01:55 PM
American Airlines,Boeing 737-823,B738,AA3332,Dallas-Fort Worth International Airport,DFW,Dallas-Fort Worth,United States,Kansas City International Airport,MCI,Kansas City,United States,400,1.07,2026-12-17,02:13 PM
American Airlines,Boeing 737-823,B738,AA2141,Miami International Airport,MIA,Miami,United States,Luis Munoz Marin International Airport,SJU,San Juan,Puerto Rico,908,2.14,2026-12-17,03:39 PM
United Airlines,Boeing 737 MAX 8,B38M,UA1456,Newark Liberty International Airport,EWR,Newark,United States,Lynden Pindling International Airport,NAS,Nassau,Bahamas,954,2.24,2026-12-17,03:46 PM
American Airlines,Boeing 737 MAX 8,B38M,AA2519,Miami International Airport,MIA,Miami,United States,Denver International Airport,DEN,Denver,United States,1484,3.37,2026-12-17,04:04 PM
American Airlines,Boeing 737-823,B738,AA1976,Miami International Airport,MIA,Miami,United States,Laguardia Airport,LGA,New York,United States,955,2.24,2026-12-17,04:50 PM
Spirit Airlines,Airbus A320-232,A320,NK522,George Bush Intcntl/Houston Airport,IAH,Houston,United States,Ramon Villeda Morales International Airport,SAP,La Mesa,Honduras,964,2.26,2026-12-17,04:56 PM
United Airlines,Boeing 737 MAX 8,B38M,UA1554,Fort Lauderdale/Hollywood International Airport,FLL,Fort Lauderdale,United States,Denver International Airport,DEN,Denver,United States,1479,3.35,2026-12-17,04:58 PM
American Airlines,Airbus A321-231,A321,AA255,John F Kennedy International Airport,JFK,New York,United States,Los Angeles International Airport,LAX,Los Angeles,United States,2146,4.77,2026-12-17,05:15 PM
American Airlines,Boeing 737 MAX 8,B38M,AA329,Miami International Airport,MIA,Miami,United States,Comayagua-Palmerola International Airport,XPL,Comayagua,Honduras,800,1.92,2026-12-17,05:18 PM
United Airlines,Boeing 777-222,B772,UA2087,Denver International Airport,DEN,Denver,United States,Washington Dulles International Airport,IAD,Washington,United States,1258,2.89,2026-12-17,05:34 PM
China United Airlines,Boeing 737-89P,B738,KN898,Wattay International Airport,VTE,Vientiane,Laos,Beijing Daxing International Airport,PKX,Beijing,China,1479,3.35,2026-12-18,12:31 AM
China United Airlines,Boeing 737-89P,B738,KN5751,Foshan Shadi Airport,FUO,Foshan,China,Wenzhou Yongqiang Airport,WNZ,Wenzhou,China,512,1.3,2026-12-18,10:35 AM
China United Airlines,Boeing 737-89P,B738,KN2398,Sanya Phoenix International Airport,SYX,Sanya,China,Shijiazhuang Daguocun International Airport,SJW,Shijiazhuang,China,1231,2.83,2026-12-18,10:43 AM
China United Airlines,Boeing 737-86N,B738,KN5357,Beijing Daxing International Airport,PKX,Beijing,China,Changzhoudao Airport,WUZ,Wuzhou,China,998,2.33,2026-12-19,04:23 AM
China United Airlines,Boeing 737-89P,B738,KN5308,Huizhou Airport,HUZ,Huizhou,China,Beijing Daxing International Airport,PKX,Beijing,China,992,2.32,2026-12-19,07:14 AM
American Airlines,Boeing 737-823,B738,AA815,Miami International Airport,MIA,Miami,United States,Laguardia Airport,LGA,New York,United States,955,2.24,2026-12-19,04:57 PM
American Airlines,Boeing 737-823,B738,AA1719,Baltimore/Washington International Thurgood Marshall Airport,BWI,Baltimore,United States,Miami International Airport,MIA,Miami,United States,824,1.97,2026-12-19,04:58 PM
American Airlines,Boeing 737-823,B738,AA3084,Miami International Airport,MIA,Miami,United States,Robert L. Bradshaw International Airport,SKB,Basseterre,Saint Kitts And Nevis,1104,2.56,2026-12-19,05:05 PM
American Airlines,Airbus A319-115,A319,AA914,Philadelphia International Airport,PHL,Philadelphia,United States,Princess Juliana International Airport,SXM,Saint Martin,Netherlands,1454,3.3,2026-12-19,05:08 PM
United Airlines,Boeing 757-224,B752,UA1638,Denver International Airport,DEN,Denver,United States,Los Angeles International Airport,LAX,Los Angeles,United States,748,1.8,2026-12-19,05:10 PM
United Airlines,Boeing 737-724,B737,UA2205,George Bush Intcntl/Houston Airport,IAH,Houston,United States,Eagle County Regional Airport,EGE,Eagle,United States,812,1.94,2026-12-19,05:13 PM
American Airlines,Boeing 737-823,B738,AA1503,Chicago O'Hare International Airport,ORD,Chicago,United States,Cancun International Airport,CUN,Cancun,Mexico,1258,2.89,2026-12-19,05:24 PM
United Airlines,Boeing 737 MAX 9,B39M,UA1653,Cancun International Airport,CUN,Cancun,Mexico,Los Angeles International Airport,LAX,Los Angeles,United States,1839,4.12,2026-12-19,05:38 PM
American Airlines,Boeing 737-823,B738,AA1323,Ronald Reagan Washington Ntl Airport,DCA,Washington,United States,Miami International Airport,MIA,Miami,United States,801,1.92,2026-12-19,05:45 PM
United Airlines,Boeing 737 MAX 9,B39M,UA2495,Luis Munoz Marin International Airport,SJU,San Juan,Puerto Rico,George Bush Intcntl/Houston Airport,IAH,Houston,United States,1743,3.91,2026-12-19,05:49 PM
American Airlines,Boeing 787-8 Dreamliner,B788,AA3117,Miami International Airport,MIA,Miami,United States,San Francisco International Airport,SFO,San Francisco,United States,2243,4.97,2026-12-19,05:54 PM
American Airlines,Boeing 737 MAX 8,B38M,AA2300,Chicago O'Hare International Airport,ORD,Chicago,United States,Licenciado Gustavo Diaz Ordaz International Airport,PVR,Puerto Vallarta,Mexico,1551,3.51,2026-12-19,05:59 PM
United Airlines,Boeing 737-724,B737,UA1611,John Wayne/Orange County Airport,SNA,Santa Ana,United States,Newark Liberty International Airport,EWR,Newark,United States,2110,4.69,2026-08-19,06:04 PM
American Airlines,Airbus A319-115,A319,AA894,Chicago O'Hare International Airport,ORD,Chicago,United States,Cyril E King Airport,STT,Charlotte Amalie,Virgin Islands Us,1840,4.12,2026-12-19,06:35 PM
United Airlines,Boeing 737 MAX 8,B38M,UA2440,Fort Lauderdale/Hollywood International Airport,FLL,Fort Lauderdale,United States,San Francisco International Airport,SFO,San Francisco,United States,2241,4.97,2026-12-19,06:57 PM
United Airlines,Boeing 737-824,B738,UA1881,San Francisco International Airport,SFO,San Francisco,United States,Los Cabos International Airport,SJD,San Jose del Cabo,Mexico,1086,2.52,2026-12-19,07:02 PM
United Airlines,Airbus A321-271NX,A21N,UA2657,Chicago O'Hare International Airport,ORD,Chicago,United States,George Bush Intcntl/Houston Airport,IAH,Houston,United States,805,1.93,2026-12-19,07:09 PM
American Airlines,Boeing 737-823,B738,AA1198,Dallas-Fort Worth International Airport,DFW,Dallas-Fort Worth,United States,Minneapolis-St Paul International/Wold-Chamberlain Airport,MSP,Minneapolis,United States,741,1.79,2026-12-19,07:12 PM
United Airlines,Boeing 737-824,B738,UA1127,Los Cabos International Airport,SJD,San Jose del Cabo,Mexico,Denver International Airport,DEN,Denver,United States,1036,2.42,2026-12-19,07:20 PM
American Airlines,Boeing 777-223(ER),B772,AA613,Miami International Airport,MIA,Miami,United States,Phoenix Sky Harbor International Airport,PHX,Phoenix,United States,1711,3.85,2026-12-19,07:34 PM
American Airlines,Airbus A319-115,A319,AA2558,Dallas-Fort Worth International Airport,DFW,Dallas-Fort Worth,United States,Asheville Regional Airport,AVL,Asheville,United States,735,1.78,2026-12-19,07:34 PM
Spirit Airlines,Airbus A320-232,A320,NK3971,Miami International Airport,MIA,Miami,United States,Charlotte/Douglas International Airport,CLT,Charlotte,United States,567,1.42,2026-12-19,07:36 PM
American Airlines,Boeing 737 MAX 8,B38M,AA1613,Luis Munoz Marin International Airport,SJU,San Juan,Puerto Rico,Miami International Airport,MIA,Miami,United States,908,2.14,2026-12-19,07:50 PM
American Airlines,Boeing 737-823,B738,AA3292,Licenciado Gustavo Diaz Ordaz International Airport,PVR,Puerto Vallarta,Mexico,Dallas-Fort Worth International Airport,DFW,Dallas-Fort Worth,United States,855,2.03,2026-12-19,07:53 PM
United Airlines,Boeing 737 MAX 8,B38M,UA381,Austin-Bergstrom International Airport,AUS,Austin,United States,Chicago O'Hare International Airport,ORD,Chicago,United States,850,2.02,2026-12-19,07:59 PM
American Airlines,Boeing 737-823,B738,AA2836,Miami International Airport,MIA,Miami,United States,Ronald Reagan Washington Ntl Airport,DCA,Washington,United States,801,1.92,2026-12-19,08:00 PM
United Airlines,Boeing 737 MAX 8,B38M,UA2449,Los Angeles International Airport,LAX,Los Angeles,United States,Harry Reid International Airport,LAS,Las Vegas,United States,205,0.65,2026-12-19,08:28 PM
American Airlines,Airbus A321-253NX,A21N,AA1496,Dallas-Fort Worth International Airport,DFW,Dallas-Fort Worth,United States,Phoenix Sky Harbor International Airport,PHX,Phoenix,United States,753,1.82,2026-12-19,08:42 PM
American Airlines,Boeing 737 MAX 8,B38M,AA3315,Princess Juliana International Airport,SXM,Saint Martin,Netherlands,Miami International Airport,MIA,Miami,United States,1063,2.47,2026-08-19,08:43 PM
American Airlines,Airbus A319-115,A319,AA2306,Cyril E King Airport,STT,Charlotte Amalie,Virgin Islands Us,John F Kennedy International Airport,JFK,New York,United States,1414,3.22,2026-12-19,08:44 PM
United Airlines,Boeing 737 MAX 8,B38M,UA2370,Chicago O'Hare International Airport,ORD,Chicago,United States,Miami International Airport,MIA,Miami,United States,1042,2.43,2026-12-19,08:48 PM
United Airlines,Boeing 737 MAX 9,B39M,UA2356,San Francisco International Airport,SFO,San Francisco,United States,General Edward Lawrence Logan International Airport,BOS,Boston,United States,2344,5.19,2026-12-19,08:53 PM
American Airlines,Boeing 777-223(ER),B772,AA295,Dallas-Fort Worth International Airport,DFW,Dallas-Fort Worth,United States,Kahului Airport,OGG,Kahului,United States,3219,7.04,2026-12-19,08:59 PM
United Airlines,Boeing 737-724,B737,UA517,John Wayne/Orange County Airport,SNA,Santa Ana,United States,George Bush Intcntl/Houston Airport,IAH,Houston,United States,1168,2.7,2026-12-19,09:27 PM
American Airlines,Boeing 737 MAX 8,B38M,AA2743,Los Angeles International Airport,LAX,Los Angeles,United States,Chicago O'Hare International Airport,ORD,Chicago,United States,1513,3.43,2026-12-19,09:28 PM
American Airlines,Airbus A319-115,A319,AA2609,Cyril E King Airport,STT,Charlotte Amalie,Virgin Islands Us,Philadelphia International Airport,PHL,Philadelphia,United States,1398,3.18,2026-12-19,09:44 PM
American Airlines,Boeing 737-823,B738,AA1959,Austin-Bergstrom International Airport,AUS,Austin,United States,Charlotte/Douglas International Airport,CLT,Charlotte,United States,896,2.12,2026-12-19,09:57 PM
United Airlines,Boeing 737 MAX 9,B39M,UA2441,San Francisco International Airport,SFO,San Francisco,United States,Phoenix Sky Harbor International Airport,PHX,Phoenix,United States,565,1.42,2026-07-19,10:11 PM
American Airlines,Boeing 787-8 Dreamliner,B788,AA982,Ministro Pistarini International Airport,EZE,Ezeiza,Argentina,Miami International Airport,MIA,Miami,United States,3844,8.37,2026-12-19,10:19 PM
United Airlines,Boeing 737 MAX 8,B38M,UA1936,George Bush Intcntl/Houston Airport,IAH,Houston,United States,Laguardia Airport,LGA,New York,United States,1230,2.83,2026-07-19,10:22 PM
American Airlines,Boeing 737 MAX 8,B38M,AA2478,Princess Juliana International Airport,SXM,Saint Martin,Netherlands,Charlotte/Douglas International Airport,CLT,Charlotte,United States,1402,3.19,2026-12-19,10:28 PM
American Airlines,Boeing 737-823,B738,AA1802,Dallas-Fort Worth International Airport,DFW,Dallas-Fort Worth,United States,Newark Liberty International Airport,EWR,Newark,United States,1190,2.74,2026-12-19,10:31 PM
United Airlines,Boeing 737 MAX 8,B38M,UA2099,San Francisco International Airport,SFO,San Francisco,United States,Harry Reid International Airport,LAS,Las Vegas,United States,359,0.98,2026-12-19,10:33 PM
United Airlines,Airbus A319-131,A319,UA1789,San Antonio International Airport,SAT,San Antonio,United States,Denver International Airport,DEN,Denver,United States,691,1.68,2026-12-19,10:47 PM
American Airlines,Boeing 737 MAX 8,B38M,AA373,Chicago O'Hare International Airport,ORD,Chicago,United States,Juan Santamaria International Airport,SJO,San Jose,Costa Rica,1930,4.31,2026-12-19,10:48 PM
United Airlines,Boeing 737 MAX 8,B38M,UA1084,Palm Springs International Airport,PSP,Palm Springs,United States,Washington Dulles International Airport,IAD,Washington,United States,1896,4.24,2026-12-19,11:19 PM
United Airlines,Airbus A319-131,A319,UA2236,Toronto Pearson International Airport,YYZ,Mississauga,Canada,George Bush Intcntl/Houston Airport,IAH,Houston,United States,1112,2.58,2026-12-19,11:25 PM
American Airlines,Boeing 737 MAX 8,B38M,AA2482,San Diego International Airport,SAN,San Diego,United States,Miami International Airport,MIA,Miami,United States,1967,4.39,2026-12-19,11:49 PM
American Airlines,Airbus A321-231,A321,AA30,Queen Beatrix International Airport,AUA,Oranjestad,Aruba,Chicago O'Hare International Airport,ORD,Chicago,United States,2002,4.46,2026-12-20,12:00 AM
American Airlines,Airbus A321-231,A321,AA2535,San Diego International Airport,SAN,San Diego,United States,Dallas-Fort Worth International Airport,DFW,Dallas-Fort Worth,United States,1015,2.37,2026-12-20,12:05 AM
American Airlines,Boeing 787-8 Dreamliner,B788,AA1557,San Francisco International Airport,SFO,San Francisco,United States,Miami International Airport,MIA,Miami,United States,2243,4.97,2026-12-20,12:09 AM
American Airlines,Boeing 737-823,B738,AA2850,Orlando International Airport,MCO,Orlando,United States,Chicago O'Hare International Airport,ORD,Chicago,United States,875,2.07,2026-12-20,12:13 AM
United Airlines,Boeing 737-824,B738,UA1151,Philip S. W. Goldson International Airport,BZE,Belize City,Belize,Chicago O'Hare International Airport,ORD,Chicago,United States,1467,3.33,2026-12-20,12:17 AM
American Airlines,Boeing 737 MAX 8,B38M,AA2503,Licenciado Gustavo Diaz Ordaz International Airport,PVR,Puerto Vallarta,Mexico,Chicago O'Hare International Airport,ORD,Chicago,United States,1551,3.51,2026-12-20,12:24 AM
United Airlines,Boeing 737 MAX 8,B38M,UA2134,Denver International Airport,DEN,Denver,United States,Philip S. W. Goldson International Airport,BZE,Belize City,Belize,1587,3.58,2026-12-20,12:28 AM
American Airlines,Airbus A319-115,A319,AA2791,Chicago O'Hare International Airport,ORD,Chicago,United States,Denver International Airport,DEN,Denver,United States,770,1.85,2026-04-20,12:50 AM
American Airlines,Boeing 737-823,B738,AA3157,Miami International Airport,MIA,Miami,United States,Salt Lake City International Airport,SLC,Salt Lake City,United States,1813,4.06,2026-08-20,01:01 AM
American Airlines,Boeing 737-823,B738,AA1626,Dallas-Fort Worth International Airport,DFW,Dallas-Fort Worth,United States,Laguardia Airport,LGA,New York,United States,1205,2.77,2026-12-20,01:05 AM
United Airlines,Boeing 737 MAX 8,B38M,UA706,Harry Reid International Airport,LAS,Las Vegas,United States,Chicago O'Hare International Airport,ORD,Chicago,United States,1313,3,2026-12-20,01:06 AM
American Airlines,Boeing 777-323(ER),B77W,AA9791,Dallas-Fort Worth International Airport,DFW,Dallas-Fort Worth,United States,John F Kennedy International Airport,JFK,New York,United States,1207,2.78,2026-03-20,01:13 AM
American Airlines,Boeing 737 MAX 8,B38M,AA250,Licenciado Benito Juarez International Airport,MEX,Mexico City,Mexico,Chicago O'Hare International Airport,ORD,Chicago,United States,1468,3.33,2026-12-20,01:23 AM
American Airlines,Boeing 737-823,B738,AA2383,Providenciales Airport,PLS,Providenciales Island,Turks And Caicos Islands,Dallas-Fort Worth International Airport,DFW,Dallas-Fort Worth,United States,1475,3.35,2026-01-20,01:26 AM
American Airlines,Airbus A321-231,A321,AA3222,Los Angeles International Airport,LAX,Los Angeles,United States,Dallas-Fort Worth International Airport,DFW,Dallas-Fort Worth,United States,1071,2.49,2026-12-20,01:42 AM
American Airlines,Boeing 737-823,B738,AA1596,Phoenix Sky Harbor International Airport,PHX,Phoenix,United States,Cleveland-Hopkins International Airport,CLE,Cleveland,United States,1507,3.41,2026-12-20,01:44 AM
United Airlines,Boeing 737-824,B738,UA715,Washington Dulles International Airport,IAD,Washington,United States,Palm Beach International Airport,PBI,West Palm Beach,United States,745,1.8,2026-12-20,01:46 AM
Spirit Airlines,Airbus A320-232,A320,NK231,Dallas-Fort Worth International Airport,DFW,Dallas-Fort Worth,United States,Harry Reid International Airport,LAS,Las Vegas,United States,915,2.16,2026-12-20,02:00 AM
United Airlines,Boeing 737-724,B737,UA1301,Chicago O'Hare International Airport,ORD,Chicago,United States,Wichita Dwight D Eisenhower Ntl Airport,ICT,Wichita,United States,510,1.3,2026-12-20,02:01 AM
American Airlines,Airbus A319-115,A319,AA3190,John F Kennedy International Airport,JFK,New York,United States,Charlotte/Douglas International Airport,CLT,Charlotte,United States,470,1.22,2026-12-20,02:06 AM
American Airlines,Airbus A321-253NX,A21N,AA1643,Dallas-Fort Worth International Airport,DFW,Dallas-Fort Worth,United States,Miami International Airport,MIA,Miami,United States,973,2.28,2026-12-20,02:14 AM
American Airlines,Boeing 737 MAX 8,B38M,AA1986,Miami International Airport,MIA,Miami,United States,Norman Manley International Airport,KIN,Kingston,Jamaica,511,1.3,2026-12-20,02:23 AM
United Airlines,Boeing 737 MAX 8,B38M,UA275,George Bush Intcntl/Houston Airport,IAH,Houston,United States,La Aurora Airport,GUA,Guatemala City,Guatemala,962,2.26,2026-12-20,02:43 AM
American Airlines,Boeing 737-823,B738,AA2276,Laguardia Airport,LGA,New York,United States,Miami International Airport,MIA,Miami,United States,955,2.24,2026-12-20,02:52 AM
American Airlines,Boeing 737-823,B738,AA2474,Dallas-Fort Worth International Airport,DFW,Dallas-Fort Worth,United States,Southwest Florida International Airport,RSW,Fort Myers,United States,881,2.09,2026-12-20,03:15 AM
American Airlines,Airbus A319-112,A319,AA1107,Chicago O'Hare International Airport,ORD,Chicago,United States,Spokane International Airport,GEG,Spokane,United States,1298,2.97,2026-04-20,03:26 AM
United Airlines,Boeing 737 MAX 8,B38M,UA2478,Newark Liberty International Airport,EWR,Newark,United States,Southwest Florida International Airport,RSW,Fort Myers,United States,933,2.2,2026-12-20,03:38 AM
American Airlines,Boeing 737-823,B738,AA1308,Dallas-Fort Worth International Airport,DFW,Dallas-Fort Worth,United States,Philadelphia International Airport,PHL,Philadelphia,United States,1130,2.61,2026-08-20,03:41 AM
United Airlines,Boeing 737 MAX 9,B39M,UA1887,George Bush Intcntl/Houston Airport,IAH,Houston,United States,Washington Dulles International Airport,IAD,Washington,United States,1030,2.4,2026-12-20,03:42 AM
United Airlines,Boeing 737 MAX 9,B39M,UA2335,Newark Liberty International Airport,EWR,Newark,United States,Jacksonville International Airport,JAX,Jacksonville,United States,713,1.73,2026-12-20,03:48 AM
United Airlines,Boeing 787-10 Dreamliner,B78X,UA203,Kahului Airport,OGG,Kahului,United States,Chicago O'Hare International Airport,ORD,Chicago,United States,3631,7.92,2026-12-20,03:52 AM
United Airlines,Boeing 737 MAX 8,B38M,UA2071,Chicago O'Hare International Airport,ORD,Chicago,United States,Bozeman Yellowstone International Airport,BZN,Bozeman,United States,1028,2.4,2026-12-20,03:53 AM
United Airlines,Boeing 737-724,B737,UA1620,Newark Liberty International Airport,EWR,Newark,United States,Washington Dulles International Airport,IAD,Washington,United States,188,0.62,2026-12-20,03:55 AM
United Airlines,Boeing 737-924(ER),B739,UA755,Washington Dulles International Airport,IAD,Washington,United States,General Edward Lawrence Logan International Airport,BOS,Boston,United States,361,0.98,2026-12-20,04:07 AM
American Airlines,Airbus A319-115,A319,AA1195,Chicago O'Hare International Airport,ORD,Chicago,United States,Louis Armstrong New Orleans International Airport,MSY,New Orleans,United States,728,1.76,2026-12-20,04:15 AM
United Airlines,Airbus A320-232,A320,UA1066,Los Angeles International Airport,LAX,Los Angeles,United States,Salt Lake City International Airport,SLC,Salt Lake City,United States,513,1.31,2026-12-20,04:16 AM
United Airlines,Airbus A321-271NX,A21N,UA2211,Chicago O'Hare International Airport,ORD,Chicago,United States,Seattle-Tacoma International Airport,SEA,Seattle,United States,1491,3.38,2026-12-20,04:26 AM
Spirit Airlines,Airbus A320-232,A320,NK310,General Edward Lawrence Logan International Airport,BOS,Boston,United States,Luis Munoz Marin International Airport,SJU,San Juan,Puerto Rico,1459,3.31,2026-12-20,04:27 AM
United Airlines,Boeing 737 MAX 8,B38M,UA1502,Newark Liberty International Airport,EWR,Newark,United States,Fort Lauderdale/Hollywood International Airport,FLL,Fort Lauderdale,United States,927,2.18,2026-12-20,04:29 AM
United Airlines,Boeing 787-9 Dreamliner,B789,UA1340,Newark Liberty International Airport,EWR,Newark,United States,San Francisco International Airport,SFO,San Francisco,United States,2224,4.93,2026-12-20,04:31 AM
American Airlines,Airbus A320-214,A320,AA2710,Philadelphia International Airport,PHL,Philadelphia,United States,Salt Lake City International Airport,SLC,Salt Lake City,United States,1670,3.76,2026-07-20,04:37 AM
United Airlines,Boeing 777-224(ER),B772,UA829,San Francisco International Airport,SFO,San Francisco,United States,Sydney Kingsford Smith International Airport,SYD,Sydney,Australia,6452,13.9,2026-12-20,05:39 PM
American Airlines,Boeing 737-823,B738,AA922,Hewanorra International Airport,UVF,Vieux Fort,Saint Lucia,John F Kennedy International Airport,JFK,New York,United States,1750,3.93,2026-12-20,07:12 PM
American Airlines,Boeing 737 MAX 8,B38M,AA3319,Hewanorra International Airport,UVF,Vieux Fort,Saint Lucia,Miami International Airport,MIA,Miami,United States,1308,2.99,2026-03-20,08:35 PM
